distance_km,driver_experience_years,restaurant_rating,order_items,preparation_time_min,weather,traffic_level,time_of_day,vehicle_type,delivery_area,day_of_week,delivery_time_min
0.65,2.7,,1,11.3,Cloudy,Medium,Evening,Bike,Urban,Saturday,27.1
1.75,7.3,4.1,7,24.3,Clear,Medium,Afternoon,Car,Urban,Thursday,34.3
4.84,3.3,3.6,2,23.3,Clear,High,Evening,Bicycle,Urban,Tuesday,67.3
1.73,2.6,4.2,4,24.3,Storm,Medium,Evening,Bike,Urban,Tuesday,50.1
7.82,1.6,4.2,7,16.5,Clear,High,Morning,Car,Urban,Wednesday,64.8
8.61,,4.5,2,12.4,Clear,Low,Night,Car,Urban,Wednesday,32.9
8.3,2.9,4.1,2,17.3,,High,Evening,Car,Suburban,Monday,68.3
0.84,5.2,4.0,4,11.0,Fog,Medium,Evening,Scooter,Suburban,Saturday,30.2
4.6,3.8,4.4,4,17.6,Rain,High,Morning,Bike,Suburban,Wednesday,49.3
4.24,5.5,4.5,4,16.1,Cloudy,Medium,Afternoon,Bike,Suburban,Saturday,35.3
,1.6,3.6,4,24.8,Fog,Medium,Afternoon,Car,Suburban,Sunday,58.8
1.04,3.0,3.9,4,15.3,Clear,Medium,Night,Car,Suburban,Wednesday,26.1
4.2,3.3,3.3,2,15.7,Fog,High,Evening,Scooter,Urban,Sunday,58.0
1.02,4.8,3.8,4,22.6,Clear,High,Evening,Bike,Suburban,Tuesday,34.9
7.4,4.6,4.7,6,17.0,Clear,Low,Afternoon,Bike,Urban,Friday,37.8
0.5,0.7,3.7,7,14.4,Clear,High,Morning,Scooter,Urban,Sunday,38.9
12.85,7.5,4.3,5,19.8,Storm,High,Evening,Car,Urban,Saturday,103.2
5.63,2.7,4.3,5,11.3,Fog,High,Morning,Bike,Suburban,Tuesday,57.8
3.8,2.4,3.9,6,18.4,Cloudy,,Evening,Scooter,Suburban,Tuesday,31.0
6.42,7.2,3.9,2,10.6,Clear,High,Evening,Scooter,Rural,Tuesday,49.8
15.23,,4.6,6,10.1,Clear,Medium,Evening,Car,Rural,Sunday,66.5
3.83,5.6,4.5,3,17.7,Cloudy,High,Afternoon,Car,Rural,Tuesday,49.8
0.5,4.1,5.0,5,17.1,Clear,Medium,Night,Bike,Urban,Thursday,22.7
10.05,5.2,3.1,8,28.9,Clear,Medium,Night,Scooter,Rural,Wednesday,63.1
3.6,1.7,4.3,6,10.6,Cloudy,Low,Evening,Car,Suburban,Wednesday,29.2
9.96,3.4,3.2,5,12.2,Cloudy,Medium,Morning,Bicycle,Rural,Wednesday,62.0
4.36,2.6,4.1,3,23.0,Fog,High,Afternoon,Scooter,Urban,Wednesday,59.9
5.95,3.8,4.0,2,23.5,Cloudy,High,Morning,Bike,Urban,Friday,58.1
9.89,4.5,3.7,3,19.3,Clear,High,Morning,Scooter,Rural,Thursday,75.3
2.87,3.1,3.9,7,17.3,Cloudy,Medium,Evening,Scooter,Urban,Thursday,32.4
,5.0,4.0,3,21.2,Clear,High,Evening,Bike,Urban,Thursday,48.4
6.6,3.4,,3,12.9,Cloudy,Low,Night,Bicycle,Urban,Wednesday,37.7
6.91,2.0,3.7,4,6.2,Rain,Low,Afternoon,Bike,Urban,Saturday,34.6
4.98,2.9,3.8,6,26.3,Clear,High,Afternoon,Car,Urban,Thursday,57.5
4.31,3.2,4.3,3,12.5,Clear,Low,Afternoon,Scooter,Rural,Thursday,24.1
9.02,2.2,4.4,4,36.3,Rain,Low,Morning,,Rural,Tuesday,78.2
4.58,6.1,5.0,5,10.8,Cloudy,Medium,Morning,Scooter,Rural,Monday,34.9
7.14,3.8,4.2,1,21.9,Cloudy,Medium,Afternoon,Scooter,Urban,Saturday,48.5
6.52,0.5,4.4,3,16.1,Rain,Medium,Morning,Car,Urban,Saturday,55.2
1.88,1.3,4.0,2,21.3,Cloudy,High,Evening,Scooter,Urban,Tuesday,51.8
5.82,14.1,4.6,3,11.1,Clear,Low,Afternoon,Bike,Urban,Wednesday,22.6
4.1,4.9,3.8,4,33.7,Rain,High,Evening,Bicycle,Urban,Wednesday,71.5
2.18,1.2,4.1,2,29.1,Fog,Medium,Evening,Scooter,Suburban,Friday,45.3
11.9,2.6,4.2,6,15.1,Clear,Low,Afternoon,Bike,Rural,Tuesday,
9.98,9.7,4.3,5,14.8,Clear,Medium,Evening,Car,Urban,Sunday,48.2
2.78,1.7,4.5,5,18.0,Rain,Medium,Evening,Bike,Urban,Monday,46.1
5.03,1.0,4.0,5,11.9,Cloudy,Low,Afternoon,Bike,Urban,Sunday,29.9
1.77,8.5,4.5,4,11.8,Clear,Medium,Afternoon,Scooter,Urban,Monday,17.8
2.35,3.3,,3,22.5,Cloudy,High,Evening,Scooter,Urban,Wednesday,44.9
3.94,2.9,4.2,3,5.5,Rain,High,Morning,Scooter,Urban,Tuesday,49.4
2.1,1.6,3.4,5,12.0,Cloudy,Medium,Morning,Bicycle,Urban,Tuesday,42.9
1.99,1.1,4.0,3,27.4,,High,Morning,Bike,Urban,Sunday,49.5
1.55,2.9,5.0,3,25.6,Clear,Medium,Evening,Bicycle,Suburban,Thursday,40.0
8.59,4.1,4.2,7,17.4,Clear,High,Evening,Bike,Urban,Monday,64.9
6.69,6.0,3.9,6,9.6,Fog,High,Evening,Bike,Urban,Sunday,57.0
3.86,4.7,4.3,4,25.6,Cloudy,High,Evening,Bike,Urban,Tuesday,53.8
7.0,2.6,4.1,4,12.9,Clear,Low,Afternoon,Bike,Urban,Monday,35.3
7.37,9.4,3.7,7,23.8,Fog,High,Evening,Scooter,Urban,Monday,76.2
3.42,2.0,3.4,7,21.5,Clear,Medium,Morning,Car,Suburban,Thursday,40.9
7.3,1.6,4.1,6,23.0,Cloudy,High,Morning,Car,Rural,Sunday,74.1
5.06,9.1,4.0,1,17.7,Clear,High,Evening,Car,Suburban,Monday,46.7
8.64,5.8,4.0,6,22.2,Rain,Medium,Afternoon,Bike,Urban,Friday,53.2
6.32,3.6,4.4,3,11.2,Rain,High,Evening,Car,Urban,Tuesday,60.3
9.7,5.9,4.6,7,19.5,Rain,Medium,Evening,Bike,Urban,Tuesday,54.4
7.31,9.4,4.4,6,22.1,Clear,Medium,Evening,Car,Urban,Friday,45.2
16.31,6.4,4.0,6,20.8,Clear,Medium,Evening,Car,Rural,Saturday,70.7
5.27,2.2,4.2,5,15.2,Clear,Medium,Evening,Bike,Urban,Thursday,45.4
3.15,3.7,4.5,4,5.8,Storm,High,Afternoon,,Urban,Tuesday,54.0
6.61,3.1,4.5,4,10.9,Clear,Medium,Morning,Bicycle,Urban,Monday,44.6
8.87,4.7,4.3,3,7.0,Cloudy,Medium,Afternoon,Bike,Urban,Saturday,39.8
8.46,5.9,3.9,1,16.9,Rain,Medium,Morning,Scooter,Rural,Friday,52.9
7.41,1.1,4.5,5,13.2,Clear,Medium,Afternoon,Bicycle,Urban,Thursday,43.1
2.9,10.8,4.7,2,8.0,Clear,Medium,Evening,Bike,Urban,Tuesday,23.3
7.28,10.7,4.5,4,12.8,Clear,Medium,Morning,Bike,Urban,Saturday,34.4
17.83,1.0,5.0,2,11.5,Cloudy,Medium,Morning,Scooter,Suburban,Monday,60.7
2.93,5.5,4.4,3,13.8,Storm,Medium,Afternoon,Car,Urban,Friday,40.3
4.84,6.0,4.6,5,18.3,Clear,High,Afternoon,Scooter,Suburban,Friday,45.4
6.06,1.6,4.4,5,16.9,Storm,Medium,Evening,Scooter,Urban,Tuesday,54.1
3.72,3.6,4.1,3,17.3,Clear,Medium,Evening,Bike,Urban,Thursday,34.3
3.07,2.3,3.7,4,19.1,Clear,Medium,Evening,,Suburban,Thursday,44.7
4.21,4.0,3.9,4,6.6,Fog,High,Evening,Car,Urban,Friday,53.9
8.13,3.2,3.9,2,29.4,Rain,High,Afternoon,Scooter,Urban,Sunday,74.7
1.1,3.6,3.7,2,16.1,Clear,Medium,Evening,Bicycle,Urban,Thursday,37.8
2.04,1.8,4.0,3,30.6,Cloudy,High,Morning,Scooter,Urban,Monday,56.1
3.64,1.7,4.2,6,13.2,Fog,High,Morning,Bicycle,Urban,Wednesday,55.0
7.55,3.8,4.6,4,45.0,Rain,Medium,Morning,Bike,Suburban,Friday,82.0
4.19,5.5,3.7,6,13.4,Cloudy,High,Evening,Bike,Urban,Wednesday,43.9
,6.9,4.5,4,10.5,Clear,Medium,Afternoon,,Urban,Saturday,24.4
10.33,4.9,4.3,2,10.2,Clear,High,Morning,Bike,Urban,Tuesday,65.2
4.75,7.4,,4,11.6,Cloudy,Medium,Afternoon,Bike,Suburban,Tuesday,23.3
3.03,6.6,4.1,8,14.5,Cloudy,Medium,Morning,Car,Urban,Tuesday,34.6
5.99,2.9,4.9,5,13.7,Clear,High,Evening,Scooter,Urban,Sunday,51.0
5.8,8.5,3.9,7,18.7,Clear,Low,Afternoon,Bike,Suburban,Friday,27.6
4.84,,3.9,5,12.1,Clear,Medium,Afternoon,Bike,Suburban,Thursday,29.8
6.92,3.1,4.2,6,17.9,Cloudy,Low,Afternoon,Bike,Rural,Wednesday,41.2
7.45,4.7,4.3,4,13.5,Clear,High,Evening,Bike,Urban,Sunday,61.3
11.47,6.9,4.2,7,10.6,Clear,High,Afternoon,Bike,Urban,Sunday,69.4
5.38,2.0,4.1,7,18.1,Clear,High,Morning,Scooter,Urban,Wednesday,50.1
1.26,3.3,4.4,4,7.1,Rain,High,Morning,Car,Suburban,Saturday,37.0
15.1,2.9,4.4,4,11.0,Cloudy,Low,Night,Bike,Urban,Sunday,47.8
5.96,1.6,4.1,8,15.0,Clear,Medium,Night,Bike,Urban,Wednesday,36.1
1.85,2.0,4.8,5,20.1,Clear,High,Evening,Scooter,Urban,Wednesday,46.3
7.21,1.6,4.3,6,27.0,Clear,Medium,Afternoon,Bike,Suburban,Thursday,45.0
8.67,4.5,4.0,5,10.8,Cloudy,Medium,Night,Bike,Suburban,Wednesday,42.5
4.3,2.8,4.6,6,8.5,Cloudy,Medium,Evening,Bike,Urban,Saturday,31.0
5.75,2.5,3.4,8,16.8,Cloudy,Medium,Evening,Scooter,Rural,Thursday,48.6
10.09,4.2,3.7,9,17.8,Rain,High,Afternoon,Bike,Rural,Tuesday,77.6
1.81,4.3,4.1,4,20.6,Clear,Medium,Afternoon,Scooter,Urban,Wednesday,35.6
6.09,6.6,3.7,5,34.3,Clear,High,Morning,Scooter,Urban,Friday,61.8
2.49,0.6,4.5,9,20.0,Clear,Low,Night,Car,Suburban,Monday,26.8
5.63,5.8,4.4,4,32.7,Cloudy,Medium,Afternoon,Car,Urban,Wednesday,60.2
3.11,1.5,4.8,2,11.3,Clear,Medium,Morning,Bicycle,Urban,Monday,36.7
5.16,4.0,3.9,3,20.6,Rain,Low,Afternoon,Scooter,Urban,Saturday,41.8
11.37,1.4,4.4,4,13.4,Clear,High,Evening,Bike,Rural,Monday,74.6
7.48,4.9,4.6,2,23.9,Cloudy,High,Morning,Bike,Urban,Monday,64.4
2.24,2.2,4.2,7,12.5,Clear,Medium,Evening,Bike,Suburban,Saturday,33.9
3.39,4.4,4.5,7,21.1,Clear,High,Evening,Bike,Urban,Monday,47.5
3.51,1.9,4.1,6,,Rain,High,Evening,Bike,Urban,Friday,66.4
4.94,0.8,4.6,2,10.2,Clear,Medium,Afternoon,Bike,Suburban,Wednesday,30.2
9.06,2.0,3.9,3,18.6,Clear,High,Evening,Scooter,Urban,Saturday,73.1
3.81,4.3,3.6,4,9.5,Clear,High,Evening,Scooter,Urban,Tuesday,43.3
5.7,2.7,4.0,2,27.1,Rain,Medium,Evening,Bike,Urban,Monday,56.5
3.68,5.3,4.1,3,15.3,Clear,Medium,Morning,Scooter,Suburban,Tuesday,34.1
2.51,3.0,4.3,4,14.6,Fog,High,Afternoon,Bike,Urban,Sunday,55.6
1.18,3.9,4.3,7,24.4,Storm,High,Morning,Scooter,Urban,Saturday,62.3
2.97,1.0,3.9,4,19.2,Rain,Low,Afternoon,Scooter,Urban,Wednesday,32.5
1.59,4.3,3.8,8,17.4,Clear,Medium,Afternoon,Bike,Urban,Tuesday,32.0
1.67,5.7,4.8,4,24.7,Cloudy,High,Morning,Bike,Urban,Tuesday,50.7
5.23,0.6,4.1,4,9.5,Clear,High,Morning,Bicycle,Urban,Tuesday,49.6
5.65,1.2,4.0,2,18.2,Rain,,Evening,Scooter,Urban,Tuesday,52.8
7.69,9.3,4.3,4,8.1,Cloudy,High,Morning,Scooter,Urban,Sunday,51.1
0.76,3.8,3.8,5,11.3,Clear,Low,Night,Bike,Suburban,Monday,15.9
6.87,2.8,3.9,3,19.0,,High,Evening,Bike,Suburban,Sunday,52.8
0.5,2.5,4.5,5,12.1,Rain,High,Afternoon,Bike,Urban,Monday,29.3
2.52,0.3,3.8,5,23.0,Rain,High,Evening,Bicycle,Urban,Saturday,60.7
3.69,,3.6,5,25.9,Cloudy,High,Morning,Bike,Urban,Thursday,56.3
9.29,2.6,4.0,5,16.4,Cloudy,Low,Night,Bike,Rural,Monday,45.4
4.1,3.4,4.2,5,27.3,Rain,Medium,Afternoon,Bicycle,Urban,Saturday,59.5
4.72,5.7,4.7,1,11.1,Rain,Medium,Evening,Scooter,Urban,Tuesday,33.0
0.5,3.0,4.3,4,25.0,Rain,Medium,Morning,Bike,Urban,Sunday,42.5
5.77,6.4,4.3,2,16.1,Clear,High,Afternoon,Scooter,Urban,Saturday,44.7
2.82,0.8,3.8,3,18.2,Cloudy,Medium,Afternoon,Scooter,Urban,Sunday,35.1
6.71,4.1,4.2,6,17.1,Rain,Low,Night,Bicycle,Urban,Saturday,45.7
6.87,2.2,3.7,3,16.5,Clear,Medium,Evening,Bike,Suburban,Tuesday,41.8
4.42,4.2,4.5,2,11.2,Clear,Medium,Afternoon,Car,Suburban,Wednesday,29.2
7.47,2.7,4.2,5,34.6,Clear,,Afternoon,Bike,Suburban,Friday,49.8
2.07,6.7,4.1,3,14.9,Clear,Medium,Afternoon,Car,Suburban,Wednesday,29.5
2.55,5.1,4.3,7,8.5,Rain,Low,Afternoon,Car,Urban,Thursday,28.8
6.69,2.3,4.0,2,10.4,Clear,Medium,Afternoon,Car,Rural,Tuesday,41.3
5.91,2.1,4.0,2,18.1,Cloudy,High,Morning,Car,Suburban,Friday,55.5
4.15,4.1,3.8,1,14.1,Clear,High,Evening,Scooter,Suburban,Wednesday,41.7
3.66,2.9,4.8,3,19.2,Fog,Low,Night,Bike,Suburban,Monday,37.4
3.49,3.7,4.1,2,20.2,Rain,Medium,Morning,Bike,Urban,Sunday,42.4
3.13,4.6,4.0,5,41.4,Cloudy,High,Evening,Bike,Urban,Saturday,77.4
1.68,5.8,4.4,3,19.9,Rain,High,Morning,Scooter,Urban,Wednesday,44.0
1.4,2.6,4.2,4,19.0,Clear,High,Evening,Bike,Urban,Monday,40.3
11.53,1.7,3.3,6,21.6,Rain,High,Afternoon,Car,Urban,Saturday,87.1
5.54,6.7,4.9,2,24.8,Rain,High,Evening,Car,Urban,Tuesday,62.4
3.59,5.7,4.0,6,19.7,Clear,High,Evening,Bicycle,Urban,Friday,47.8
7.81,4.3,3.8,4,17.5,Storm,High,Evening,Bike,Rural,Saturday,82.9
5.13,4.8,4.1,1,17.1,Clear,High,Morning,Car,Suburban,Tuesday,48.0
8.44,3.1,4.0,4,12.7,Cloudy,Low,Night,Car,Urban,Wednesday,40.5
4.5,4.7,4.0,5,25.2,Clear,High,Morning,Bicycle,Urban,Monday,54.1
14.26,7.4,4.2,2,15.5,Rain,Medium,Morning,Car,Urban,Wednesday,67.1
10.68,1.5,3.4,4,18.7,Clear,High,Evening,Bike,Rural,Friday,84.8
2.83,1.8,4.4,7,10.8,Clear,Medium,Afternoon,Bike,Suburban,Tuesday,22.8
1.37,5.1,4.5,6,11.4,Cloudy,Low,Evening,Bicycle,Suburban,Sunday,27.0
8.16,0.5,3.5,7,28.6,Storm,High,Evening,Scooter,Urban,Friday,96.1
1.88,7.7,4.3,7,11.0,Clear,Low,Afternoon,Car,Urban,Tuesday,18.9
6.73,8.7,3.8,5,19.2,Cloudy,High,Night,Car,Suburban,Thursday,51.6
9.46,1.7,4.0,2,15.1,Cloudy,Medium,Afternoon,Car,Rural,Wednesday,55.3
1.12,1.7,4.3,3,11.6,Rain,High,Afternoon,Car,Urban,Wednesday,42.7
5.05,0.3,4.5,3,16.4,Clear,High,Afternoon,Bicycle,Urban,Thursday,50.9
5.71,1.7,4.3,3,11.0,Cloudy,High,Night,Car,Urban,Monday,46.5
3.16,3.2,3.6,2,12.0,Fog,Medium,Morning,Bike,Urban,Tuesday,41.2
10.0,0.8,4.2,6,17.1,,High,Morning,Bike,Rural,Tuesday,73.8
3.3,6.1,4.3,6,36.9,Clear,Low,Afternoon,Bike,Suburban,Tuesday,42.6
8.03,5.8,3.9,2,12.8,Fog,High,Night,Scooter,Urban,Friday,66.1
2.9,3.8,3.8,2,20.7,Clear,High,Night,Car,Urban,Sunday,44.2
0.81,2.2,4.1,4,43.7,Clear,High,Evening,Car,Urban,Friday,68.7
4.16,2.0,4.4,7,29.0,Clear,Medium,Night,Bike,Urban,Sunday,51.3
0.71,4.9,3.9,3,8.3,Rain,Low,Night,Bike,Urban,Friday,15.6
4.94,6.9,4.2,4,11.2,Fog,Low,Afternoon,Scooter,Suburban,Wednesday,28.9
1.76,2.2,3.7,4,26.4,Cloudy,Medium,Afternoon,Car,Suburban,Sunday,35.1
3.45,7.1,4.3,8,,Cloudy,Medium,Evening,,Urban,Monday,33.9
1.78,4.3,3.5,4,8.7,Clear,High,Evening,Bike,Suburban,Monday,32.9
,7.2,4.3,5,27.1,Clear,Low,Afternoon,Bike,Suburban,Sunday,52.0
5.18,2.6,4.5,3,19.3,Clear,High,Morning,Scooter,Urban,Friday,49.0
1.7,1.2,4.1,2,5.0,Clear,High,Evening,Scooter,Suburban,Sunday,38.2
4.47,7.2,4.4,5,13.4,Clear,Medium,Afternoon,Car,Suburban,Monday,26.5
1.44,2.0,4.2,5,17.5,Cloudy,Medium,Night,Bicycle,Suburban,Saturday,37.2
3.42,6.2,3.6,4,13.9,Clear,Medium,Afternoon,Bike,Urban,Tuesday,22.3
8.43,0.5,3.7,4,21.5,Clear,High,Morning,Bike,Urban,Wednesday,70.0
5.24,3.4,4.0,4,26.1,Clear,High,Evening,Bike,Urban,Sunday,59.5
1.88,4.4,4.1,4,14.3,Clear,High,Morning,Bike,Urban,Wednesday,38.5
1.23,3.8,3.9,3,9.4,Clear,Medium,Morning,Bike,Urban,Friday,24.2
5.74,3.8,3.7,5,12.6,Clear,Low,Evening,Bike,Suburban,Sunday,34.3
11.04,3.1,3.1,4,,Clear,Medium,Evening,Bike,Urban,Sunday,57.0
3.56,2.9,4.8,7,27.7,Cloudy,High,Morning,Car,Urban,Monday,61.6
14.85,4.1,4.8,5,7.5,Rain,Medium,Afternoon,Bike,Rural,Tuesday,59.3
5.31,6.8,3.8,5,45.2,Rain,Medium,Evening,,Urban,Sunday,77.8
5.68,2.0,3.6,4,16.0,,Low,Night,Bike,Urban,Friday,39.9
1.41,5.1,4.7,6,30.1,Cloudy,,Afternoon,Bike,Urban,Thursday,39.7
3.4,1.3,,2,15.1,,Medium,Morning,Bike,Urban,Monday,37.2
3.58,4.6,4.5,4,9.1,Cloudy,High,Morning,Bike,Urban,Monday,44.8
0.5,2.3,4.4,4,18.0,Cloudy,Medium,Morning,Bike,Suburban,Sunday,28.8
,1.8,4.0,5,35.6,Clear,Medium,Morning,Car,Urban,Thursday,57.2
2.57,4.0,4.7,3,18.1,Clear,High,Evening,Car,Urban,Saturday,47.5
1.84,7.5,3.9,2,20.6,Clear,High,Morning,Bike,Urban,Tuesday,42.0
3.3,1.6,4.5,4,8.7,Clear,Medium,Afternoon,Bike,Suburban,Tuesday,27.0
6.51,1.4,4.1,3,17.5,Rain,High,Evening,Bike,Urban,Friday,63.7
6.64,3.3,3.7,2,12.3,Clear,Medium,Evening,Car,Suburban,Sunday,42.7
9.13,1.9,4.9,5,20.6,,Medium,Morning,Bike,Urban,Wednesday,50.4
7.27,3.4,3.9,4,10.4,Rain,Low,Evening,Bike,Suburban,Wednesday,38.5
4.72,2.6,4.0,4,32.1,Cloudy,Medium,Evening,Car,Urban,Thursday,61.6
9.32,1.4,4.5,2,,Clear,High,Evening,Car,Urban,Monday,71.5
2.72,2.1,4.6,4,19.5,Clear,High,Morning,Scooter,Urban,Wednesday,40.2
3.83,6.2,3.6,5,28.4,Clear,High,Morning,Bike,Suburban,Thursday,56.6
11.58,2.8,4.7,4,19.1,Storm,Low,Night,Bike,Urban,Monday,58.0
2.66,3.2,4.1,2,7.5,Rain,Medium,Afternoon,Bike,Urban,Friday,31.6
0.5,1.8,4.1,5,8.4,Rain,High,Afternoon,Scooter,Urban,Monday,30.2
1.26,4.0,4.1,5,40.5,Cloudy,Medium,Afternoon,Car,Urban,Friday,59.9
3.54,5.2,4.1,7,21.5,Rain,High,Evening,Bike,Urban,Saturday,54.2
1.83,3.6,3.6,6,17.3,Rain,Medium,Night,Car,Urban,Saturday,36.8
1.14,2.7,4.3,4,15.0,Clear,Low,Afternoon,Scooter,Urban,Friday,21.8
6.75,5.8,4.2,5,13.4,Clear,Medium,Night,Car,Urban,Friday,35.8
5.31,3.3,4.0,3,19.1,Clear,High,Morning,Bike,Urban,Wednesday,47.8
0.52,6.7,4.2,4,17.1,Cloudy,High,Evening,Bike,Urban,Thursday,39.0
7.66,4.8,,6,17.2,Rain,High,Evening,Bike,Urban,Monday,65.6
13.54,2.6,4.1,5,12.1,Cloudy,High,Morning,,Urban,Friday,82.1
5.42,1.0,4.3,3,16.6,Cloudy,High,Morning,Bike,Rural,Monday,57.4
5.38,4.8,4.1,7,18.0,Fog,High,Afternoon,Bike,Urban,Wednesday,62.4
1.65,6.7,3.9,3,19.9,Clear,Medium,Night,Car,Suburban,Thursday,32.4
4.32,1.6,,4,13.8,Clear,High,Evening,Car,Urban,Friday,49.8
5.5,3.1,3.7,5,13.2,Fog,Medium,Night,Scooter,Urban,Wednesday,43.2
3.55,4.8,4.5,4,12.6,Fog,High,Evening,Scooter,Urban,Thursday,55.5
2.05,2.7,4.0,5,11.7,Rain,Medium,Afternoon,Scooter,Urban,Friday,28.6
2.64,3.4,4.5,6,10.3,Clear,Medium,Evening,,Suburban,Sunday,25.5
0.67,8.4,4.7,4,14.6,Storm,High,Morning,Bike,Suburban,Friday,49.5
3.99,4.0,4.1,2,8.1,Rain,High,Morning,Bike,Urban,Tuesday,39.9
10.43,1.9,4.5,3,26.5,Cloudy,Medium,Evening,Scooter,Suburban,Saturday,56.1
1.25,3.3,4.4,4,21.2,Clear,Medium,Evening,Bike,Urban,Monday,29.5
9.09,3.4,4.2,5,13.4,Cloudy,Medium,Morning,Scooter,Urban,Tuesday,50.1
3.1,1.6,4.4,4,18.8,Rain,Low,Afternoon,Scooter,Suburban,Monday,34.5
0.66,10.4,4.0,3,20.6,Rain,Medium,Evening,Bike,Urban,Thursday,36.8
6.81,,4.8,5,14.8,Cloudy,,Evening,Car,Urban,Friday,46.7
7.37,1.0,4.2,6,14.0,Cloudy,Medium,Evening,Scooter,Rural,Thursday,46.3
4.27,1.5,3.9,8,9.7,Rain,Low,Afternoon,Scooter,Rural,Saturday,33.3
2.14,1.0,4.0,5,23.8,Cloudy,Medium,Afternoon,Bicycle,Suburban,Friday,42.5
2.53,0.7,4.5,6,14.1,Clear,Low,Afternoon,Bike,Urban,Tuesday,26.7
3.42,8.4,3.8,5,31.5,Clear,High,Evening,Bike,Suburban,Thursday,51.8
4.31,5.0,,2,20.9,Clear,Medium,Evening,Bike,Urban,Saturday,43.1
4.42,6.0,4.6,3,,Rain,High,Afternoon,Scooter,Urban,Thursday,48.9
6.37,2.5,3.7,5,18.3,Clear,High,Afternoon,Bike,Urban,Thursday,55.2
9.64,6.9,4.4,7,15.0,Clear,High,Morning,Car,Rural,Thursday,66.7
11.46,4.8,3.8,4,17.1,Fog,Medium,Evening,Bike,Rural,Thursday,66.5
4.03,2.5,3.8,3,,Rain,High,Evening,Scooter,Suburban,Wednesday,49.3
0.5,4.5,4.0,4,9.8,Clear,Medium,Morning,Scooter,Urban,Saturday,29.0
1.3,1.1,3.9,7,13.5,Clear,High,Morning,Bike,Urban,Tuesday,38.0
1.64,4.1,4.4,3,13.7,Rain,High,Evening,,Urban,Monday,47.4
8.89,2.9,4.2,5,31.1,Clear,Medium,Morning,Scooter,Rural,Saturday,69.9
4.05,8.3,4.3,7,11.7,Cloudy,High,Evening,Car,Urban,Saturday,47.8
3.15,6.2,4.2,7,10.5,Cloudy,Medium,Afternoon,Scooter,Urban,Friday,24.4
5.41,1.1,3.9,3,9.9,Clear,Medium,Morning,Scooter,Suburban,Thursday,35.4
5.94,1.7,4.0,4,27.3,Rain,High,Night,Scooter,Urban,Sunday,61.7
3.39,10.6,,3,7.1,Clear,High,Morning,Scooter,Suburban,Wednesday,28.5
,2.5,4.0,2,15.1,Cloudy,High,Afternoon,Bike,Urban,Wednesday,55.1
3.03,1.1,4.7,7,11.7,Clear,Medium,Morning,Scooter,Suburban,Friday,
4.67,5.2,3.9,1,13.6,Clear,Medium,Morning,Bike,Urban,Thursday,35.5
0.5,7.6,4.2,6,27.4,Clear,High,Morning,Scooter,Urban,Thursday,46.8
3.43,2.8,4.3,5,16.0,Rain,High,Morning,Bike,Urban,Sunday,55.7
6.61,4.4,4.6,2,21.2,Clear,Medium,Morning,Bicycle,Urban,Tuesday,48.6
3.83,3.1,4.5,4,13.6,Clear,Medium,Morning,Bike,Suburban,Tuesday,32.7
1.57,5.2,4.3,4,9.2,Clear,High,Evening,Bike,Urban,Thursday,31.8
,1.8,4.2,3,27.0,Rain,High,Evening,Bike,Urban,Thursday,61.5
3.13,3.9,3.8,3,18.8,Cloudy,Medium,Afternoon,Bike,Suburban,Friday,36.5
4.8,6.1,4.1,4,18.8,Fog,High,Afternoon,Bike,Urban,Sunday,62.1
2.05,2.5,5.0,5,16.0,Cloudy,Medium,Afternoon,Scooter,Suburban,Friday,22.1
3.31,5.9,3.8,2,21.1,Cloudy,Medium,Evening,Bike,Suburban,Sunday,42.8
1.5,5.0,3.9,4,15.9,Cloudy,Medium,Evening,Bike,Urban,Tuesday,30.8
2.53,1.3,3.6,3,7.9,Clear,Medium,Morning,Bike,Suburban,Tuesday,28.5
4.21,1.9,3.9,5,,Fog,High,Morning,Bike,Urban,Wednesday,62.7
0.78,5.5,3.7,5,22.3,Fog,High,Morning,Bicycle,Urban,Saturday,62.8
3.43,1.9,3.7,4,19.3,Clear,Medium,Afternoon,Bike,Urban,Tuesday,34.5
1.25,0.4,4.3,4,8.5,Cloudy,Medium,Evening,Car,Suburban,Tuesday,29.1
2.97,3.7,4.4,5,9.0,Clear,Medium,Afternoon,Scooter,Urban,Wednesday,26.7
1.09,3.5,4.3,6,18.8,Cloudy,High,Morning,,Urban,Wednesday,40.1
15.75,5.3,3.8,2,,Rain,,Afternoon,Car,Rural,Friday,94.3
6.59,7.2,3.5,5,13.8,Fog,Low,Afternoon,,Urban,Sunday,36.8
9.57,3.5,3.4,5,25.5,Clear,High,Morning,Car,Rural,Monday,87.8
9.04,4.1,,5,16.8,Rain,High,Evening,Scooter,Suburban,Thursday,66.3
5.67,1.0,3.8,7,19.7,Rain,Medium,Morning,Bike,Rural,Monday,50.6
12.89,2.6,4.0,3,9.3,Clear,Low,Night,Car,Rural,Tuesday,49.5
10.18,12.4,4.2,8,22.7,Cloudy,High,Morning,Bike,Rural,Wednesday,72.9
2.18,4.7,4.0,2,13.1,Cloudy,High,Evening,Bicycle,Urban,Friday,50.4
5.52,7.4,4.8,5,,Rain,Medium,Night,Bicycle,Suburban,Thursday,35.8
6.8,2.6,5.0,1,17.1,Storm,Low,Night,Bike,Suburban,Friday,45.4
3.52,2.3,,3,,Clear,Medium,Evening,Bike,Suburban,Saturday,44.6
6.27,2.2,3.4,4,12.3,Clear,Medium,Evening,Car,Urban,Tuesday,39.2
10.42,6.0,3.9,4,18.8,Clear,High,Evening,Bike,Rural,Saturday,75.2
4.5,2.9,4.0,6,15.2,Clear,High,Evening,Car,Urban,Friday,50.2
1.09,1.0,4.4,4,17.6,Cloudy,Medium,Morning,Bike,Urban,Monday,32.1
4.38,3.1,3.6,7,11.3,Rain,High,Afternoon,Bike,Urban,Wednesday,47.6
,2.3,3.5,5,9.8,Cloudy,High,Afternoon,Scooter,Urban,Monday,29.4
3.45,6.3,,5,18.7,Cloudy,Medium,Evening,Car,Suburban,Monday,37.9
5.26,10.3,3.9,4,11.6,Clear,Low,Afternoon,Car,Urban,Wednesday,28.4
1.62,1.0,3.9,2,17.7,Clear,Low,Afternoon,Scooter,Suburban,Tuesday,20.4
6.39,4.8,3.8,4,16.0,Rain,,Evening,Bike,Suburban,Sunday,57.7
2.44,6.8,4.0,4,10.5,Cloudy,High,Afternoon,Bike,Urban,Sunday,34.8
1.65,5.5,4.2,2,13.6,Clear,High,Morning,Bike,Suburban,Friday,31.9
5.77,2.3,3.2,5,15.3,Fog,Medium,Afternoon,Bike,Urban,Saturday,49.7
9.2,2.7,4.2,1,18.7,Cloudy,Low,Afternoon,Bike,Suburban,Sunday,38.6
6.26,3.4,4.4,5,17.8,Clear,High,Morning,Scooter,Rural,Wednesday,52.0
8.77,2.0,4.3,2,12.2,Cloudy,Medium,Afternoon,Bike,Urban,Thursday,45.3
2.18,3.9,5.0,3,18.0,Cloudy,Low,Afternoon,Bike,Suburban,Friday,19.7
,7.7,4.0,3,19.3,Clear,High,Afternoon,Scooter,Urban,Sunday,42.8
7.43,4.8,4.1,4,10.1,Rain,High,Afternoon,Bike,Urban,Saturday,54.5
5.28,0.8,4.6,4,17.7,Cloudy,Low,Evening,Bicycle,Suburban,Monday,46.2
1.2,3.1,4.2,3,7.7,Cloudy,Medium,Afternoon,Bike,Urban,Friday,25.0
9.73,9.6,4.7,6,12.2,Rain,Low,Night,Bike,Suburban,Tuesday,32.4
3.45,1.8,4.5,8,16.8,Cloudy,Low,Night,Car,Urban,Tuesday,31.8
3.67,5.4,4.2,1,5.0,Clear,Low,Afternoon,Scooter,Urban,Thursday,12.7
10.61,1.3,4.1,3,23.2,Clear,Medium,Afternoon,Car,Suburban,Friday,52.6
8.93,4.8,4.1,7,22.9,Clear,Medium,Afternoon,Scooter,Urban,Tuesday,46.8
8.48,2.7,4.1,6,19.2,Clear,Medium,Evening,Bike,Suburban,Wednesday,41.7
2.19,8.3,3.8,5,10.4,Clear,Medium,Evening,Scooter,Urban,Friday,23.1
4.49,8.3,4.4,4,24.8,Cloudy,High,Evening,Bike,Suburban,Tuesday,50.5
5.1,1.1,4.9,4,22.0,Clear,Medium,Afternoon,Scooter,Urban,Saturday,40.6
1.72,3.1,3.5,3,12.9,Clear,Medium,Evening,Bike,Urban,Thursday,26.2
1.24,2.5,4.6,6,15.1,Cloudy,High,Afternoon,Bike,Urban,Friday,34.2
3.29,5.4,4.2,3,19.6,Clear,Medium,Evening,Bike,Urban,Monday,37.5
11.9,12.8,4.5,7,7.5,Cloudy,High,Morning,Car,Rural,Sunday,75.2
0.5,3.0,3.9,5,14.6,Rain,High,Evening,Bike,Urban,Sunday,49.8
3.88,7.8,4.1,8,10.8,Clear,High,Evening,Bicycle,Urban,Tuesday,48.1
1.38,2.8,4.6,5,26.5,Clear,Medium,Morning,Bike,Suburban,Friday,34.1
6.75,3.7,4.1,3,14.5,Cloudy,High,Evening,Scooter,Urban,Saturday,53.6
4.62,3.0,4.5,6,18.1,Clear,High,Morning,Bike,Urban,Monday,50.8
1.36,5.4,3.9,4,11.8,Cloudy,High,Evening,Scooter,Urban,Friday,39.1
6.84,8.7,4.1,3,18.6,Rain,High,Morning,Car,Urban,Saturday,67.6
4.6,6.1,4.3,5,17.9,Cloudy,High,Night,Scooter,Suburban,Thursday,37.8
6.32,,4.3,6,18.1,Cloudy,Medium,Morning,Bike,Rural,Sunday,52.9
19.39,1.3,4.5,2,,Fog,Medium,Night,Car,Rural,Monday,73.7
5.51,2.0,4.0,5,14.8,Clear,Medium,Evening,Bike,Rural,Sunday,44.0
2.46,7.3,4.1,2,13.9,Fog,Medium,Evening,Scooter,Urban,Sunday,40.1
5.53,3.8,4.5,4,25.2,Rain,Medium,Evening,Car,Urban,Tuesday,51.3
10.08,4.1,4.7,5,26.2,Clear,Medium,Evening,Bike,Suburban,Thursday,53.9
4.67,,3.8,7,13.5,Clear,Low,Night,Scooter,Rural,Friday,34.8
7.74,3.5,4.6,5,36.0,Clear,Medium,Afternoon,Car,Suburban,Sunday,68.7
5.7,6.4,3.9,7,21.6,Fog,High,Evening,Bike,Urban,Tuesday,68.4
9.08,3.0,4.2,6,21.9,Clear,High,Morning,Bike,Suburban,Wednesday,64.4
8.06,2.6,4.3,7,17.2,Rain,Low,Evening,Bike,Suburban,Saturday,41.8
11.71,1.5,4.0,5,,Cloudy,Medium,Morning,Car,Rural,Wednesday,63.2
5.61,0.5,4.1,4,23.6,Cloudy,Medium,Evening,Scooter,Suburban,Friday,48.0
4.04,3.9,3.5,1,19.8,Cloudy,Medium,Evening,Scooter,Urban,Friday,41.9
9.32,5.6,4.4,4,12.1,Clear,Medium,Afternoon,Bike,Urban,Sunday,39.2
2.15,5.6,4.0,3,13.6,Clear,,Afternoon,Bike,Urban,Tuesday,34.6
4.0,7.5,4.1,4,12.4,Fog,High,Evening,Bike,Urban,Sunday,58.6
8.62,3.3,3.9,5,9.7,Clear,High,Evening,Bike,Rural,Friday,63.5
6.85,7.4,4.4,2,17.6,Fog,Low,Afternoon,Bike,Urban,Sunday,39.3
6.86,3.6,4.2,4,14.8,Storm,High,Evening,Bike,Urban,Monday,71.4
5.3,1.5,3.7,5,22.0,Clear,Medium,Night,Scooter,Urban,Friday,43.1
6.89,4.7,4.1,4,5.5,Cloudy,High,Morning,Scooter,Suburban,Saturday,45.0
5.59,1.5,3.8,3,18.2,Clear,Medium,Morning,Bike,Urban,Saturday,46.1
10.65,3.3,4.2,1,9.3,Cloudy,Medium,Morning,Scooter,Urban,Monday,46.6
2.09,6.7,4.4,4,24.6,Storm,,Evening,Bike,Suburban,Thursday,42.8
6.88,0.3,4.2,5,14.1,Fog,Medium,Afternoon,Bike,Urban,Monday,46.0
3.6,3.7,,4,27.2,Fog,High,Evening,Bicycle,Urban,Tuesday,74.2
4.24,2.1,4.6,4,14.5,,High,Evening,Scooter,Urban,Friday,43.9
11.16,6.7,3.8,2,11.2,Cloudy,High,Afternoon,Bike,Urban,Sunday,75.2
11.06,9.2,4.0,4,12.9,Clear,Medium,Night,Bike,Suburban,Friday,36.3
15.69,2.8,3.5,4,19.6,Fog,High,Evening,Scooter,Rural,Monday,110.8
2.71,5.2,4.0,4,17.0,Clear,Medium,Afternoon,Bike,Urban,Tuesday,32.3
5.22,1.1,3.9,4,13.9,Clear,Medium,Afternoon,Bicycle,Rural,Wednesday,41.0
1.36,4.2,4.4,4,17.1,Clear,High,Afternoon,Scooter,Suburban,Monday,32.3
9.84,1.6,4.3,2,27.4,Clear,High,Morning,Bike,Urban,Saturday,74.4
1.77,1.8,4.7,2,18.3,Clear,High,Morning,Scooter,Urban,Tuesday,41.1
3.14,3.1,4.0,4,10.3,Clear,Medium,Night,Scooter,Urban,Monday,25.1
8.36,1.8,4.3,4,13.6,Rain,Low,Afternoon,Scooter,Rural,Friday,45.1
2.47,4.3,4.4,8,23.1,Rain,High,Afternoon,Bicycle,Urban,Monday,55.0
0.76,3.5,5.0,2,9.1,Clear,High,Evening,Car,Urban,Wednesday,31.9
2.93,2.2,4.3,6,29.7,Rain,High,Evening,Bike,Suburban,Thursday,55.2
11.14,2.0,4.1,5,25.1,Clear,Low,Night,Bike,Rural,Monday,51.3
1.54,4.8,,2,13.1,Rain,Medium,Evening,Bike,Suburban,Thursday,27.9
2.21,5.6,4.3,2,21.6,Clear,Medium,Afternoon,Scooter,Suburban,Thursday,30.2
8.95,3.7,4.7,4,42.4,Cloudy,Low,Afternoon,Scooter,Urban,Friday,70.6
7.02,5.3,4.0,3,16.6,Clear,High,Night,Bike,Rural,Tuesday,52.1
3.71,1.5,3.9,1,15.7,Clear,Medium,Evening,,Urban,Wednesday,47.9
3.89,1.7,5.0,6,12.1,Cloudy,Medium,Night,Bike,Urban,Friday,32.2
6.83,2.2,3.7,5,13.1,Rain,High,Morning,Car,Rural,Monday,62.2
7.38,,4.5,7,15.2,Rain,Medium,Evening,Car,Urban,Monday,49.2
8.72,0.4,4.3,2,16.1,Clear,High,Evening,Bike,Urban,Wednesday,66.1
1.22,2.9,4.3,9,20.4,Cloudy,Low,Morning,Bike,Suburban,Monday,32.2
2.67,2.0,3.7,1,23.7,Rain,High,Evening,Bike,Urban,Monday,57.4
2.11,2.6,5.0,3,17.8,Clear,High,Evening,Car,Urban,Sunday,44.9
3.16,1.8,4.2,7,21.7,Clear,Medium,Morning,Bike,Suburban,Thursday,41.3
3.9,2.5,4.0,6,24.2,Clear,High,Afternoon,Car,Suburban,Thursday,52.1
0.81,3.5,3.6,4,18.1,Clear,Medium,Evening,Scooter,Suburban,Tuesday,28.5
3.88,5.1,3.4,2,,Clear,Medium,Afternoon,Scooter,Urban,Monday,29.3
0.55,7.1,4.4,5,39.1,Clear,Medium,Afternoon,Car,Urban,Saturday,56.4
11.12,2.8,3.8,3,9.3,Cloudy,Low,Afternoon,Scooter,Suburban,Friday,42.0
8.2,1.9,4.0,7,15.3,Cloudy,Low,Afternoon,Car,Urban,Sunday,45.0
4.45,0.8,3.9,2,10.6,Rain,Low,Night,Scooter,Urban,Monday,32.5
0.96,11.2,4.4,13,14.3,Cloudy,High,Evening,Bike,Urban,Monday,30.6
6.72,5.5,4.3,4,25.7,Clear,Medium,Morning,Bike,Urban,Friday,43.4
2.89,3.8,4.4,2,8.5,Fog,High,Night,Bike,Urban,Wednesday,46.7
7.77,1.1,4.5,3,9.1,Rain,Medium,Evening,Car,Suburban,Monday,45.1
12.43,0.4,3.9,8,23.8,Cloudy,Low,Afternoon,Bike,Rural,Wednesday,58.8
3.14,0.8,3.6,4,22.3,Clear,High,Evening,Scooter,Urban,Monday,45.9
3.67,2.3,4.1,2,,Cloudy,High,Morning,Bike,Suburban,Saturday,43.8
2.16,2.0,4.3,6,14.4,Cloudy,Low,Night,Scooter,Urban,Sunday,25.0
1.01,1.9,4.2,2,18.5,Rain,High,Evening,Car,Urban,Friday,44.4
3.83,2.1,3.4,10,20.9,Rain,High,Evening,Scooter,Suburban,Wednesday,51.5
6.08,6.1,4.2,5,15.3,Fog,High,Morning,Bicycle,Urban,Saturday,67.0
9.78,1.1,3.8,5,10.3,Fog,Low,Night,Bike,Rural,Friday,47.8
3.54,1.4,4.2,4,19.4,Cloudy,High,Morning,Bike,Urban,Saturday,51.8
5.58,1.5,4.5,7,28.1,Storm,Medium,Afternoon,Scooter,Urban,Thursday,59.5
3.46,2.2,3.2,4,30.4,Fog,Medium,Morning,Bike,Urban,Sunday,53.6
4.46,0.8,4.7,3,24.7,Clear,Medium,Evening,Scooter,Urban,Wednesday,44.8
7.2,4.6,,3,10.8,Cloudy,Medium,Morning,Car,Rural,Friday,41.7
3.77,1.9,4.5,7,16.5,Clear,Medium,Night,Bike,Suburban,Saturday,31.8
1.46,2.9,4.5,5,15.2,Clear,Medium,Evening,Car,Urban,Sunday,35.1
2.37,3.3,4.0,3,22.4,Clear,High,Morning,Bike,Urban,Sunday,47.8
10.91,2.5,4.3,4,26.7,Cloudy,Low,Morning,Scooter,Suburban,Wednesday,48.4
1.32,5.6,3.9,4,11.0,Clear,High,Morning,Bike,Suburban,Friday,30.5
11.39,7.0,3.5,10,30.5,Clear,Medium,Evening,Scooter,Urban,Wednesday,69.2
4.34,1.2,4.6,5,13.9,Clear,Medium,Evening,Bike,Urban,Friday,39.7
1.0,1.8,3.9,9,20.8,Cloudy,High,Morning,Bicycle,Urban,Tuesday,56.6
6.85,1.6,4.8,7,31.5,Fog,High,Evening,Bicycle,Urban,Thursday,88.5
1.26,1.0,4.5,6,12.0,Storm,High,Morning,Scooter,Urban,Sunday,52.1
6.43,5.0,3.8,8,26.2,Cloudy,High,Evening,Scooter,Urban,Saturday,61.9
5.17,4.3,4.4,3,12.7,Clear,Medium,Night,Scooter,Urban,Thursday,32.1
4.14,1.9,4.4,5,19.7,Rain,High,Evening,Scooter,Urban,Tuesday,53.4
4.75,1.8,4.8,5,15.2,Clear,High,Evening,Scooter,Urban,Wednesday,49.1
8.53,3.7,4.0,3,8.1,Storm,High,Evening,Scooter,Rural,Monday,80.2
3.37,2.7,4.1,2,16.9,Rain,High,Morning,Car,Suburban,Monday,46.5
11.92,3.8,4.3,5,13.0,Cloudy,Medium,Morning,Scooter,Urban,Sunday,56.6
9.15,2.1,4.2,5,9.7,Clear,High,Morning,Bike,Urban,Thursday,63.7
6.67,3.5,3.6,4,7.7,Clear,High,Afternoon,Car,Urban,Monday,51.7
3.06,5.8,4.5,4,,Cloudy,High,Evening,Bike,Suburban,Friday,47.4
2.85,3.0,4.8,4,6.5,Clear,High,Evening,Bike,Urban,Monday,38.4
4.91,8.2,4.2,6,19.5,Rain,High,Evening,Bicycle,Urban,Wednesday,58.9
8.05,3.8,3.7,3,10.6,Cloudy,High,Morning,Bike,Rural,Tuesday,60.2
3.4,0.5,4.1,5,20.4,Clear,High,Evening,Bike,Suburban,Tuesday,51.8
6.75,2.8,3.8,3,8.1,Clear,High,Morning,Scooter,Suburban,Thursday,48.4
9.37,4.8,4.1,2,9.2,Cloudy,Medium,Afternoon,Car,Urban,Friday,48.1
4.99,4.1,4.2,3,15.5,Clear,Medium,Evening,Bike,Urban,Thursday,36.9
4.55,4.7,4.4,2,15.2,Cloudy,Low,Night,Scooter,Suburban,Saturday,29.0
0.95,3.5,4.7,3,9.5,Cloudy,Medium,Evening,Bike,Urban,Sunday,27.3
6.54,7.9,4.4,8,22.9,Rain,High,Morning,Scooter,Suburban,Saturday,58.0
7.02,5.1,3.7,5,14.4,Cloudy,High,Evening,Bike,Suburban,Sunday,54.3
8.12,3.3,4.4,4,17.2,Clear,Medium,Morning,Bike,Urban,Sunday,47.3
16.76,3.9,4.0,4,21.7,Rain,High,Evening,Bicycle,Urban,Saturday,117.2
2.78,10.6,4.1,4,16.0,Rain,High,Evening,Scooter,Urban,Wednesday,46.9
10.2,7.5,4.1,2,16.7,Rain,Medium,Morning,Car,Urban,Tuesday,57.3
9.55,2.7,4.2,2,14.5,Cloudy,High,Morning,Car,Suburban,Friday,68.1
4.61,3.9,4.5,1,17.1,Rain,High,Morning,Bicycle,Suburban,Saturday,61.5
1.27,7.9,4.3,7,8.3,Clear,Medium,Night,Car,Urban,Saturday,24.8
8.84,1.4,3.7,7,18.3,Clear,Low,Afternoon,Bike,Suburban,Friday,41.3
10.41,2.3,3.6,4,24.1,Rain,Medium,Evening,Car,Urban,Saturday,67.6
1.63,6.0,4.4,4,17.5,Clear,Low,Evening,Scooter,Suburban,Friday,20.2
6.16,1.8,4.4,2,10.0,Rain,High,Evening,Bike,Urban,Friday,54.3
4.37,2.7,4.6,9,21.6,Clear,High,Morning,Bike,Suburban,Monday,49.3
4.21,3.8,4.1,5,20.6,Clear,High,Night,Bike,Suburban,Thursday,48.7
0.99,5.5,4.3,6,20.6,Clear,,Afternoon,Scooter,Urban,Monday,29.3
8.7,1.1,4.3,3,11.0,Rain,Medium,Evening,Car,Urban,Monday,50.8
3.08,5.7,3.6,5,15.9,Rain,High,Evening,Scooter,Suburban,Thursday,49.3
12.97,3.5,3.5,3,24.3,Clear,High,Evening,Bike,Urban,Monday,86.9
3.56,3.7,4.4,3,18.7,Clear,Low,Night,Bike,Suburban,Sunday,27.3
7.58,0.8,4.3,5,16.0,Clear,High,Morning,Car,Rural,Thursday,68.4
3.03,3.1,4.7,1,30.8,Clear,Medium,Afternoon,Bike,Suburban,Friday,44.1
3.69,1.3,4.9,4,20.0,Rain,Low,Afternoon,Scooter,Urban,Tuesday,36.3
3.62,8.3,4.0,6,17.9,Clear,Medium,Afternoon,Car,Suburban,Saturday,38.7
13.24,2.6,4.0,4,15.3,Clear,Medium,Morning,Car,Rural,Thursday,64.7
3.59,7.2,3.6,2,9.3,Clear,High,Morning,Scooter,Urban,Thursday,32.5
9.65,3.6,4.3,5,14.9,Cloudy,High,Afternoon,Scooter,Urban,Friday,65.9
8.58,7.3,3.4,5,23.3,Rain,,Afternoon,Bike,Urban,Thursday,71.9
7.85,0.6,3.8,5,19.8,Cloudy,High,Afternoon,Bicycle,Suburban,Friday,68.4
6.96,1.7,4.3,6,22.9,Cloudy,High,Evening,Scooter,Urban,Saturday,62.8
1.84,6.9,3.9,2,11.0,Storm,Medium,Evening,Scooter,Urban,Saturday,35.3
7.28,,4.1,2,18.3,Cloudy,,Afternoon,Bike,Urban,Wednesday,41.8
8.6,2.8,4.1,6,16.6,Rain,Medium,Afternoon,Scooter,Suburban,Sunday,47.9
10.03,2.1,3.7,5,11.3,Cloudy,High,Morning,Bike,Urban,Wednesday,67.0
1.05,1.1,3.4,4,25.4,Clear,Medium,Evening,Scooter,Suburban,Tuesday,35.6
8.33,0.7,4.4,4,19.1,Rain,Medium,Afternoon,Scooter,Suburban,Wednesday,52.4
5.54,0.7,4.1,5,21.3,Cloudy,High,Morning,Car,Rural,Wednesday,63.6
12.06,3.3,4.3,7,10.8,Cloudy,Low,Afternoon,Bike,Rural,Wednesday,46.0
5.68,3.2,4.1,4,11.3,Clear,Low,Afternoon,Car,Urban,Saturday,30.1
2.14,,4.1,4,10.9,Clear,High,Morning,Bike,Suburban,Friday,38.3
4.54,1.9,4.2,4,12.1,Fog,High,Evening,Scooter,Urban,Sunday,61.3
7.56,2.6,4.1,4,24.9,Clear,Medium,Evening,Bike,Rural,Monday,57.6
5.91,0.5,,7,13.6,Clear,High,Evening,Bike,Urban,Friday,54.0
4.41,3.8,3.8,5,19.3,Clear,Medium,Evening,Car,Suburban,Monday,43.9
5.39,4.1,5.0,3,17.2,Cloudy,High,Evening,Bike,Suburban,Thursday,48.5
3.45,4.8,4.5,2,10.5,Rain,High,Afternoon,Car,Urban,Wednesday,40.8
15.76,4.5,4.7,6,27.5,Cloudy,Medium,Evening,Bike,Suburban,Friday,71.6
5.49,3.0,4.6,9,19.6,Fog,High,Afternoon,Scooter,Urban,Saturday,63.2
3.05,8.3,4.0,3,22.3,Cloudy,Medium,Afternoon,Bike,Urban,Tuesday,34.5
2.91,2.2,4.1,6,16.1,Clear,High,Evening,Scooter,Urban,Tuesday,43.4
7.03,4.5,4.2,7,15.1,Clear,Low,Afternoon,Car,Urban,Wednesday,41.9
20.7,1.2,4.0,5,53.3,Clear,Medium,Afternoon,Scooter,Suburban,Tuesday,117.3
11.39,1.2,4.5,1,5.8,Rain,Medium,Evening,Bike,Rural,Friday,56.6
4.25,4.2,3.8,4,17.0,Clear,High,Evening,Car,Urban,Thursday,45.8
0.94,1.5,3.7,2,25.4,Clear,Low,Night,Scooter,Urban,Saturday,34.7
8.98,4.2,3.7,3,18.9,Fog,Medium,Afternoon,Bike,Rural,Sunday,58.8
2.73,4.4,4.0,4,19.6,Cloudy,Medium,Afternoon,Scooter,Suburban,Wednesday,32.0
0.88,8.8,4.0,2,22.0,Clear,High,Evening,Scooter,Urban,Sunday,39.2
5.93,1.1,3.9,4,,Rain,Low,Afternoon,Car,Rural,Saturday,44.9
6.47,1.0,4.2,5,11.8,Cloudy,High,Evening,Bike,Urban,Tuesday,48.5
3.23,3.4,3.7,5,15.2,Rain,Medium,Afternoon,Bike,Suburban,Saturday,33.8
7.54,6.8,4.4,2,17.9,Rain,High,Morning,Bicycle,Urban,Thursday,83.4
2.88,3.3,3.7,5,26.1,Clear,Medium,Morning,Scooter,Suburban,Friday,44.6
1.38,15.0,3.7,3,15.5,Clear,Medium,Evening,Scooter,Urban,Friday,24.4
2.51,4.1,3.9,1,19.1,Clear,High,Morning,Bicycle,Urban,Sunday,52.3
2.29,3.9,4.1,6,13.9,Rain,Medium,Afternoon,Bike,Suburban,Saturday,36.8
1.1,2.6,4.5,3,31.0,Cloudy,Medium,Afternoon,Bike,Urban,Saturday,44.3
1.91,4.6,4.1,3,19.1,Rain,High,Morning,Car,Urban,Wednesday,43.6
0.75,6.7,3.5,2,16.9,Cloudy,High,Afternoon,Scooter,Suburban,Sunday,37.2
0.7,3.7,4.3,5,20.2,Clear,High,Evening,Bicycle,Suburban,Friday,43.0
3.18,6.3,4.3,5,40.1,Clear,Medium,Morning,Scooter,Urban,Saturday,61.7
2.69,3.6,3.9,2,9.4,Clear,High,Evening,Bike,Urban,Saturday,39.2
17.73,1.1,4.2,4,10.5,Clear,High,Evening,Bike,Rural,Monday,97.6
1.98,0.9,4.7,6,16.1,Cloudy,High,Afternoon,Bike,Urban,Wednesday,41.8
3.02,5.2,3.8,4,9.8,Fog,Medium,Morning,Bicycle,Urban,Saturday,43.3
4.8,3.7,4.5,4,7.2,Clear,Medium,Evening,Bike,Urban,Sunday,33.4
7.89,6.5,4.6,5,22.3,Cloudy,Medium,Morning,Scooter,Urban,Saturday,47.7
15.41,5.3,4.2,6,21.1,Clear,Low,Afternoon,Bike,Rural,Thursday,66.9
4.84,0.9,3.7,9,28.5,Rain,Low,Night,Bike,Urban,Tuesday,51.4
3.79,2.3,4.6,2,6.6,Clear,Medium,Night,Bike,Urban,Thursday,28.7
2.41,1.6,4.5,3,23.7,Cloudy,High,Evening,,Urban,Wednesday,53.7
4.42,3.2,4.4,3,14.8,Clear,Medium,Afternoon,Bike,Urban,Sunday,35.2
9.3,3.0,,3,19.1,Clear,Medium,Evening,Bicycle,Urban,Friday,62.9
8.72,0.8,4.6,5,25.5,Cloudy,High,Evening,Car,Rural,Wednesday,83.2
5.58,2.1,3.8,3,22.0,Clear,Medium,Afternoon,Bike,Suburban,Thursday,41.3
7.28,2.1,4.5,5,23.9,Cloudy,Medium,Evening,Car,Urban,Sunday,55.5
5.27,4.4,4.0,3,18.9,Clear,High,Morning,Bike,Urban,Friday,52.1
5.93,3.1,3.5,6,25.3,Fog,Medium,Morning,Bike,Urban,Tuesday,57.2
5.16,1.9,,4,11.3,Clear,Low,Afternoon,Bike,Urban,Thursday,24.8
1.83,1.7,4.3,2,7.5,Cloudy,Medium,Morning,Car,Suburban,Thursday,29.6
4.5,0.8,4.2,4,8.7,Rain,Medium,Morning,Scooter,Urban,Wednesday,41.3
4.85,5.2,4.3,3,24.3,Cloudy,High,Evening,Bike,Suburban,Saturday,53.6
15.07,5.3,4.0,3,7.4,Clear,Low,Night,Scooter,Rural,Tuesday,46.3
2.43,6.9,4.2,4,40.6,Cloudy,High,Evening,Scooter,Urban,Thursday,66.5
10.01,2.0,4.4,1,17.4,Clear,High,Evening,Car,Rural,Thursday,76.1
3.17,8.3,5.0,6,10.6,Cloudy,Medium,Night,Scooter,Urban,Thursday,20.6
11.04,5.2,,3,23.0,Clear,Medium,Morning,Car,Urban,Friday,58.1
8.49,5.7,4.5,5,9.9,Rain,Low,Afternoon,Scooter,Suburban,Friday,37.1
4.64,2.5,4.4,5,8.8,Rain,Medium,Afternoon,Bike,Urban,Tuesday,31.2
0.5,2.3,4.2,2,7.6,Clear,Medium,Morning,Car,Urban,Wednesday,24.5
8.74,4.8,3.7,5,9.5,Clear,Medium,Evening,Bike,Suburban,Saturday,44.1
1.18,7.1,4.7,5,13.2,Clear,Low,Afternoon,Scooter,Urban,Sunday,18.8
0.78,8.3,4.2,1,17.4,Cloudy,High,Afternoon,Scooter,Suburban,Monday,32.3
7.56,7.6,3.9,2,29.0,Clear,Medium,Morning,Bike,Urban,Monday,55.5
5.74,4.3,3.8,3,10.4,Cloudy,,Morning,Bike,Suburban,Sunday,38.1
5.38,1.2,4.2,8,15.9,Cloudy,Low,Night,Scooter,Urban,Tuesday,29.7
2.52,0.2,3.8,4,28.1,Fog,High,Morning,Car,Urban,Sunday,70.3
1.0,5.5,3.9,4,16.0,Clear,Medium,Morning,Car,Urban,Saturday,31.0
0.5,1.7,3.9,5,29.4,Clear,High,Afternoon,Scooter,Suburban,Monday,45.1
5.36,10.1,4.2,5,11.5,Clear,High,Afternoon,Bike,Urban,Monday,37.8
4.03,7.4,4.4,8,17.9,Cloudy,High,Evening,Bike,Rural,Sunday,54.6
6.01,3.3,4.0,3,8.9,Clear,Low,Afternoon,Car,Urban,Tuesday,30.0
1.57,3.6,4.1,3,13.8,,Medium,Morning,Bike,Urban,Thursday,31.2
4.71,4.9,4.2,4,15.3,Clear,Medium,Afternoon,Car,Urban,Tuesday,37.6
1.76,3.5,3.9,3,16.0,Rain,Medium,Evening,Bike,Urban,Friday,41.3
12.91,5.1,,7,24.4,Fog,Medium,Evening,Bike,Rural,Saturday,77.2
5.2,3.3,4.0,3,26.5,Clear,High,Evening,,Urban,Friday,56.5
4.42,2.3,4.3,6,11.5,Clear,Medium,Evening,Scooter,Suburban,Monday,34.0
2.02,1.7,4.8,3,17.7,Clear,High,Evening,Scooter,Urban,Friday,42.6
1.12,2.4,3.7,3,22.0,Clear,Medium,Morning,Bike,Urban,Friday,39.2
5.38,3.8,4.2,6,16.3,Storm,Medium,Afternoon,Car,Suburban,Tuesday,49.0
6.95,1.5,4.1,4,9.6,Cloudy,Medium,Afternoon,Scooter,Rural,Saturday,46.0
4.22,6.0,4.1,3,22.4,Cloudy,Low,Afternoon,Car,Suburban,Friday,34.9
4.04,3.8,4.0,8,16.3,Fog,High,Evening,Scooter,Urban,Monday,54.0
3.85,2.8,4.6,3,27.1,Cloudy,Low,Afternoon,Bike,Suburban,Sunday,38.0
8.56,1.5,3.2,3,7.9,,Medium,Evening,Scooter,Suburban,Thursday,38.0
3.9,6.4,3.7,4,19.5,Cloudy,High,Evening,Scooter,Urban,Tuesday,47.5
1.8,8.1,4.6,4,29.5,Clear,Low,Afternoon,Scooter,Suburban,Monday,28.8
6.3,0.3,4.6,5,11.8,Clear,High,Night,Scooter,Urban,Wednesday,48.3
6.15,3.6,4.8,3,19.7,Storm,Medium,Evening,Bike,Suburban,Wednesday,52.8
8.05,7.2,4.3,6,11.4,Clear,High,Evening,Car,Rural,Wednesday,67.4
4.09,4.9,4.3,8,16.0,Cloudy,Medium,Afternoon,Bike,Rural,Saturday,39.1
5.18,0.9,3.4,5,15.6,Clear,Medium,Afternoon,Bike,Suburban,Friday,35.8
1.46,2.6,4.2,5,19.0,Clear,Low,Afternoon,Car,Suburban,Monday,28.7
5.22,1.4,4.4,5,21.7,Cloudy,High,Morning,Bike,Suburban,Friday,55.9
10.1,1.5,4.0,2,9.9,Rain,Low,Afternoon,Bicycle,Urban,Friday,48.5
6.24,3.4,4.1,9,38.2,Cloudy,Medium,Night,Scooter,Urban,Thursday,60.5
10.46,4.5,4.6,4,,Clear,High,Evening,Bike,Urban,Sunday,72.4
,,4.7,3,21.6,Clear,Medium,Morning,Bike,Urban,Wednesday,42.1
6.51,3.1,4.2,3,11.1,Cloudy,Low,Afternoon,Bike,Rural,Monday,35.0
4.58,4.5,4.1,4,29.0,Cloudy,Medium,Morning,Bike,Suburban,Monday,52.1
5.58,0.9,4.4,5,12.5,Rain,High,Morning,Bike,Urban,Wednesday,54.6
5.36,1.5,4.0,4,8.0,Cloudy,Low,Night,Bike,Urban,Thursday,27.2
2.09,1.7,4.5,3,22.7,Rain,Low,Afternoon,Bike,Suburban,Monday,33.1
3.98,2.5,4.0,3,14.8,Rain,Medium,Afternoon,Scooter,Urban,Friday,36.4
8.37,2.7,4.4,5,,Clear,Medium,Evening,Bike,Suburban,Sunday,58.3
4.71,3.4,4.1,4,17.8,Cloudy,High,Morning,Bike,Rural,Saturday,56.6
4.58,2.1,,4,14.6,Rain,Medium,Afternoon,Bike,Urban,Friday,41.3
5.51,4.8,4.3,2,27.2,Fog,Medium,Evening,Bike,Urban,Friday,54.7
5.51,2.2,4.0,3,17.3,Clear,High,Evening,Bike,Urban,Saturday,54.4
1.1,1.2,4.5,3,14.2,,Medium,Night,Bike,Urban,Thursday,28.1
1.7,1.9,3.8,5,15.7,Clear,High,Evening,Bike,Urban,Wednesday,48.3
8.17,1.3,4.2,5,23.2,Rain,Low,Afternoon,Bicycle,Urban,Wednesday,58.5
8.09,0.4,3.9,7,14.9,Fog,High,Evening,Bike,Urban,Monday,69.8
4.1,9.4,4.6,3,30.2,Fog,Medium,Night,Bike,Urban,Friday,49.1
5.02,0.4,4.4,5,14.4,Clear,High,Evening,Scooter,Urban,Thursday,44.9
1.88,2.4,4.1,8,13.6,Clear,Low,Night,Scooter,Suburban,Monday,18.6
1.35,3.1,4.1,1,7.2,Rain,Medium,Evening,Bike,Urban,Tuesday,28.6
0.81,3.0,4.8,6,23.4,Cloudy,High,Evening,Car,Suburban,Saturday,40.7
1.32,0.4,4.4,1,24.2,Fog,High,Morning,Scooter,Urban,Tuesday,63.5
5.01,3.4,3.9,8,23.9,Clear,High,Evening,Bicycle,Urban,Thursday,61.5
3.68,6.4,4.5,4,21.9,Rain,Medium,Afternoon,Bicycle,Urban,Tuesday,48.4
4.4,0.9,3.9,3,20.1,Rain,Medium,Evening,Scooter,Suburban,Tuesday,42.8
4.35,3.3,4.2,4,17.2,Clear,Medium,Evening,Scooter,Urban,Saturday,39.1
1.66,3.4,3.4,4,16.9,Clear,Medium,Night,Bike,Urban,Monday,32.2
5.22,2.8,4.5,3,10.4,Rain,High,Night,Car,Urban,Wednesday,45.5
15.19,10.3,3.9,3,24.5,Clear,High,Afternoon,Scooter,Rural,Sunday,100.3
1.68,2.8,4.1,2,29.9,Rain,High,Evening,Bike,Urban,Thursday,61.1
3.88,2.0,3.6,6,14.8,Cloudy,High,Evening,Bike,Urban,Friday,49.0
6.43,0.7,4.2,2,7.9,Cloudy,Low,Afternoon,Scooter,Suburban,Friday,25.8
8.07,7.0,4.2,6,18.6,Clear,High,Morning,Scooter,Urban,Tuesday,63.3
5.64,1.3,3.7,6,22.0,Storm,High,Morning,Car,Urban,Wednesday,70.8
1.87,3.7,4.2,6,26.3,Rain,High,Evening,Bike,Suburban,Wednesday,52.3
0.73,7.5,4.0,5,33.9,Rain,Medium,Afternoon,Car,Urban,Tuesday,53.7
3.17,4.3,4.6,4,19.9,Rain,Low,Night,Bike,Urban,Tuesday,29.2
3.56,0.8,3.9,4,17.3,Cloudy,High,Afternoon,Scooter,Urban,Friday,43.4
8.08,4.9,4.3,4,18.8,Fog,High,Night,Bike,Urban,Monday,71.2
7.05,1.9,3.6,2,5.7,Cloudy,High,Afternoon,Bike,Rural,Monday,58.0
1.64,4.7,4.2,2,5.6,Cloudy,High,Evening,Scooter,Suburban,Friday,30.9
2.23,9.4,4.3,2,9.4,Clear,Medium,Morning,Bike,Suburban,Thursday,20.6
5.6,4.4,4.3,3,17.6,Clear,Medium,Evening,Bike,Urban,Friday,41.0
4.07,3.0,4.1,2,19.6,Rain,Medium,Evening,Car,Suburban,Monday,45.7
3.59,0.2,4.8,4,16.0,Clear,Low,Night,Bike,Suburban,Friday,22.9
8.21,1.7,4.0,2,21.8,Rain,High,Evening,Car,Urban,Saturday,75.1
3.14,1.3,4.3,3,18.1,Fog,High,Morning,Scooter,Rural,Thursday,59.7
7.26,4.3,4.0,5,20.5,Clear,High,Afternoon,Bike,Urban,Saturday,59.3
0.5,7.2,3.8,8,21.8,Clear,Medium,Morning,Car,Suburban,Wednesday,31.6
7.01,4.0,3.7,7,27.1,Cloudy,High,Morning,Car,Urban,Monday,69.8
4.54,,3.8,4,17.5,Clear,High,Evening,Car,Urban,Wednesday,52.3
4.34,3.3,4.4,6,18.4,Rain,High,Evening,Car,Suburban,Thursday,53.9
4.4,2.9,4.7,3,16.0,Cloudy,Medium,Evening,Scooter,Suburban,Saturday,39.3
7.0,6.7,4.4,3,15.4,Cloudy,High,Evening,Bicycle,Urban,Wednesday,61.5
1.59,5.2,4.0,3,20.6,Cloudy,High,Evening,Bike,Urban,Wednesday,38.1
6.02,8.0,3.9,3,15.7,Cloudy,High,Evening,Bike,Suburban,Sunday,49.7
7.14,7.5,4.2,7,20.2,Clear,High,Morning,Scooter,Urban,Tuesday,61.7
3.74,11.3,3.8,6,17.5,Clear,Medium,Morning,Bike,Urban,Friday,37.4
2.5,5.8,4.5,3,15.0,Clear,Medium,Evening,Scooter,Suburban,Wednesday,31.5
0.89,5.2,4.3,4,10.4,Fog,Medium,Evening,Bike,Urban,Sunday,36.8
18.56,3.0,3.8,1,5.8,Clear,Medium,Morning,Bike,Urban,Tuesday,62.8
4.39,3.4,4.7,2,11.2,Clear,Medium,Afternoon,Car,Urban,Friday,35.2
5.1,6.2,3.7,2,20.0,Clear,Medium,Evening,Bike,Rural,Thursday,50.3
1.8,2.5,4.2,2,24.9,Clear,Medium,Morning,Bike,Urban,Sunday,43.4
2.62,6.9,4.5,6,13.0,Clear,Low,Afternoon,Scooter,Suburban,Sunday,20.1
11.23,3.0,4.4,3,11.2,Rain,Medium,Night,Car,Rural,Saturday,59.0
1.8,,3.9,5,22.9,Clear,High,Evening,Car,Suburban,Monday,40.1
2.52,8.9,4.0,4,10.4,Cloudy,Medium,Morning,Bike,Urban,Thursday,26.6
6.48,5.3,3.8,2,14.6,Clear,Medium,Evening,Car,Urban,Saturday,36.6
3.07,3.6,4.2,6,11.4,Cloudy,Low,Afternoon,Scooter,Urban,Friday,22.9
4.26,10.5,4.5,4,26.6,Clear,High,Evening,Car,Suburban,Sunday,50.1
5.72,2.1,3.4,8,24.7,Rain,Medium,Afternoon,Bike,Rural,Saturday,50.5
1.47,1.8,4.4,2,13.0,Fog,Medium,Evening,Bike,Suburban,Wednesday,35.8
1.64,1.7,4.0,4,14.5,Clear,Medium,Afternoon,Scooter,Urban,Tuesday,25.0
3.86,3.9,4.1,6,22.9,Fog,Medium,Afternoon,Scooter,Urban,Wednesday,43.8
7.7,3.5,3.7,5,22.5,Clear,Low,Evening,Bike,Rural,Friday,50.1
4.53,4.4,3.9,11,16.8,Cloudy,High,Morning,Scooter,Urban,Thursday,44.5
8.19,0.7,4.9,3,12.8,Rain,High,Morning,Scooter,Suburban,Monday,66.1
2.48,0.8,4.0,5,8.0,Clear,High,Afternoon,Bike,Urban,Saturday,35.7
1.01,1.8,4.1,3,24.3,Cloudy,High,Evening,Scooter,Suburban,Monday,45.3
6.6,4.0,3.8,3,24.3,,Medium,Evening,Bike,Suburban,Wednesday,45.1
4.69,2.5,5.0,7,19.1,Rain,Low,Night,Car,Urban,Thursday,41.9
6.31,1.3,4.3,4,19.2,Clear,Low,Afternoon,Scooter,Urban,Thursday,36.1
4.68,1.6,4.1,4,13.5,Fog,High,Afternoon,Scooter,Suburban,Monday,54.1
2.68,5.5,4.5,2,10.3,Clear,Medium,Morning,Bicycle,Urban,Saturday,33.2
2.68,8.0,4.3,3,10.5,Fog,High,Evening,Scooter,Urban,Saturday,44.3
2.26,2.6,4.1,4,8.3,Clear,High,Night,Bike,Urban,Friday,32.7
9.05,1.3,4.1,4,12.9,Cloudy,High,Evening,Scooter,Urban,Sunday,69.7
14.24,4.1,3.6,6,13.6,Clear,Medium,Evening,Bicycle,Suburban,Tuesday,67.9
5.83,9.7,4.0,3,18.3,Clear,High,Afternoon,Bike,Urban,Tuesday,44.0
3.35,3.7,4.0,3,30.5,Clear,Medium,Night,Scooter,Urban,Monday,42.8
6.89,3.9,4.3,4,14.6,Cloudy,Low,Afternoon,Bike,Rural,Friday,39.5
5.23,3.1,4.1,7,11.4,Clear,Medium,Morning,Car,Urban,Tuesday,40.8
1.25,4.7,4.4,5,11.8,Cloudy,High,Afternoon,Scooter,Urban,Sunday,35.5
5.7,3.9,4.2,3,10.6,Storm,Low,Morning,Bicycle,Suburban,Friday,49.7
6.77,0.6,3.8,4,21.3,Clear,High,Morning,Scooter,Rural,Saturday,61.0
0.5,4.6,4.7,2,21.3,Clear,High,Morning,Bike,Suburban,Thursday,38.3
10.53,3.7,4.0,3,18.1,Clear,High,Afternoon,Scooter,Suburban,Saturday,69.7
6.72,1.4,4.4,1,7.7,Clear,High,Evening,Car,Urban,Thursday,49.7
1.12,2.0,3.7,4,23.2,Cloudy,High,Afternoon,Bike,Urban,Thursday,37.8
10.03,0.9,4.4,8,12.1,Rain,Medium,Afternoon,Bike,Rural,Saturday,53.2
6.56,5.1,3.5,4,17.7,Clear,Medium,Night,Scooter,Rural,Tuesday,47.7
7.36,6.0,4.9,2,19.3,Clear,High,Evening,Scooter,Urban,Sunday,62.6
3.82,4.1,4.4,6,17.8,Cloudy,High,Afternoon,Bike,Urban,Friday,44.1
4.0,2.5,4.1,6,17.7,Clear,Medium,Afternoon,Bike,Urban,Saturday,34.2
4.24,3.4,4.4,5,13.2,Cloudy,Medium,Night,Bike,Urban,Tuesday,34.9
6.96,,3.7,4,10.4,Fog,Medium,Morning,Scooter,Rural,Monday,53.4
1.75,4.0,4.1,3,26.1,Clear,Medium,Afternoon,Scooter,Suburban,Monday,34.8
10.55,5.4,4.4,4,,Cloudy,Medium,Night,Scooter,Urban,Friday,43.6
5.8,2.1,4.4,5,15.9,Rain,Low,Afternoon,Car,Urban,Tuesday,36.9
1.42,3.7,4.1,3,25.5,Rain,High,Evening,Bike,Urban,Sunday,49.4
2.53,1.7,4.3,4,8.3,Rain,Medium,Evening,Scooter,Urban,Sunday,40.2
10.63,5.1,4.6,4,7.5,Rain,Medium,Evening,Bike,Suburban,Monday,47.4
1.1,1.8,4.4,2,29.1,Cloudy,Medium,Afternoon,Bike,Urban,Friday,42.1
5.66,10.5,3.4,9,19.7,Cloudy,High,Afternoon,Scooter,Urban,Tuesday,49.5
1.65,3.4,4.1,1,14.1,Rain,High,Afternoon,Scooter,Suburban,Wednesday,38.1
8.2,2.5,4.2,3,11.7,Rain,Medium,Morning,Bicycle,Rural,Tuesday,56.6
3.83,2.2,3.7,3,14.0,Cloudy,High,Evening,Bike,Urban,Saturday,45.8
5.33,3.4,3.7,2,7.7,Clear,Low,Afternoon,Bike,Urban,Sunday,23.6
4.33,9.0,4.7,4,17.6,Rain,High,Evening,Scooter,Urban,Monday,48.8
1.5,1.5,3.9,6,26.9,Clear,High,Evening,Scooter,Urban,Tuesday,46.7
10.34,5.1,4.0,4,14.9,Clear,High,Evening,Bike,Urban,Thursday,68.6
6.24,1.8,3.8,3,16.9,Clear,Medium,Afternoon,Car,Suburban,Thursday,40.8
8.52,1.3,4.3,7,18.6,Clear,Medium,Afternoon,Car,Urban,Monday,43.6
3.69,4.4,4.3,2,21.6,Cloudy,High,Night,Scooter,Urban,Saturday,44.0
6.53,2.6,4.9,5,13.7,Clear,Medium,Evening,Scooter,Suburban,Sunday,42.0
8.58,3.2,3.9,2,21.6,Cloudy,Medium,Evening,Bike,Urban,Wednesday,57.6
5.01,4.2,4.3,3,12.2,Cloudy,Low,Night,Scooter,Suburban,Saturday,31.7
4.9,9.0,3.4,4,17.7,Clear,Medium,Evening,Scooter,Suburban,Friday,34.4
5.6,5.0,3.6,5,18.3,Clear,Medium,Morning,Car,Suburban,Friday,42.0
5.58,,4.7,9,28.9,Cloudy,Medium,Evening,Scooter,Suburban,Saturday,54.1
5.09,5.4,4.6,5,28.9,Rain,Medium,Morning,Bike,Suburban,Thursday,46.6
7.09,1.1,4.3,3,12.0,Clear,High,Evening,Bike,Suburban,Thursday,55.3
3.64,2.9,4.6,4,15.0,Clear,Low,Night,Bike,Urban,Tuesday,27.7
9.88,2.3,3.7,3,26.4,Clear,High,Afternoon,Bicycle,Urban,Friday,83.8
0.57,11.7,4.8,4,14.5,Clear,High,Afternoon,Car,Urban,Tuesday,31.7
6.44,1.7,3.8,3,9.0,Clear,High,Morning,Car,Urban,Tuesday,51.8
9.51,5.0,4.3,3,29.4,Storm,Medium,Night,Car,Urban,Thursday,66.5
2.5,2.2,5.0,5,23.0,Clear,High,Morning,Bike,Urban,Wednesday,45.9
3.0,1.7,3.8,6,17.5,Clear,,Morning,Scooter,Urban,Tuesday,33.5
10.01,1.9,4.7,3,11.7,Rain,High,Afternoon,Scooter,Urban,Tuesday,70.9
6.4,3.6,4.5,4,11.5,Cloudy,High,Morning,Bike,Urban,Saturday,54.8
6.71,3.1,3.9,3,10.8,Clear,Medium,Afternoon,Scooter,Suburban,Friday,35.2
3.5,2.6,4.9,4,21.1,,High,Afternoon,Scooter,Urban,Wednesday,47.7
3.28,6.1,3.8,4,25.3,Fog,High,Afternoon,Car,Suburban,Saturday,63.9
3.5,2.8,4.1,2,8.4,Clear,High,Morning,Bike,Urban,Saturday,48.0
3.22,5.8,4.4,2,11.8,Clear,Low,Morning,Car,Suburban,Monday,24.5
3.54,3.3,4.1,3,8.3,Rain,Low,Afternoon,Bicycle,Suburban,Friday,29.5
5.96,1.4,5.0,2,12.9,Rain,High,Morning,Bicycle,Urban,Wednesday,60.4
5.7,3.5,3.7,6,15.9,Storm,High,Evening,Bike,Rural,Thursday,73.3
1.66,3.5,4.8,5,18.1,Clear,Medium,Morning,Bike,Urban,Friday,33.3
9.2,13.2,3.3,3,6.5,Fog,Medium,Afternoon,Scooter,Suburban,Monday,42.2
2.48,7.5,3.1,5,16.0,Clear,Low,Afternoon,Bike,Suburban,Thursday,26.8
3.0,8.4,4.2,8,22.1,Rain,Low,Afternoon,Bike,Urban,Wednesday,33.8
1.22,3.1,4.4,5,18.1,Fog,High,Morning,Car,Suburban,Thursday,55.1
4.95,2.2,4.7,2,19.0,Clear,High,Morning,Bike,Urban,Monday,47.0
2.41,2.8,4.8,6,19.8,Clear,High,Evening,Scooter,Urban,Saturday,46.6
1.61,2.7,4.2,7,10.2,Cloudy,High,Morning,Bicycle,Urban,Thursday,47.6
7.52,5.9,4.3,9,30.1,Rain,Low,Afternoon,Scooter,Urban,Tuesday,41.9
11.83,2.3,4.2,7,26.7,Clear,High,Afternoon,Car,Urban,Saturday,88.5
2.71,5.5,4.7,5,13.1,Rain,Low,Afternoon,Bike,Suburban,Monday,27.3
6.46,6.5,3.7,1,12.7,Clear,Medium,Afternoon,Bike,Urban,Friday,35.0
5.21,4.7,3.9,4,11.0,Clear,Medium,Evening,Bike,Urban,Thursday,37.7
4.57,1.2,4.5,1,16.7,Clear,Medium,Evening,Bike,Suburban,Monday,36.4
1.54,4.5,4.6,4,19.5,Fog,Medium,Afternoon,Bike,Urban,Tuesday,41.9
4.88,1.1,4.7,8,27.0,Clear,Medium,Afternoon,Car,Urban,Monday,49.6
6.64,3.5,4.1,1,12.9,Cloudy,Low,Afternoon,Car,Suburban,Saturday,36.2
19.52,2.8,4.0,4,17.8,Clear,Medium,Afternoon,Bike,Rural,Friday,69.5
0.65,4.8,4.4,7,13.6,Fog,High,Evening,Bike,Urban,Monday,44.4
6.4,2.4,3.7,3,20.5,Rain,High,Morning,Scooter,Urban,Monday,55.7
4.57,2.2,4.8,4,25.8,Clear,Medium,Afternoon,Scooter,Suburban,Sunday,40.7
8.61,2.5,4.0,5,23.5,,Low,Night,Bike,Rural,Tuesday,49.5
9.26,2.6,4.0,3,27.4,Clear,High,Morning,Bike,Urban,Wednesday,76.7
2.67,1.1,4.4,6,16.7,Clear,High,Afternoon,Bike,Urban,Friday,39.9
11.67,6.7,3.9,3,9.0,Rain,High,Evening,Scooter,Urban,Monday,72.6
0.57,2.7,3.7,5,7.2,Cloudy,Medium,Morning,Bike,Suburban,Sunday,21.9
9.91,5.5,4.6,5,14.8,Clear,High,Morning,Car,Rural,Monday,71.8
7.61,4.4,3.8,3,14.4,Rain,High,Morning,Bike,Suburban,Saturday,66.0
4.74,2.8,4.2,5,21.8,Cloudy,Medium,Night,Scooter,Urban,Wednesday,35.4
2.41,2.3,4.2,2,12.9,Clear,Medium,Morning,Scooter,Suburban,Tuesday,33.2
2.79,1.0,3.4,3,10.1,Clear,Medium,Morning,Bike,Suburban,Wednesday,28.9
5.72,,3.8,8,23.1,Clear,High,Morning,Car,Urban,Sunday,59.9
2.17,1.3,4.3,3,17.4,Cloudy,Medium,Morning,Scooter,Suburban,Thursday,36.1
10.16,,4.6,3,22.1,Clear,High,Evening,Car,Urban,Monday,81.8
3.92,5.4,3.9,6,27.1,Cloudy,High,Afternoon,Scooter,Urban,Sunday,58.2
3.66,2.4,3.8,3,24.0,Clear,Medium,Evening,Scooter,Suburban,Tuesday,44.7
,1.9,4.4,1,16.0,Rain,High,Evening,Bike,Urban,Monday,51.9
6.99,2.4,4.5,5,16.8,Clear,High,Evening,Scooter,Rural,Monday,59.2
4.75,1.2,4.5,6,9.7,Cloudy,High,Morning,Scooter,Urban,Saturday,49.5
15.24,1.4,4.2,2,19.1,Clear,High,Evening,Bike,Urban,Tuesday,95.5
3.84,5.8,3.9,6,24.2,Clear,Medium,Evening,Bike,Urban,Tuesday,37.6
4.64,7.9,4.4,6,12.7,Clear,Medium,Morning,Bike,Urban,Sunday,32.3
6.94,3.2,4.1,6,9.7,Cloudy,High,Evening,Bike,Urban,Friday,49.9
9.99,0.7,4.4,3,13.3,Rain,High,Evening,Bike,Suburban,Wednesday,75.0
4.72,7.6,4.0,8,10.3,Clear,Low,Afternoon,Scooter,Urban,Friday,21.2
3.52,10.0,4.1,5,26.6,Rain,High,Night,Bicycle,Urban,Tuesday,58.2
7.44,3.9,4.4,5,16.2,Cloudy,Low,Afternoon,Bike,Suburban,Thursday,34.8
2.15,2.0,3.4,4,9.2,Cloudy,High,Evening,Bike,Urban,Wednesday,41.7
9.83,5.5,,6,20.2,Cloudy,,Night,Bike,Suburban,Friday,48.3
8.11,3.1,4.1,4,11.8,Clear,Medium,Afternoon,Bike,Urban,Saturday,42.4
7.3,5.1,3.1,5,27.6,Rain,High,Evening,Scooter,Urban,Wednesday,69.0
5.44,0.9,4.2,5,11.8,Rain,Medium,Afternoon,Bike,Suburban,Tuesday,35.3
6.33,2.3,4.0,6,17.7,Rain,High,Evening,Bicycle,Suburban,Wednesday,66.8
6.32,1.2,3.8,6,12.4,Clear,High,Evening,Car,Suburban,Saturday,53.0
5.06,1.6,4.9,4,19.2,Cloudy,High,Morning,Scooter,Urban,Saturday,51.1
2.68,0.8,4.5,3,15.6,Clear,Low,Afternoon,Bicycle,Urban,Saturday,28.5
6.45,1.6,4.1,2,23.4,Cloudy,Medium,Afternoon,Scooter,Suburban,Sunday,40.7
1.51,6.6,4.2,4,22.8,Clear,High,Morning,Bicycle,Suburban,Saturday,48.8
1.78,1.7,4.3,3,14.2,Clear,Low,Morning,Bike,Suburban,Sunday,32.0
10.17,0.8,3.5,2,13.5,Cloudy,Medium,Afternoon,Bicycle,Urban,Friday,53.1
1.75,1.7,5.0,2,14.7,Rain,High,Morning,Bike,Suburban,Tuesday,43.1
8.73,0.9,4.2,2,17.0,Clear,High,Morning,Bike,Urban,Friday,67.3
1.69,3.3,4.8,6,42.4,Cloudy,Medium,Evening,Bicycle,Urban,Tuesday,67.8
3.7,1.8,3.8,4,21.4,Cloudy,High,Evening,Bike,Urban,Monday,53.6
3.98,2.6,4.4,7,17.9,Fog,High,Evening,Bike,Urban,Wednesday,56.1
1.13,2.0,3.7,7,11.2,Cloudy,High,Afternoon,Bike,Suburban,Wednesday,32.3
5.95,2.6,3.1,6,10.0,Clear,High,Night,Bike,Urban,Friday,51.4
1.32,0.8,4.5,2,6.5,Clear,High,Evening,Bike,Urban,Wednesday,33.3
4.79,1.6,4.2,4,25.4,Cloudy,High,Morning,Scooter,Rural,Monday,61.1
1.27,4.4,3.9,4,13.3,Clear,High,Morning,Scooter,Suburban,Sunday,35.4
0.55,4.7,2.9,3,25.8,Fog,High,Evening,Car,Urban,Friday,59.4
11.49,2.8,4.0,6,8.5,Fog,High,Morning,Bike,Rural,Tuesday,88.7
2.77,2.9,4.3,9,18.5,Fog,High,Afternoon,Car,Urban,Tuesday,59.7
3.32,0.6,3.7,2,11.3,Clear,Medium,Night,Scooter,Suburban,Monday,26.8
3.66,3.9,4.2,3,21.0,Rain,Medium,Morning,Car,Urban,Sunday,44.1
2.87,6.6,3.9,5,,Cloudy,High,Morning,Car,Urban,Tuesday,42.7
1.63,0.9,3.7,1,28.3,Clear,High,Night,Car,Urban,Sunday,51.3
2.64,5.2,4.1,2,9.3,Clear,,Evening,Bike,Urban,Tuesday,36.0
3.64,0.9,3.3,5,17.1,Clear,High,Morning,Scooter,Urban,Saturday,52.5
1.54,3.2,4.3,5,14.9,Clear,Low,Night,Car,Urban,Monday,23.5
2.72,0.8,4.2,6,23.5,Fog,Low,Evening,Scooter,Suburban,Thursday,43.8
7.89,1.0,4.4,3,13.1,Rain,Medium,Afternoon,Bike,Urban,Wednesday,50.0
2.62,1.5,4.6,5,27.4,Clear,Medium,Evening,Scooter,Urban,Wednesday,45.7
12.22,1.3,4.1,3,23.9,Cloudy,High,Afternoon,Car,Rural,Sunday,92.0
0.5,6.1,3.1,7,23.1,Clear,Medium,Morning,Bike,Suburban,Friday,32.8
,3.4,4.1,5,11.2,Clear,Medium,Evening,Scooter,Rural,Tuesday,52.4
0.87,1.4,3.7,5,8.6,Clear,Medium,Afternoon,Car,Urban,Saturday,23.0
5.94,4.5,4.7,5,19.4,Cloudy,Medium,Evening,Scooter,Urban,Monday,47.2
7.25,5.0,4.0,5,21.4,Cloudy,High,Evening,Bike,Urban,Sunday,67.6
5.47,4.0,4.5,3,15.7,Rain,Medium,Morning,Scooter,Urban,Thursday,41.8
3.06,3.6,4.7,6,18.1,Rain,High,Evening,Scooter,Urban,Tuesday,50.5
1.25,3.7,3.9,3,28.6,Clear,High,Morning,Bike,Suburban,Tuesday,51.5
5.65,1.3,4.2,2,8.8,,High,Evening,Scooter,Suburban,Tuesday,49.5
2.74,3.2,4.2,4,17.6,Clear,High,Afternoon,Scooter,Suburban,Sunday,42.4
3.41,6.2,5.0,5,23.0,Clear,High,Evening,Car,Urban,Wednesday,53.1
2.09,8.7,4.6,4,30.9,Cloudy,High,Evening,Car,Suburban,Tuesday,53.1
3.67,2.9,3.7,5,13.3,Clear,Medium,Afternoon,Car,Urban,Saturday,34.3
7.38,1.9,3.9,5,18.2,Clear,Medium,Evening,Scooter,Rural,Tuesday,52.4
1.71,1.5,,3,14.6,Clear,High,Evening,Bike,Urban,Monday,41.1
5.16,5.9,3.8,6,20.7,Clear,High,Evening,Car,Urban,Friday,55.6
10.15,1.5,4.0,3,22.0,Fog,High,Evening,,Urban,Monday,89.4
7.62,2.6,3.9,5,19.9,Clear,Medium,Night,Scooter,Suburban,Saturday,44.8
15.3,2.5,4.2,4,12.6,Cloudy,Medium,Afternoon,Bike,Rural,Friday,59.9
7.22,4.9,4.1,7,19.8,Storm,High,Afternoon,Scooter,Rural,Tuesday,77.4
1.89,3.8,,4,17.2,Cloudy,High,Morning,Scooter,Suburban,Thursday,45.7
3.98,10.0,3.9,2,8.4,Clear,High,Evening,Bike,Rural,Tuesday,40.2
3.16,,3.5,4,49.6,,Medium,Afternoon,Bike,Suburban,Thursday,80.9
3.49,6.0,4.0,7,16.2,Clear,Low,Afternoon,Bike,Urban,Friday,25.4
4.05,2.1,3.9,3,21.5,Clear,Medium,Morning,Bike,Suburban,Saturday,46.1
1.64,3.8,4.7,6,9.0,Cloudy,Medium,Evening,Scooter,Urban,Thursday,26.9
4.57,6.2,4.5,7,,Clear,Medium,Afternoon,Car,Urban,Saturday,36.5
3.85,5.7,4.6,2,9.3,Rain,High,Evening,Car,Urban,Monday,40.5
4.62,1.0,4.5,4,13.4,Clear,Medium,Morning,Bicycle,Urban,Sunday,41.9
7.45,1.4,3.4,4,10.3,Cloudy,Low,Night,Bike,Rural,Tuesday,40.9
7.04,3.9,3.8,4,20.6,Rain,Medium,Morning,Bike,Rural,Saturday,50.6
4.18,2.6,3.6,5,12.6,Storm,High,Morning,Scooter,Urban,Thursday,59.6
7.48,3.1,4.7,3,19.4,Clear,High,Evening,Scooter,Suburban,Monday,51.0
5.07,2.5,4.5,2,11.0,Clear,Medium,Night,Scooter,Urban,Wednesday,24.2
3.93,5.4,4.3,3,12.2,Fog,High,Morning,Car,Urban,Sunday,58.9
2.31,3.5,3.9,3,19.1,Cloudy,High,Afternoon,Scooter,Urban,Saturday,39.0
3.23,2.8,4.0,2,9.0,Clear,High,Evening,Scooter,Urban,Friday,39.3
1.2,12.1,3.8,6,18.7,Clear,High,Evening,Bicycle,Urban,Wednesday,44.5
6.53,6.1,4.4,3,11.5,Rain,Medium,Afternoon,Bike,Urban,Friday,37.9
2.33,7.0,4.2,4,,Cloudy,Low,Afternoon,Car,Urban,Tuesday,27.5
1.86,1.3,4.4,5,25.3,Cloudy,Medium,Evening,,Urban,Friday,38.8
4.26,12.7,4.3,3,22.4,Rain,Medium,Evening,Bike,Rural,Tuesday,46.0
2.19,11.7,4.5,4,10.4,Clear,Medium,Evening,Bicycle,Urban,Saturday,29.9
2.7,5.4,4.3,5,7.9,Clear,High,Evening,Car,Urban,Friday,33.4
8.45,3.4,4.6,1,22.0,Cloudy,High,Morning,Car,Urban,Wednesday,71.1
2.29,1.8,4.4,4,24.4,Fog,Medium,Night,Bike,Urban,Friday,47.6
9.69,5.7,4.0,3,17.8,Clear,High,Evening,Bike,Urban,Wednesday,73.8
8.51,10.2,4.3,6,19.4,Rain,High,Evening,Scooter,Urban,Tuesday,68.2
8.3,3.5,4.3,6,8.4,Clear,Medium,Morning,Bike,Suburban,Tuesday,30.2
5.7,1.4,4.1,4,14.2,Clear,Medium,Morning,Bike,Urban,Tuesday,43.2
0.95,3.1,4.1,6,23.4,Fog,High,Evening,Bike,Suburban,Tuesday,50.2
7.71,2.2,4.5,2,7.7,Clear,Medium,Morning,Bike,Urban,Friday,37.2
1.06,1.6,4.4,3,12.9,Clear,Medium,Night,Car,Urban,Saturday,28.7
1.7,0.8,4.5,8,18.0,Rain,Low,Afternoon,Scooter,Urban,Thursday,34.3
2.69,9.4,4.2,7,26.3,Clear,Medium,Evening,Bike,Urban,Sunday,39.4
2.35,7.4,4.6,8,17.1,Clear,High,Evening,Scooter,Urban,Sunday,42.1
6.76,2.4,4.4,5,23.2,Rain,Medium,Afternoon,Bike,Urban,Monday,45.3
6.21,0.4,3.8,4,23.6,Clear,Low,Afternoon,Bike,Urban,Thursday,42.2
3.55,4.3,4.0,4,,Cloudy,High,Evening,Scooter,Suburban,Sunday,48.2
5.65,7.9,3.8,2,6.0,Clear,Medium,Evening,,Urban,Tuesday,28.7
4.28,10.1,3.7,7,31.1,Clear,Medium,Afternoon,Bike,Urban,Wednesday,44.5
3.82,4.3,5.0,6,16.5,Rain,High,Evening,Scooter,Suburban,Sunday,52.6
2.91,1.8,4.8,4,21.3,Clear,Medium,Night,Bike,Urban,Saturday,35.5
2.1,3.9,4.6,3,19.1,Rain,Medium,Afternoon,Scooter,Suburban,Saturday,35.5
2.83,2.8,4.3,5,15.6,Fog,High,Morning,Bike,Rural,Sunday,57.5
11.07,2.6,3.9,3,22.6,Rain,Low,Afternoon,Scooter,Rural,Tuesday,57.0
2.23,6.8,3.7,4,29.5,,Medium,Afternoon,Scooter,Urban,Friday,35.6
2.4,4.4,4.1,2,11.7,Clear,Medium,Morning,Bike,Urban,Saturday,26.3
2.12,1.1,3.9,4,32.1,Fog,High,Morning,Scooter,Suburban,Tuesday,66.2
4.63,6.9,4.4,4,13.4,Cloudy,Medium,Evening,Car,Suburban,Monday,39.1
5.39,9.5,4.2,3,19.2,Rain,High,Afternoon,Bike,Suburban,Tuesday,49.9
2.49,1.7,4.5,6,18.6,Rain,Medium,Night,Scooter,Urban,Saturday,40.3
3.92,4.3,4.2,3,9.2,Clear,Low,Afternoon,Car,Urban,Friday,21.0
,2.8,3.5,5,18.2,Clear,Medium,Morning,Bike,Urban,Sunday,44.6
6.65,0.7,4.1,5,18.6,Cloudy,High,Evening,Car,Urban,Wednesday,64.2
4.92,3.9,4.3,1,21.3,Cloudy,High,Evening,Bike,Urban,Friday,51.4
3.35,5.5,4.3,2,14.0,Clear,Low,Afternoon,Car,Rural,Monday,27.6
5.26,3.9,3.9,6,21.9,Cloudy,High,Morning,Car,Urban,Sunday,55.2
4.11,7.6,4.0,4,13.0,Rain,High,Morning,Bicycle,Suburban,Thursday,45.4
6.42,3.7,3.9,9,16.4,Clear,High,Afternoon,Scooter,Rural,Saturday,55.2
1.76,0.8,3.5,5,17.1,Clear,Medium,Afternoon,Scooter,Urban,Wednesday,23.8
6.17,,4.1,2,13.1,Rain,Low,Afternoon,Bike,Urban,Monday,37.3
,6.4,4.4,6,16.4,Rain,Medium,Morning,Bike,Suburban,Monday,41.5
4.27,0.2,4.0,4,15.9,Fog,Medium,Afternoon,Car,Urban,Saturday,48.0
2.53,2.1,3.7,4,11.7,Clear,Medium,Night,Bike,Urban,Tuesday,28.4
2.02,3.8,4.5,2,22.4,Fog,Medium,Evening,Car,Suburban,Saturday,41.0
2.08,6.4,4.7,8,33.0,Rain,Medium,Afternoon,Bike,Suburban,Tuesday,45.6
2.97,8.2,4.0,4,18.9,Rain,High,Morning,Bike,Suburban,Thursday,46.7
14.02,2.7,3.8,3,5.8,Clear,Low,Afternoon,Bike,Rural,Tuesday,47.1
0.85,3.3,4.1,5,26.6,Clear,Low,Afternoon,Scooter,Urban,Monday,28.4
3.84,2.2,4.3,5,10.2,Cloudy,Medium,Evening,Bike,Suburban,Thursday,35.6
2.99,3.5,4.0,7,13.3,Clear,Medium,Evening,Bike,Suburban,Wednesday,34.0
4.98,1.2,3.6,6,22.6,,Low,Night,Bicycle,Suburban,Thursday,37.3
1.68,4.5,4.5,5,19.1,Fog,Low,Night,Car,Suburban,Friday,27.3
3.25,0.3,4.2,4,26.8,Clear,High,Night,Car,Suburban,Wednesday,47.0
11.53,4.2,4.7,3,10.4,Fog,Low,Night,Bike,Rural,Friday,49.1
4.31,2.8,4.2,5,28.6,Cloudy,Medium,Morning,Bike,Urban,Friday,50.2
2.67,6.5,4.7,3,9.5,Rain,Medium,Morning,Scooter,Suburban,Monday,33.8
1.93,5.4,4.1,7,16.3,Clear,Medium,Afternoon,Bike,Urban,Wednesday,25.2
8.52,2.5,3.9,6,18.6,Cloudy,High,Evening,Scooter,Suburban,Monday,66.5
1.24,5.2,4.0,1,16.9,Cloudy,High,Morning,Bicycle,Suburban,Monday,42.2
9.27,1.3,4.8,6,26.7,Fog,High,Evening,Bike,Suburban,Monday,88.3
4.23,0.9,4.1,5,22.0,Clear,High,Evening,Car,Urban,Friday,55.1
3.48,4.2,4.8,4,11.9,Clear,Medium,Afternoon,Bike,Urban,Monday,25.1
7.29,0.8,4.0,3,22.2,Fog,High,Morning,Bike,Urban,Saturday,81.6
7.5,8.7,3.6,7,17.2,Clear,Medium,Afternoon,Bike,Urban,Saturday,46.7
4.02,0.6,4.4,5,8.3,Cloudy,High,Morning,Bicycle,Urban,Monday,48.0
10.3,6.2,3.9,5,18.5,Clear,Medium,Evening,Scooter,Rural,Friday,58.8
1.5,2.8,4.3,3,19.1,Clear,Medium,Evening,Car,Urban,Monday,35.5
9.67,4.6,4.2,5,20.1,Cloudy,High,Evening,Bike,Rural,Monday,79.8
2.3,3.5,4.2,4,19.6,Cloudy,High,Afternoon,Car,Urban,Sunday,44.0
8.61,2.1,4.8,6,18.3,Cloudy,High,Afternoon,Scooter,Suburban,Thursday,63.5
8.09,1.8,4.2,5,12.1,Cloudy,Medium,Afternoon,Scooter,Urban,Monday,44.3
1.53,4.9,4.2,4,24.6,Rain,Medium,Evening,Car,Suburban,Saturday,46.2
1.45,6.6,4.0,5,18.4,Storm,Medium,Evening,Car,Suburban,Sunday,50.3
3.38,3.9,4.4,3,15.7,,Medium,Morning,Scooter,Suburban,Thursday,40.1
14.86,4.5,4.3,3,18.6,Clear,Low,Night,Bike,Rural,Friday,52.6
2.78,3.7,4.0,3,14.9,Clear,High,Morning,Car,Urban,Saturday,42.2
13.62,1.1,4.5,1,20.1,Rain,High,Night,Bike,Urban,Saturday,86.2
1.28,1.2,4.1,3,27.1,Clear,High,Morning,Bicycle,Urban,Thursday,59.3
2.23,8.2,4.4,6,11.3,Cloudy,Medium,Afternoon,Bike,Suburban,Saturday,21.9
1.5,2.8,3.6,2,6.9,Cloudy,High,Evening,Bike,Urban,Thursday,33.7
4.06,6.0,4.5,6,,Cloudy,High,Morning,Bike,Urban,Tuesday,46.6
,2.4,3.9,9,14.7,Rain,High,Afternoon,Scooter,Suburban,Monday,41.0
8.94,1.6,4.4,5,18.8,Cloudy,High,Afternoon,Bike,Urban,Wednesday,68.6
2.56,2.3,4.6,7,33.3,Cloudy,Low,Afternoon,Car,Suburban,Monday,42.0
6.51,5.1,4.3,6,33.0,Clear,Medium,Evening,Scooter,Suburban,Monday,59.5
1.58,1.8,4.6,4,13.6,Cloudy,High,Evening,Bike,Suburban,Thursday,34.1
3.12,3.7,3.7,5,12.1,,High,Evening,Scooter,Suburban,Sunday,39.6
6.91,4.6,4.1,7,16.2,Rain,Medium,Afternoon,Car,Rural,Monday,50.3
9.58,3.3,3.9,4,20.8,Clear,Low,Afternoon,Car,Suburban,Tuesday,47.1
9.94,3.6,3.9,5,12.2,Clear,Medium,Afternoon,,Rural,Saturday,49.7
6.48,3.7,3.6,4,9.0,Clear,Low,Afternoon,Bicycle,Urban,Wednesday,34.3
0.99,1.8,4.2,3,13.0,Cloudy,Low,Morning,Bike,Suburban,Saturday,22.5
,2.6,4.5,2,14.8,Fog,Low,Night,Scooter,Suburban,Thursday,30.3
1.61,1.7,4.6,2,15.0,Clear,High,Evening,Car,Urban,Friday,37.2
2.37,2.5,3.7,4,12.1,Clear,High,Evening,Scooter,Urban,Tuesday,41.4
7.44,5.4,4.0,5,10.3,Clear,High,Afternoon,Bike,Urban,Wednesday,48.7
2.64,5.4,3.9,2,16.2,Storm,Medium,Afternoon,Scooter,Urban,Friday,42.1
8.59,3.7,3.8,5,18.2,Rain,Low,Afternoon,Bike,Rural,Monday,51.6
11.03,3.2,4.0,3,10.9,Clear,Medium,Afternoon,Bike,Urban,Tuesday,41.5
3.01,4.4,4.2,9,22.6,Cloudy,High,Afternoon,Bike,Urban,Wednesday,48.2
1.1,3.6,4.0,3,16.2,Rain,High,Morning,Car,Urban,Friday,43.4
1.64,2.5,3.6,4,18.0,Rain,High,Morning,Bike,Urban,Thursday,40.5
5.63,3.1,4.5,4,16.7,Cloudy,Low,Night,Scooter,Urban,Friday,35.2
,1.3,4.2,6,13.5,Rain,High,Afternoon,Bicycle,Urban,Friday,44.0
0.98,1.2,4.3,5,28.8,Cloudy,High,Night,Car,Urban,Monday,47.2
17.12,7.4,4.3,3,18.3,Clear,High,Morning,Scooter,Urban,Sunday,91.6
7.82,5.1,4.4,4,11.2,Clear,High,Evening,Scooter,Suburban,Saturday,54.0
1.9,2.1,4.2,7,23.6,Clear,High,Morning,Bike,Urban,Tuesday,51.2
12.99,3.1,3.8,7,26.3,Clear,High,Afternoon,Scooter,Suburban,Thursday,88.8
15.0,2.4,4.7,1,20.2,Clear,High,Morning,Bike,Urban,Wednesday,89.0
11.43,3.0,4.4,4,16.8,Rain,High,Morning,Bike,Urban,Sunday,82.1
6.12,5.1,3.8,5,16.1,Rain,High,Night,Bike,Rural,Wednesday,57.5
3.63,0.3,3.8,4,14.9,Clear,Medium,Afternoon,Scooter,Urban,Wednesday,29.7
5.46,4.2,4.9,3,18.4,Clear,Medium,Evening,Bike,Urban,Sunday,43.9
2.09,1.1,4.1,2,24.0,Cloudy,Medium,Afternoon,Bike,Suburban,Friday,40.4
7.42,15.0,3.9,3,25.2,Cloudy,Medium,Afternoon,Car,Urban,Monday,42.0
4.76,5.9,3.9,2,8.0,Clear,Medium,Afternoon,Bike,Suburban,Friday,29.9
7.28,0.9,4.3,4,12.7,Rain,Medium,Morning,Scooter,Suburban,Saturday,42.7
6.61,1.0,4.0,3,7.9,Clear,High,Night,Bike,Rural,Wednesday,47.9
10.73,1.9,4.2,2,17.3,Clear,High,Evening,Scooter,Rural,Thursday,84.4
1.36,3.0,5.0,3,27.2,Rain,Medium,Evening,Bike,Urban,Friday,49.3
2.47,1.8,3.6,3,13.7,Cloudy,Medium,Afternoon,Bike,Suburban,Thursday,25.2
2.87,2.0,4.0,4,22.1,Clear,High,Morning,Car,Urban,Sunday,55.0
5.61,0.4,4.2,2,6.2,Rain,High,Night,Scooter,Suburban,Thursday,39.6
6.96,,3.5,4,18.0,Fog,Low,Afternoon,Bike,Suburban,Friday,39.3
1.56,2.9,4.3,4,16.4,Clear,,Morning,Bike,Urban,Saturday,32.1
8.52,8.9,4.5,2,21.1,Cloudy,High,Afternoon,Scooter,Urban,Monday,64.5
5.15,2.0,,4,9.4,,High,Evening,Bike,Urban,Monday,47.2
5.94,11.1,4.1,6,18.7,Cloudy,High,Evening,Scooter,Urban,Sunday,52.8
6.92,4.5,4.2,3,30.3,Clear,High,Evening,Scooter,Urban,Saturday,67.0
6.09,3.2,4.4,4,11.5,Clear,High,Evening,Scooter,Rural,Wednesday,57.5
8.42,8.0,5.0,1,8.5,Clear,High,Morning,Car,Urban,Monday,55.8
2.34,1.0,3.9,3,22.7,Rain,Low,Night,Bike,Suburban,Tuesday,32.6
3.5,3.1,4.4,1,22.4,Clear,Low,Afternoon,Car,Suburban,Monday,36.8
3.1,2.6,4.1,4,20.5,Fog,High,Evening,Scooter,Suburban,Wednesday,54.3
13.02,6.0,4.0,5,39.6,Clear,High,Morning,Scooter,Urban,Thursday,108.7
1.89,0.6,4.2,7,19.0,Rain,Medium,Night,,Suburban,Tuesday,33.5
11.46,2.2,4.3,6,22.3,Cloudy,Medium,Afternoon,Scooter,Suburban,Friday,51.5
9.63,0.4,4.2,4,20.2,Clear,High,Morning,Bike,Suburban,Sunday,76.9
4.6,2.3,4.3,4,14.2,Rain,High,Afternoon,Bicycle,Rural,Sunday,59.1
2.29,7.1,4.1,8,16.1,Rain,Medium,Morning,Bicycle,Suburban,Saturday,40.9
2.32,2.3,3.8,5,16.7,Cloudy,High,Morning,Bike,Urban,Thursday,45.3
12.37,1.6,4.5,5,14.0,Clear,High,Evening,Scooter,Rural,Thursday,82.0
8.44,5.0,4.5,4,16.8,Cloudy,Medium,Afternoon,Car,Urban,Thursday,41.8
2.33,1.7,4.5,4,22.3,Cloudy,Medium,Night,,Suburban,Tuesday,42.8
1.03,6.5,4.4,6,11.5,Clear,Low,Afternoon,Scooter,Urban,Saturday,12.0
6.03,8.7,3.9,2,8.9,Rain,High,Evening,Bike,Urban,Friday,46.0
4.14,3.3,3.8,8,17.7,Clear,High,Afternoon,Scooter,Urban,Friday,46.5
1.24,4.4,4.5,3,14.8,Cloudy,High,Evening,Bike,Urban,Tuesday,41.1
11.91,6.9,3.7,3,10.8,Cloudy,Medium,Evening,Scooter,Rural,Tuesday,51.2
3.92,3.3,3.9,5,21.4,Storm,High,Afternoon,Scooter,Urban,Sunday,67.9
1.56,0.8,5.0,6,12.7,Clear,Medium,Night,Scooter,Suburban,Tuesday,21.6
2.61,7.4,4.3,6,10.4,Clear,High,Afternoon,Bike,Urban,Monday,27.3
16.36,4.5,4.2,4,18.3,Clear,Low,Morning,Scooter,Rural,Friday,60.9
0.5,2.5,3.4,5,20.4,Rain,,Evening,Scooter,Urban,Friday,33.8
,1.1,3.9,6,19.9,Cloudy,Medium,Evening,Bike,Urban,Monday,37.9
1.14,2.3,4.5,6,11.8,Clear,High,Morning,Bike,Urban,Tuesday,35.9
3.16,3.9,3.6,3,7.6,Clear,High,Afternoon,Bike,Urban,Saturday,37.3
8.83,4.3,4.3,6,33.8,Fog,High,Night,Car,Rural,Sunday,95.0
9.26,5.4,3.6,2,17.1,Cloudy,High,Evening,Scooter,Rural,Thursday,73.2
3.88,7.7,3.9,2,28.0,Cloudy,Low,Night,Scooter,Urban,Saturday,39.2
4.58,5.2,3.6,3,11.7,Clear,Medium,Afternoon,Scooter,Urban,Wednesday,34.1
2.59,3.2,4.2,3,26.4,Clear,High,Evening,Car,Urban,Friday,50.9
15.56,2.0,3.5,7,29.9,Clear,Medium,Afternoon,Scooter,Urban,Thursday,69.0
4.11,1.5,4.1,4,22.0,Clear,High,Night,Bike,Suburban,Saturday,46.2
1.35,5.7,4.4,3,14.2,Cloudy,Medium,Afternoon,Bike,Urban,Saturday,28.0
3.64,3.1,4.2,7,14.0,Clear,High,Evening,Bike,Suburban,Wednesday,41.9
10.68,1.3,4.3,4,19.7,Clear,Medium,Afternoon,Car,Rural,Tuesday,56.7
6.65,4.3,4.2,2,9.0,Clear,High,Evening,Scooter,Urban,Saturday,46.9
5.47,4.1,4.1,3,12.6,Clear,High,Evening,Car,Urban,Monday,51.6
4.29,11.8,4.1,3,17.5,Clear,Low,Afternoon,Scooter,Urban,Friday,26.3
1.82,0.4,4.3,4,28.3,Clear,Low,Night,Car,Urban,Thursday,35.9
4.9,0.8,3.7,4,28.3,Clear,Medium,Afternoon,Bicycle,Urban,Monday,59.3
3.58,0.5,4.0,7,29.7,Rain,Medium,Evening,Scooter,Suburban,Friday,47.6
2.24,1.6,4.9,3,28.0,Fog,High,Afternoon,Bike,Urban,Thursday,58.1
4.11,3.0,4.3,3,13.7,Cloudy,Medium,Afternoon,Bike,Suburban,Saturday,29.8
9.76,2.5,4.6,5,13.8,Clear,High,Afternoon,Scooter,Rural,Tuesday,64.0
3.59,8.2,4.3,5,9.0,Storm,High,Morning,Car,Rural,Monday,58.7
1.81,2.6,3.9,2,19.3,Storm,High,Morning,Scooter,Suburban,Monday,59.0
6.29,0.5,4.0,5,14.6,Cloudy,Medium,Evening,Bike,Urban,Tuesday,44.3
1.49,10.6,3.5,5,15.4,Clear,Medium,Evening,Scooter,Urban,Friday,35.2
8.15,,4.7,4,14.2,Rain,High,Evening,Scooter,Urban,Wednesday,
9.89,5.5,4.5,5,16.7,Storm,High,Morning,Bike,Rural,Monday,88.4
9.7,1.1,3.8,4,17.4,Rain,Medium,Afternoon,Car,Rural,Sunday,62.5
6.11,3.5,4.4,4,18.2,Cloudy,Medium,Morning,Scooter,Urban,Monday,35.0
3.74,7.2,4.4,3,12.5,Cloudy,High,Evening,Bike,Urban,Wednesday,44.2
8.58,6.3,4.2,5,9.3,Storm,High,Evening,Bike,Urban,Sunday,81.7
4.2,1.7,4.3,3,15.9,Clear,Low,Afternoon,Scooter,Urban,Friday,27.5
6.84,3.0,4.4,6,29.7,Clear,Medium,Evening,Scooter,Rural,Wednesday,55.0
1.26,6.4,4.3,3,16.8,Rain,Medium,Morning,Bike,Urban,Sunday,34.5
11.22,3.5,4.2,3,20.6,Clear,Medium,Afternoon,Scooter,Urban,Thursday,53.1
6.91,2.4,4.2,6,15.1,Clear,Medium,Morning,Scooter,Urban,Monday,42.7
1.67,1.2,3.9,4,26.6,,Low,Afternoon,Bike,Urban,Monday,34.8
1.27,3.0,4.5,2,12.6,Clear,High,Evening,Scooter,Urban,Sunday,
2.88,,4.9,3,13.1,Clear,High,Night,Scooter,Suburban,Wednesday,33.8
3.17,,3.7,3,18.4,Cloudy,High,Morning,Bike,Urban,Saturday,47.2
3.95,4.1,4.2,7,24.9,Clear,High,Afternoon,Bike,Suburban,Monday,55.0
8.25,3.7,3.9,3,13.7,Cloudy,High,Evening,Bike,Urban,Tuesday,61.1
8.53,5.3,4.4,6,20.4,Clear,Medium,Night,Scooter,Urban,Saturday,50.4
6.8,3.8,4.3,3,39.3,Fog,,Evening,Car,Urban,Sunday,94.1
0.64,3.8,4.2,4,17.2,Cloudy,Low,Afternoon,Scooter,Urban,Monday,18.2
10.25,0.8,3.9,3,10.1,Storm,High,Evening,Bicycle,Urban,Tuesday,94.9
,1.3,4.0,5,11.5,Clear,High,Afternoon,Bike,Urban,Friday,51.9
5.74,4.9,3.9,4,23.9,Clear,Medium,Night,Scooter,Suburban,Thursday,41.1
3.28,3.6,3.5,4,11.1,Rain,Medium,Afternoon,Scooter,Suburban,Wednesday,33.7
7.88,3.3,4.6,5,16.7,Rain,High,Evening,Car,Rural,Tuesday,71.4
,2.4,4.4,3,10.9,Clear,High,Morning,Car,Urban,Sunday,35.3
5.28,7.7,4.6,4,10.7,Cloudy,Medium,Afternoon,Scooter,Suburban,Tuesday,30.6
7.17,5.0,4.0,2,23.9,Cloudy,Medium,Evening,Scooter,Suburban,Tuesday,44.9
4.78,4.4,4.3,8,10.9,Clear,High,Evening,Bicycle,Urban,Wednesday,44.4
3.25,1.3,3.8,6,27.8,Cloudy,Medium,Afternoon,Bicycle,Urban,Monday,51.7
8.74,4.4,3.9,3,7.7,Clear,Low,Night,,Urban,Thursday,40.8
,13.6,4.9,5,16.1,Clear,High,Evening,Bike,Suburban,Wednesday,77.4
5.68,0.6,4.0,2,15.5,Rain,Low,Afternoon,Bike,Urban,Friday,35.7
7.08,5.7,4.5,5,20.6,Cloudy,Medium,Afternoon,Scooter,Urban,Wednesday,44.6
9.72,3.3,4.2,4,13.6,Rain,Medium,Afternoon,Car,Rural,Monday,56.6
2.84,3.2,3.6,4,15.3,Rain,Medium,Evening,Bike,Urban,Sunday,35.3
10.4,6.7,,7,21.5,Storm,High,Afternoon,Bike,Rural,Thursday,100.2
12.24,1.7,4.3,3,30.8,Clear,Low,Afternoon,Scooter,Suburban,Wednesday,54.0
2.34,2.4,4.4,6,20.1,Clear,High,Night,Bike,Suburban,Monday,37.6
1.71,2.8,3.5,2,27.0,Clear,Medium,Night,Car,Suburban,Friday,36.6
2.66,1.6,3.8,3,19.1,Cloudy,High,Evening,Bike,Urban,Saturday,43.5
2.24,2.7,4.3,3,27.7,Cloudy,Medium,Night,Car,Suburban,Friday,37.3
9.15,1.8,3.8,4,9.3,Rain,High,Evening,Bike,Suburban,Saturday,66.3
8.49,3.3,4.6,3,11.0,Clear,High,Evening,Scooter,Suburban,Tuesday,56.4
2.57,5.9,4.1,1,13.1,Clear,High,Evening,Scooter,Urban,Sunday,36.9
4.59,1.6,4.3,3,14.0,Rain,High,Afternoon,Bike,Urban,Tuesday,52.4
1.74,3.6,4.6,1,16.1,Rain,High,Afternoon,Scooter,Urban,Tuesday,40.7
3.7,3.1,3.7,4,13.3,Clear,Medium,Afternoon,Car,Urban,Thursday,36.2
1.67,3.0,4.3,3,25.1,Rain,Medium,Evening,Scooter,Urban,Monday,41.8
3.28,1.5,4.2,3,16.1,Cloudy,Medium,Afternoon,Bike,Suburban,Thursday,34.3
1.71,6.8,4.2,1,12.3,Rain,Low,Afternoon,Scooter,Suburban,Tuesday,21.0
8.69,6.8,4.1,4,17.3,Clear,High,Evening,Bike,Suburban,Saturday,66.8
4.71,3.0,4.2,3,12.1,Cloudy,High,Afternoon,Scooter,Urban,Saturday,41.0
5.2,,3.0,1,14.5,Clear,Medium,Morning,Scooter,Urban,Friday,41.4
2.32,2.0,4.6,5,17.8,Clear,High,Evening,Scooter,Urban,Thursday,42.7
2.97,5.9,3.6,4,11.6,Rain,Medium,Evening,Bike,Urban,Wednesday,35.7
4.45,1.5,4.8,4,8.4,Clear,High,Morning,Bike,Urban,Saturday,47.7
12.2,1.3,3.8,5,7.6,Clear,High,Morning,Bike,Urban,Thursday,72.7
4.08,3.4,3.8,6,23.6,Clear,Medium,Afternoon,Bike,Urban,Thursday,38.9
9.72,9.6,4.3,2,27.6,Clear,Medium,Evening,Scooter,Urban,Monday,58.2
3.15,1.2,4.3,3,13.3,Rain,Medium,Evening,Scooter,Urban,Tuesday,36.7
4.23,0.7,4.3,6,24.5,Clear,High,Morning,Bike,Urban,Wednesday,54.5
8.29,5.8,4.3,4,16.5,Rain,Medium,Evening,Bike,Urban,Friday,45.9
6.57,3.6,4.1,6,22.2,Rain,Medium,Morning,Scooter,Suburban,Saturday,48.2
2.21,3.9,4.0,5,23.2,Clear,Low,Afternoon,Scooter,Urban,Sunday,33.4
5.29,2.5,4.4,3,23.8,Rain,Low,Night,Car,Urban,Thursday,45.3
5.51,4.7,3.9,5,17.7,Clear,High,Morning,Bike,Urban,Thursday,48.6
8.74,5.5,4.2,6,11.9,Clear,High,Morning,Bike,Rural,Saturday,64.3
2.35,1.0,3.5,2,13.3,Clear,Low,Afternoon,Bike,Suburban,Wednesday,20.0
1.48,0.8,4.2,4,22.6,Clear,Medium,Evening,Scooter,Suburban,Thursday,35.8
10.09,1.4,,6,18.4,Clear,Medium,Night,Scooter,Urban,Friday,50.4
14.48,1.9,4.1,5,8.7,Clear,Low,Night,Bike,Suburban,Tuesday,43.4
13.02,2.8,4.8,5,26.6,Rain,High,Morning,Bike,Rural,Tuesday,93.9
3.03,3.5,4.7,5,7.8,Cloudy,Medium,Morning,,Urban,Wednesday,23.0
9.12,5.0,4.5,4,13.5,Fog,Medium,Evening,Bike,Suburban,Friday,54.4
2.02,1.9,4.5,5,11.7,Cloudy,Low,Afternoon,Scooter,Urban,Tuesday,20.6
2.14,5.7,4.2,6,10.6,Cloudy,Medium,Evening,Bike,Suburban,Tuesday,28.3
10.54,3.6,4.3,2,29.1,Clear,High,Evening,Bike,Urban,Tuesday,79.9
13.69,4.0,4.3,5,17.7,Cloudy,Medium,Morning,Bike,Urban,Saturday,61.4
7.59,1.0,4.4,3,14.7,Clear,High,Evening,Bicycle,Rural,Sunday,69.7
2.31,1.6,4.2,3,17.0,Fog,Medium,Morning,Bike,Suburban,Sunday,43.2
4.14,2.4,4.4,9,17.5,Fog,High,Afternoon,Bike,Urban,Saturday,61.1
6.42,15.0,4.2,2,5.0,Clear,High,Evening,Car,Rural,Monday,45.9
1.28,5.6,4.3,2,5.4,Cloudy,Medium,Afternoon,Bike,Urban,Monday,16.7
1.32,2.9,4.5,5,27.5,Cloudy,Medium,Evening,Bike,Urban,Thursday,41.4
5.18,2.0,3.9,6,12.6,Cloudy,Low,Evening,Bike,Suburban,Thursday,28.9
3.97,9.9,4.2,3,21.0,Clear,Low,Night,Scooter,Urban,Saturday,29.5
8.24,3.7,4.2,4,,Cloudy,High,Night,Bike,Urban,Tuesday,59.8
10.56,1.6,3.8,6,23.5,Rain,Low,Afternoon,Car,Suburban,Sunday,55.8
5.86,1.3,4.7,1,5.0,Clear,Medium,Morning,Car,Urban,Wednesday,34.4
1.86,4.5,3.8,5,18.4,Cloudy,Medium,Evening,Scooter,Urban,Friday,31.5
0.7,2.9,4.7,6,30.5,Clear,Low,Night,Bike,Urban,Saturday,32.5
3.2,6.4,3.6,2,17.0,Fog,Low,Afternoon,Car,Suburban,Thursday,31.0
2.9,1.2,3.6,2,8.1,Clear,Low,Afternoon,Car,Urban,Saturday,23.1
,5.7,4.0,2,14.8,Clear,Medium,Afternoon,Car,Urban,Saturday,33.1
5.75,6.1,4.3,4,6.7,Clear,High,Morning,Bike,Suburban,Saturday,40.0
6.04,7.4,4.3,3,11.8,Rain,Medium,Evening,Scooter,Urban,Saturday,41.2
5.06,1.8,4.6,6,29.5,Rain,High,Afternoon,Scooter,Urban,Wednesday,64.3
14.14,5.7,3.9,5,19.0,Clear,High,Evening,Bicycle,Suburban,Wednesday,97.6
1.37,2.4,4.5,1,15.3,Clear,High,Evening,Bike,Suburban,Saturday,45.6
3.35,1.5,3.5,2,25.0,Rain,High,Evening,Car,Urban,Friday,62.6
4.09,3.0,3.8,1,11.0,Clear,Low,Afternoon,Scooter,Suburban,Friday,21.5
3.03,0.5,4.0,3,13.9,Clear,Medium,Afternoon,Car,Suburban,Wednesday,27.1
2.74,4.0,3.7,6,14.8,Storm,High,Evening,Scooter,Urban,Tuesday,62.3
6.71,3.0,4.4,2,10.2,Clear,Medium,Evening,Car,Suburban,Thursday,37.0
2.38,0.9,3.9,3,8.6,Cloudy,Low,Afternoon,Bike,Suburban,Sunday,19.3
2.05,4.1,4.5,5,13.5,Clear,High,Night,Bike,Suburban,Wednesday,29.7
6.01,5.5,4.5,4,20.3,Rain,High,Morning,Bike,Urban,Tuesday,55.7
5.9,2.8,3.9,6,22.8,Rain,High,Evening,Car,Suburban,Monday,62.3
4.1,2.2,4.0,2,7.4,Clear,Low,Morning,Bike,Rural,Thursday,27.7
8.32,4.6,4.1,4,27.7,Cloudy,High,Morning,Scooter,Urban,Wednesday,74.1
12.66,8.0,4.7,6,26.5,Fog,Low,Afternoon,Bicycle,Suburban,Friday,75.1
0.88,2.7,3.8,5,16.5,Rain,High,Morning,Car,Suburban,Monday,43.9
6.76,,3.2,3,12.9,Clear,High,Morning,Scooter,Suburban,Tuesday,51.7
10.82,6.7,4.0,3,12.0,Cloudy,Medium,Morning,Car,Rural,Monday,53.0
4.54,2.3,3.8,4,15.5,Fog,Medium,Afternoon,Bike,Urban,Monday,41.6
8.65,1.7,3.6,10,21.4,Clear,High,Evening,Scooter,Urban,Saturday,65.1
4.81,4.7,4.1,4,12.3,Clear,Medium,Morning,Scooter,Suburban,Sunday,37.3
4.68,1.2,3.7,6,14.1,Clear,High,Evening,Car,Urban,Saturday,49.7
2.91,1.2,,4,11.1,Rain,High,Evening,Bike,Urban,Saturday,49.3
8.92,2.4,3.7,3,41.3,Clear,High,Morning,Bike,Suburban,Monday,87.4
4.63,2.3,5.0,3,13.6,Clear,High,Morning,Scooter,Rural,Sunday,47.3
7.57,9.3,4.6,1,31.7,Cloudy,High,Evening,Scooter,Urban,Thursday,73.6
2.29,6.0,3.9,7,16.2,Clear,High,Evening,Car,Suburban,Saturday,41.5
3.98,6.1,3.9,5,14.5,Clear,Low,Afternoon,Scooter,Urban,Friday,22.5
1.88,4.6,4.1,5,14.9,Cloudy,High,Evening,Car,Urban,Wednesday,43.0
3.15,2.4,4.4,7,21.5,Clear,High,Morning,Scooter,Urban,Tuesday,49.7
,2.8,4.0,4,21.3,Storm,High,Afternoon,Car,Urban,Monday,57.4
3.38,4.3,3.7,6,28.0,Clear,Medium,Evening,Car,Urban,Wednesday,48.5
7.92,1.5,3.6,7,16.7,,High,Afternoon,Bike,Suburban,Thursday,68.1
2.85,1.5,4.1,1,19.4,Cloudy,High,Evening,Bike,Suburban,Sunday,50.8
0.99,5.6,3.9,2,10.0,Clear,Low,Afternoon,Car,Urban,Monday,18.1
5.71,4.9,4.3,5,29.1,Clear,High,Evening,Bike,Urban,Friday,60.5
2.62,1.4,3.3,6,11.8,Cloudy,High,Afternoon,Scooter,Urban,Thursday,40.4
7.21,1.3,4.3,2,9.0,Clear,Low,Afternoon,Bike,Rural,Monday,33.6
8.26,1.4,4.0,3,15.3,Clear,High,Morning,Car,Rural,Wednesday,73.7
0.5,5.5,3.5,6,,Fog,High,Morning,Bike,Urban,Thursday,58.7
2.73,6.6,4.3,1,11.7,Cloudy,High,Evening,Scooter,Urban,Thursday,34.5
9.08,1.5,4.3,7,19.6,Fog,Medium,Morning,Scooter,Urban,Tuesday,59.0
5.48,3.7,3.8,1,14.4,Clear,Low,Morning,Bike,Suburban,Monday,32.0
4.04,1.4,4.4,6,14.4,Clear,,Morning,,Urban,Wednesday,29.5
3.77,7.5,3.6,4,19.8,Cloudy,High,Morning,Car,Urban,Saturday,53.5
7.92,0.7,3.3,2,17.2,Clear,High,Evening,Scooter,Urban,Saturday,66.7
2.63,4.0,4.1,7,23.4,Clear,Low,Afternoon,Bicycle,Urban,Tuesday,38.3
3.26,2.4,3.8,5,29.2,Clear,Medium,Night,Car,Urban,Friday,48.6
0.5,1.5,3.7,7,34.4,Clear,High,Morning,Scooter,Urban,Sunday,57.9
3.8,1.0,4.4,6,21.8,Rain,Low,Evening,Scooter,Suburban,Tuesday,41.7
5.69,1.2,4.2,5,17.9,Clear,Low,Afternoon,Bicycle,Urban,Monday,36.6
2.8,2.7,4.8,4,21.0,Storm,High,Afternoon,Scooter,Urban,Monday,59.2
5.18,1.9,4.3,6,21.1,Clear,Medium,Evening,Bike,Urban,Tuesday,47.7
3.25,3.5,4.4,3,8.5,Clear,Low,Night,Car,Urban,Saturday,26.5
,9.6,3.8,4,9.0,Clear,High,Evening,Bicycle,Suburban,Saturday,46.2
8.29,5.8,3.3,3,21.1,Cloudy,Medium,Morning,Scooter,Rural,Thursday,55.2
,5.5,4.9,3,22.4,Rain,High,Morning,Bike,Urban,Wednesday,46.9
7.18,5.4,4.3,5,9.8,Rain,High,Evening,Scooter,Rural,Saturday,67.3
3.81,4.5,4.8,3,10.9,Clear,Low,Afternoon,Car,Suburban,Tuesday,25.3
3.74,6.5,3.7,4,23.7,Clear,Low,Evening,Bike,Suburban,Monday,34.6
10.63,2.1,4.5,5,16.9,Rain,High,Evening,Car,Urban,Monday,81.8
3.67,4.5,4.3,6,19.3,Clear,Medium,Evening,Scooter,Urban,Saturday,39.8
9.19,0.7,4.6,4,,Cloudy,Medium,Evening,Bike,Urban,Friday,47.0
6.52,5.5,4.4,5,22.4,Clear,Medium,Evening,Scooter,Rural,Friday,47.2
5.21,3.5,4.1,5,9.5,Clear,High,Morning,Bike,Suburban,Friday,45.0
6.74,3.1,,6,23.2,Clear,Medium,Morning,Car,Urban,Tuesday,56.6
1.16,1.4,4.0,2,29.0,Clear,Medium,Evening,Bike,Urban,Wednesday,45.3
5.8,1.1,4.5,2,30.8,Fog,Medium,Afternoon,Car,Urban,Saturday,61.2
0.62,2.3,3.8,3,21.4,Cloudy,Medium,Afternoon,Bike,Urban,Sunday,33.1
,3.5,3.9,7,11.2,Fog,Medium,Afternoon,Bicycle,Suburban,Thursday,37.4
4.15,5.9,4.1,7,23.6,Rain,High,Evening,Car,Urban,Monday,63.1
10.76,6.5,4.4,6,16.4,Clear,High,Evening,Bike,Suburban,Sunday,72.3
5.82,6.0,4.2,3,8.1,Cloudy,Medium,Evening,Bicycle,Suburban,Wednesday,33.1
2.48,4.7,4.0,3,17.2,Clear,Medium,Afternoon,Scooter,Suburban,Wednesday,24.4
7.81,1.0,4.6,4,26.4,Rain,Medium,Afternoon,Scooter,Suburban,Monday,49.8
1.45,3.1,4.4,3,6.1,Clear,High,Afternoon,Car,Urban,Monday,31.6
0.8,8.1,4.0,2,10.9,Fog,Low,Afternoon,Car,Suburban,Friday,18.1
5.16,9.6,3.8,3,28.5,Cloudy,High,Evening,Scooter,Suburban,Friday,58.8
2.75,1.0,4.1,5,15.0,Cloudy,Medium,Evening,Bicycle,Urban,Tuesday,46.3
4.26,2.4,3.9,7,17.0,Cloudy,High,Morning,Bike,Urban,Tuesday,53.1
1.42,8.4,3.9,4,12.5,Cloudy,High,Morning,Bike,Urban,Thursday,29.3
8.35,6.6,4.4,6,8.7,Cloudy,High,Morning,Bike,Urban,Thursday,55.7
7.83,3.3,4.6,5,9.6,Cloudy,High,Night,Bike,Urban,Wednesday,54.3
1.14,4.0,4.1,1,22.4,Clear,Medium,Evening,Scooter,Urban,Tuesday,32.6
1.76,4.5,4.1,3,11.5,Cloudy,Medium,Morning,Bike,Suburban,Saturday,26.1
9.25,6.8,3.9,5,15.4,Clear,Medium,Night,Scooter,Urban,Sunday,41.3
2.72,6.6,3.7,3,11.5,Cloudy,Low,Afternoon,Bike,Urban,Wednesday,22.7
1.48,2.6,4.5,5,14.3,Cloudy,Low,Afternoon,Bike,Urban,Friday,21.3
4.62,8.0,3.7,6,22.9,Clear,,Night,Car,Urban,Saturday,40.8
7.97,8.7,3.9,2,32.0,Rain,Medium,Morning,Bike,Rural,Monday,68.7
1.43,2.9,3.9,9,33.8,Cloudy,High,Morning,Scooter,Urban,Sunday,52.8
10.99,8.4,4.3,4,17.5,Cloudy,,Evening,Car,Urban,Thursday,70.9
0.78,2.8,4.1,3,23.2,Cloudy,High,Morning,Scooter,Urban,Thursday,42.2
,5.4,3.9,2,25.3,Cloudy,High,Evening,Car,Urban,Thursday,53.9
6.85,9.2,4.7,4,24.9,Rain,High,Morning,Bicycle,Suburban,Tuesday,65.3
8.73,7.3,4.8,2,8.5,Clear,High,Morning,Bike,Suburban,Saturday,56.6
5.9,1.9,4.3,1,15.3,Clear,High,Morning,Scooter,Urban,Saturday,51.5
7.13,4.5,4.2,3,20.5,Cloudy,Medium,Afternoon,Bike,Suburban,Monday,47.3
6.39,5.0,4.0,5,12.4,Clear,Medium,Morning,Bike,Urban,Friday,35.7
4.14,4.0,4.1,6,12.4,Clear,High,Morning,Scooter,Suburban,Sunday,42.6
2.08,2.1,3.7,4,19.0,Clear,High,Evening,Scooter,Urban,Sunday,44.3
2.98,2.0,4.5,2,16.5,Clear,Medium,Afternoon,Car,Urban,Friday,33.6
1.66,3.0,4.1,5,27.4,Storm,Medium,Afternoon,Scooter,Suburban,Tuesday,45.3
4.39,1.0,3.9,7,11.0,Clear,High,Morning,Car,Suburban,Wednesday,48.0
2.05,4.9,4.0,3,7.3,Clear,Medium,Afternoon,Scooter,Urban,Tuesday,21.7
6.43,0.6,4.4,8,31.8,Fog,,Afternoon,Bike,Rural,Saturday,79.8
6.68,10.2,4.1,6,15.4,Storm,High,Evening,Bike,Rural,Saturday,75.8
4.93,3.2,3.9,5,10.4,Clear,Medium,Morning,Scooter,Urban,Sunday,37.1
3.6,2.0,3.4,7,23.2,Fog,High,Evening,Scooter,Suburban,Monday,61.2
3.84,1.3,4.1,3,14.3,Clear,Low,Night,Bike,Suburban,Sunday,29.8
1.28,6.9,4.3,5,25.0,Rain,High,Morning,Scooter,Urban,Sunday,47.1
2.49,4.5,4.0,4,16.3,Clear,High,Morning,Bike,Urban,Friday,42.5
0.5,4.0,3.8,3,9.7,Clear,High,Morning,,Suburban,Sunday,26.7
5.72,4.5,3.7,4,9.8,Clear,Medium,Evening,Bike,Suburban,Thursday,36.3
3.19,4.6,4.0,4,7.5,Rain,High,Morning,Bike,Urban,Wednesday,43.2
2.86,4.9,3.7,2,17.6,Clear,High,Evening,Bike,Urban,Tuesday,44.2
4.49,4.3,3.7,5,9.7,Cloudy,High,Evening,Bike,Urban,Monday,46.2
10.4,5.4,4.0,2,13.4,Rain,Medium,Evening,Scooter,Rural,Monday,50.7
,4.7,4.9,1,13.3,Clear,Medium,Afternoon,Bicycle,Suburban,Friday,35.9
4.95,0.7,5.0,6,20.4,Fog,Medium,Night,Bike,Urban,Wednesday,44.0
8.46,1.9,4.6,6,15.3,Clear,Medium,Morning,Scooter,Rural,Monday,53.7
1.64,1.9,4.4,3,9.4,Clear,Low,Afternoon,Scooter,Suburban,Monday,15.3
1.42,2.0,3.4,8,16.9,Clear,High,Afternoon,Scooter,Urban,Friday,33.2
2.34,1.4,5.0,2,14.8,Clear,High,Night,Bike,Urban,Sunday,45.4
10.08,4.2,4.3,3,25.1,Clear,High,Evening,Bike,Urban,Wednesday,79.3
3.92,5.6,3.7,7,31.2,Cloudy,High,Evening,Bicycle,Urban,Saturday,64.7
5.39,0.8,5.0,2,23.4,Cloudy,High,Morning,Bicycle,Urban,Sunday,65.6
2.94,1.5,4.1,7,20.7,Clear,Low,Night,Scooter,Suburban,Friday,30.8
6.65,1.0,4.5,4,13.6,Clear,,Afternoon,Scooter,Rural,Friday,31.0
2.1,0.5,4.0,3,16.4,Rain,High,Afternoon,Bike,Urban,Friday,45.1
5.54,3.5,4.4,3,20.9,Clear,Medium,Night,Bike,Suburban,Sunday,39.8
8.83,0.6,4.4,7,18.6,Cloudy,Medium,Afternoon,Bike,Rural,Wednesday,52.1
5.91,3.4,4.5,1,17.0,Fog,Medium,Afternoon,Car,Urban,Saturday,43.7
0.5,4.0,4.6,2,15.1,Clear,Medium,Evening,Bike,Urban,Wednesday,26.6
6.1,3.3,4.2,4,13.3,Cloudy,Medium,Morning,Bike,Suburban,Tuesday,34.5
1.84,3.3,4.2,3,15.1,Fog,Low,Afternoon,Bike,Suburban,Saturday,30.4
2.12,3.0,4.1,9,14.5,Cloudy,High,Morning,Bike,Urban,Saturday,41.4
7.05,5.9,3.8,5,16.1,Storm,Medium,Morning,Bike,Suburban,Saturday,55.0
7.69,8.7,3.8,6,21.9,Clear,Medium,Evening,Scooter,Suburban,Sunday,45.9
4.15,4.2,4.0,4,20.7,Cloudy,High,Evening,Scooter,Suburban,Saturday,51.0
7.36,1.9,4.6,7,35.0,Clear,Low,Afternoon,Scooter,Suburban,Thursday,51.4
2.5,1.5,4.3,3,14.1,Clear,High,Afternoon,Scooter,Urban,Sunday,38.5
2.85,0.6,4.1,8,17.7,Storm,Medium,Afternoon,Car,Urban,Tuesday,48.3
8.87,7.6,4.0,4,16.8,Clear,High,Evening,Bike,Urban,Monday,69.0
3.87,2.7,3.7,7,25.3,,High,Night,Bike,Rural,Thursday,72.2
10.44,2.9,3.8,5,30.1,Cloudy,Medium,Night,Car,Rural,Friday,69.8
3.5,3.4,4.2,3,27.7,Fog,Medium,Afternoon,Scooter,Suburban,Friday,47.5
4.55,2.3,4.2,4,11.3,Storm,High,Afternoon,Scooter,Urban,Saturday,
4.08,3.9,4.4,7,21.4,Cloudy,Medium,Afternoon,Bike,Urban,Monday,40.5
4.49,4.1,4.1,5,23.3,Storm,High,Evening,Bike,Urban,Saturday,73.7
3.44,4.4,4.4,1,37.0,Rain,High,Afternoon,Bike,Urban,Friday,63.1
4.44,1.0,3.6,5,26.7,Cloudy,Medium,Evening,Car,Urban,Sunday,55.2
5.42,0.4,3.8,5,13.0,Cloudy,Low,Evening,Scooter,Suburban,Wednesday,36.5
2.97,5.7,4.3,4,31.8,Clear,High,Afternoon,Bike,Urban,Friday,54.8
3.52,2.8,4.2,5,16.4,Clear,Low,Afternoon,Bike,Suburban,Saturday,24.3
9.94,1.7,4.4,4,26.9,Clear,Low,Afternoon,Bike,Rural,Thursday,51.3
7.4,6.2,4.6,4,28.6,Clear,High,Morning,Bike,Suburban,Tuesday,64.8
1.01,1.8,4.6,6,22.1,Clear,Medium,Morning,Scooter,Urban,Monday,35.1
8.07,1.6,4.8,6,13.9,Cloudy,Medium,Evening,Bike,Rural,Monday,51.5
11.19,2.2,4.8,3,,Cloudy,Low,Afternoon,Car,Suburban,Thursday,40.5
5.02,1.9,4.0,5,,Cloudy,High,Morning,Scooter,Urban,Friday,54.4
4.91,1.9,5.0,3,29.1,Fog,Medium,Evening,Car,Suburban,Friday,56.5
21.24,5.3,5.0,9,24.6,,High,Evening,Car,Rural,Friday,138.5
4.85,7.9,3.7,2,22.1,Fog,Medium,Afternoon,Bicycle,Urban,Monday,47.6
2.71,1.4,3.9,2,16.6,Cloudy,High,Evening,Bicycle,Urban,Monday,51.0
0.5,3.3,4.3,6,26.4,Clear,Medium,Night,Bike,Urban,Saturday,35.3
3.38,2.0,4.2,5,13.3,Fog,Medium,Evening,Bike,Urban,Saturday,42.3
3.97,6.6,3.5,4,24.5,Clear,Medium,Evening,Bike,Suburban,Friday,41.5
6.67,4.2,3.8,3,9.9,Clear,High,Morning,Scooter,Urban,Saturday,49.5
6.91,3.4,4.2,6,15.7,Clear,High,Night,Scooter,Urban,Sunday,52.4
5.57,5.2,4.1,7,20.4,,High,Afternoon,Bike,Urban,Sunday,50.8
7.58,6.2,4.4,7,23.5,Rain,Low,Night,Car,Urban,Friday,47.3
4.46,5.1,4.9,9,29.2,Clear,Medium,Evening,Car,Urban,Wednesday,47.6
1.05,5.0,3.7,3,13.9,Rain,Medium,Morning,Scooter,Suburban,Monday,30.6
3.2,8.6,5.0,1,17.4,Clear,Medium,Morning,Scooter,Urban,Friday,31.1
3.22,4.4,4.9,6,16.2,Clear,High,Evening,Bike,Urban,Thursday,41.2
4.18,1.7,3.5,7,17.0,Clear,High,Evening,Scooter,Suburban,Tuesday,45.6
14.42,3.7,3.7,6,17.2,Clear,High,Morning,Bike,Rural,Tuesday,90.0
3.74,2.4,4.0,3,25.4,Rain,High,Evening,Scooter,Urban,Sunday,58.4
3.8,8.2,3.8,2,21.0,Clear,Medium,Evening,Bike,Urban,Monday,32.3
16.07,2.5,4.4,3,16.3,Clear,Low,Afternoon,Bike,Urban,Saturday,61.2
1.87,2.6,4.4,5,9.1,Clear,High,Afternoon,Scooter,Urban,Sunday,31.2
4.74,2.9,4.2,3,25.3,Rain,High,Morning,Scooter,Urban,Friday,61.8
7.36,3.9,4.3,2,16.0,Storm,Medium,Evening,Bike,Rural,Monday,53.8
5.06,2.0,4.1,4,26.6,Cloudy,Medium,Afternoon,Bicycle,Suburban,Saturday,51.4
8.37,2.0,4.3,7,25.3,Cloudy,Medium,Evening,Bike,Urban,Friday,55.4
12.57,1.7,4.9,3,11.2,Fog,High,Afternoon,Car,Rural,Tuesday,85.1
4.68,7.7,3.2,5,20.0,Clear,Medium,Evening,Bike,Urban,Friday,45.1
3.85,4.8,4.2,1,7.4,Clear,Medium,Afternoon,Bike,Urban,Monday,29.5
7.59,2.8,4.3,4,29.1,Cloudy,High,Morning,Bicycle,Urban,Friday,82.6
6.44,2.3,4.1,7,17.9,Clear,High,Evening,Car,Urban,Sunday,61.7
6.03,1.6,4.3,4,18.7,Cloudy,Medium,Afternoon,Scooter,Rural,Thursday,45.6
14.97,2.5,4.6,7,14.6,Cloudy,Low,Afternoon,Car,Urban,Sunday,55.7
2.27,2.8,4.0,3,37.7,Clear,Low,Night,Bike,Suburban,Thursday,41.5
14.25,6.7,5.0,6,30.1,Cloudy,Medium,Night,Car,Urban,Saturday,67.7
10.09,1.5,3.6,4,19.7,Clear,High,Evening,Bike,Rural,Saturday,78.4
1.44,3.8,4.4,3,8.2,Clear,Low,Morning,Car,Suburban,Monday,25.7
,4.7,4.1,4,13.8,Rain,High,Evening,Bicycle,Urban,Sunday,48.4
4.7,1.9,4.2,3,11.9,Rain,High,Evening,Car,Urban,Sunday,53.6
8.11,,4.4,5,22.0,Clear,Medium,Afternoon,Car,Rural,Wednesday,53.6
6.55,3.7,3.9,1,13.8,Clear,High,Morning,Scooter,Urban,Saturday,54.3
3.76,1.6,4.6,3,22.6,Clear,Medium,Evening,Scooter,Urban,Tuesday,40.2
12.47,4.1,4.9,2,20.9,Clear,Medium,Afternoon,Bike,Rural,Monday,56.6
6.18,3.8,4.0,5,14.6,Clear,Medium,Evening,Car,Urban,Tuesday,50.1
3.33,5.8,4.0,3,14.5,Clear,Medium,Night,Scooter,Urban,Thursday,27.1
2.5,6.1,4.6,4,20.2,Rain,Medium,Evening,Scooter,Urban,Monday,45.9
0.59,0.9,4.5,4,19.1,Rain,High,Afternoon,Car,Urban,Tuesday,42.2
14.66,4.7,3.6,4,14.9,Rain,Medium,Afternoon,Bike,Urban,Sunday,63.3
5.91,4.1,4.4,4,31.7,Cloudy,Low,Afternoon,Car,Urban,Thursday,52.7
1.59,4.0,4.4,3,6.7,Rain,High,Morning,Car,Urban,Saturday,39.0
3.75,6.2,4.1,3,7.4,Rain,High,Evening,Bike,Urban,Tuesday,38.6
7.54,1.6,4.7,7,21.8,Fog,Medium,Evening,Bike,Urban,Monday,57.4
6.6,6.1,3.5,4,25.8,Rain,Low,Afternoon,Scooter,Rural,Saturday,46.0
1.27,4.7,3.3,3,13.5,Rain,Medium,Afternoon,Bike,Urban,Wednesday,23.7
6.41,0.8,4.6,4,10.0,Rain,High,Evening,Bicycle,Urban,Thursday,61.9
1.28,2.2,3.8,6,10.3,Cloudy,High,Morning,Bike,Urban,Sunday,35.0
7.01,3.3,4.1,5,10.9,Clear,High,Afternoon,Bike,Suburban,Wednesday,53.0
5.17,0.9,3.7,4,11.8,Clear,Medium,Afternoon,Bike,Urban,Thursday,35.5
3.84,4.6,4.5,4,9.8,Clear,Medium,Evening,Car,Urban,Friday,34.7
3.72,6.2,4.3,3,33.6,Clear,Medium,Morning,Scooter,Suburban,Monday,53.1
3.21,5.5,4.1,9,11.2,Clear,Medium,Evening,Car,Urban,Friday,34.4
5.9,5.1,3.7,2,15.0,Clear,Medium,Afternoon,Bicycle,Suburban,Thursday,43.5
7.59,2.3,4.1,5,14.8,Clear,Medium,Evening,Scooter,Rural,Tuesday,44.8
2.64,4.6,4.3,2,16.4,Storm,Medium,Morning,Bike,Suburban,Thursday,46.6
9.48,8.4,3.9,2,10.1,Clear,Low,Afternoon,Bike,Urban,Thursday,35.3
13.66,1.3,4.0,4,16.7,Clear,Medium,Afternoon,Car,Urban,Friday,60.5
3.48,1.1,4.2,5,10.1,Clear,High,Morning,Bike,Urban,Sunday,46.2
4.35,1.6,4.4,5,16.5,Clear,Medium,Morning,Car,Suburban,Saturday,43.4
4.94,3.2,4.3,4,23.1,Cloudy,High,Morning,Car,Rural,Wednesday,62.1
,1.5,4.6,6,,Cloudy,Medium,Afternoon,Scooter,Rural,Sunday,48.7
0.63,5.2,4.1,4,24.6,Clear,Medium,Morning,Scooter,Urban,Saturday,39.7
1.03,3.4,4.5,3,25.0,Cloudy,Low,Night,Bicycle,Suburban,Monday,31.3
2.92,3.3,3.7,4,9.0,Clear,High,Afternoon,Car,Urban,Monday,38.1
7.21,6.2,4.3,6,13.2,Cloudy,Medium,Evening,Scooter,Suburban,Tuesday,40.7
3.85,0.9,4.3,3,14.9,Fog,High,Night,Scooter,Urban,Monday,48.1
9.2,4.0,5.0,7,32.9,Fog,Medium,Morning,Scooter,Urban,Thursday,68.7
2.66,4.2,3.9,2,20.8,Clear,High,Evening,Bike,Urban,Wednesday,46.8
15.11,7.5,3.7,5,8.1,Rain,Medium,Evening,Bicycle,Rural,Sunday,85.2
16.38,11.2,3.9,2,24.8,Rain,Medium,Evening,Scooter,Urban,Thursday,74.4
5.07,1.2,3.9,7,23.0,Rain,High,Afternoon,Car,Urban,Tuesday,57.4
0.59,2.3,4.3,4,21.5,Clear,Medium,Afternoon,Bike,Urban,Sunday,35.5
0.57,0.6,3.7,4,21.2,Cloudy,Medium,Morning,Car,Urban,Thursday,43.3
8.06,1.5,4.3,4,14.6,Clear,Low,Afternoon,Bike,Rural,Monday,39.6
2.13,7.8,4.2,1,6.0,Clear,,Night,Car,Urban,Monday,16.1
6.9,5.4,4.5,6,27.0,Cloudy,Medium,Night,Bike,Urban,Friday,50.0
2.84,2.8,4.4,5,11.5,Clear,,Morning,Car,Suburban,Thursday,41.2
8.12,3.1,4.5,4,14.2,Clear,Medium,Evening,Scooter,Urban,Friday,43.4
2.45,1.2,4.3,4,18.8,Rain,Medium,Afternoon,Scooter,Urban,Saturday,35.4
16.01,1.3,4.6,5,12.9,Cloudy,Low,Night,Bike,Urban,Friday,50.1
9.53,3.2,3.6,1,9.3,Storm,Medium,Morning,Bike,Urban,Saturday,55.6
2.69,2.1,3.6,4,12.0,Rain,Medium,Night,Bike,Urban,Saturday,33.7
1.92,5.2,4.1,3,20.9,Rain,High,Evening,Bike,Urban,Friday,48.0
9.61,5.9,4.2,6,14.6,Rain,High,Morning,Scooter,Urban,Monday,72.7
1.55,2.2,3.8,5,11.5,Clear,Medium,Morning,Scooter,Suburban,Thursday,23.4
2.53,4.2,4.4,3,14.7,Clear,High,Evening,Bike,Suburban,Thursday,35.7
8.01,3.1,3.7,5,21.0,Fog,Medium,Morning,Scooter,Rural,Thursday,61.1
4.58,3.0,4.0,7,22.0,Clear,Medium,Afternoon,Bike,Urban,Wednesday,37.5
8.48,7.7,4.1,5,9.0,Clear,High,Night,Bike,Urban,Friday,51.8
5.21,1.0,4.4,4,22.7,Cloudy,Medium,Evening,Car,Rural,Wednesday,51.9
7.37,7.5,4.0,6,11.7,Clear,High,Afternoon,Scooter,Suburban,Thursday,48.4
4.81,5.5,4.6,6,15.4,Clear,Low,Afternoon,Scooter,Urban,Wednesday,23.5
1.49,4.0,4.8,6,20.4,Cloudy,High,Morning,Bicycle,Urban,Sunday,51.5
2.6,5.1,4.7,3,12.3,Clear,High,Night,Car,Urban,Wednesday,39.7
1.03,3.0,4.8,2,33.6,Cloudy,Medium,Afternoon,Scooter,Urban,Saturday,44.3
1.43,2.2,4.6,1,9.7,Clear,Medium,Morning,Scooter,Urban,Friday,31.8
11.44,1.6,4.4,6,16.4,Cloudy,High,Afternoon,Car,Urban,Wednesday,74.5
11.07,5.6,3.9,2,24.4,Clear,High,Night,Car,Rural,Saturday,83.1
3.8,3.8,3.9,4,15.8,Cloudy,High,Morning,Bike,Urban,Sunday,45.0
4.19,9.2,4.5,5,32.3,Clear,Medium,Evening,Scooter,Suburban,Saturday,46.4
1.88,5.3,3.5,6,19.1,Clear,High,Evening,Car,Urban,Sunday,51.6
2.86,4.0,4.7,2,9.1,Rain,Medium,Evening,Car,Suburban,Thursday,33.9
5.04,2.1,3.9,3,31.0,Clear,Medium,Night,Bike,Suburban,Sunday,50.3
0.8,2.4,3.9,3,18.6,Rain,Medium,Evening,Scooter,Urban,Sunday,35.6
0.5,2.0,4.4,3,,Clear,Low,Night,Scooter,Suburban,Saturday,17.0
2.41,4.4,4.3,5,20.6,Clear,High,Morning,Bike,Suburban,Saturday,47.9
2.11,2.9,4.0,5,49.3,Clear,Medium,Evening,Scooter,Suburban,Saturday,73.7
8.84,2.2,3.8,6,15.4,Fog,Medium,Afternoon,Scooter,Urban,Thursday,48.5
4.76,9.7,3.6,4,21.8,Clear,Medium,Afternoon,Bike,Rural,Thursday,37.2
5.12,6.6,3.3,7,15.3,Clear,High,Night,Bike,Urban,Wednesday,46.8
2.11,3.3,,2,14.5,Cloudy,Medium,Night,Car,Urban,Friday,33.8
4.91,3.5,4.1,4,16.2,Clear,Medium,Evening,Car,Urban,Wednesday,36.8
4.32,5.5,3.8,2,19.4,Rain,High,Afternoon,Car,Urban,Saturday,54.3
10.31,3.0,4.4,6,12.8,Storm,High,Afternoon,Car,Urban,Thursday,85.7
1.73,1.2,3.9,2,21.1,Cloudy,Medium,Afternoon,Bicycle,Urban,Wednesday,40.7
1.73,2.0,3.9,4,8.7,Cloudy,Low,Afternoon,Scooter,Suburban,Tuesday,16.8
17.68,3.5,4.6,4,23.6,Clear,Medium,Afternoon,Bike,Urban,Tuesday,65.1
13.67,3.5,4.4,6,10.1,Storm,High,Morning,Car,Rural,Friday,101.4
2.57,0.8,4.2,2,11.9,Cloudy,Medium,Morning,Scooter,Urban,Wednesday,34.7
1.81,5.5,3.9,4,19.8,Clear,Medium,Evening,Bike,Suburban,Monday,27.9
4.06,0.9,4.2,6,22.5,Storm,Medium,Afternoon,Bicycle,Rural,Wednesday,60.4
8.04,1.5,4.4,5,19.6,Storm,High,Night,Bike,Suburban,Wednesday,80.2
2.24,5.8,4.2,2,22.4,Clear,High,Evening,Car,Suburban,Tuesday,41.7
1.92,2.8,4.6,4,16.3,Clear,Medium,Morning,Scooter,Suburban,Wednesday,27.3
1.88,7.0,3.8,5,14.8,Rain,Medium,Morning,Bike,Urban,Friday,32.1
5.68,6.2,4.1,8,20.3,Rain,Medium,Morning,Car,Urban,Saturday,51.2
3.17,1.2,4.4,3,11.4,Cloudy,Low,Night,Car,Urban,Sunday,25.5
8.22,2.5,3.9,3,20.1,,High,Morning,Scooter,Urban,Monday,62.1
13.02,2.1,4.5,6,20.0,Clear,Medium,Afternoon,Scooter,Urban,Wednesday,57.3
4.33,2.3,4.7,2,21.9,Clear,Medium,Night,Bike,Urban,Monday,41.7
11.62,2.0,4.2,2,10.8,Clear,Medium,Night,Bike,Rural,Friday,49.3
6.98,1.4,4.3,6,18.3,Rain,High,Morning,Bike,Rural,Monday,59.9
4.19,6.6,4.1,4,14.7,Clear,Medium,Morning,Bike,Suburban,Tuesday,29.1
0.62,1.6,4.0,6,10.7,Clear,High,Morning,Bike,Suburban,Friday,30.2
4.97,2.7,4.6,3,11.7,Rain,Medium,Morning,Scooter,Urban,Wednesday,40.0
7.05,1.5,3.8,3,16.2,Clear,Medium,Morning,Bike,Urban,Thursday,43.1
1.51,3.6,4.5,4,11.7,Clear,High,Evening,Scooter,Suburban,Friday,33.0
11.6,2.7,4.0,3,5.0,Fog,High,Night,Bike,Suburban,Saturday,74.1
2.45,2.2,3.8,1,,Clear,Medium,Afternoon,Bike,Urban,Wednesday,29.9
,6.5,4.5,1,16.1,Fog,High,Evening,Bicycle,Urban,Tuesday,83.5
6.03,2.9,4.4,3,16.3,Clear,Medium,Morning,Bicycle,Urban,Thursday,46.7
1.36,3.1,3.9,4,43.8,Clear,High,Evening,Car,Urban,Monday,72.3
7.91,0.8,4.1,5,18.5,Cloudy,Medium,Evening,Bike,Urban,Monday,51.1
3.83,,4.1,6,13.6,Clear,High,Evening,Car,Urban,Thursday,42.1
,5.3,4.2,3,21.3,Cloudy,Medium,Night,Bike,Suburban,Tuesday,39.2
6.46,1.8,4.0,4,21.4,Clear,Low,Afternoon,Scooter,Rural,Monday,39.6
3.46,2.7,4.8,6,18.5,Cloudy,Medium,Morning,Car,Urban,Friday,41.2
0.81,7.4,3.7,2,6.5,Clear,Medium,Morning,Bike,Suburban,Saturday,18.5
,2.2,3.6,2,15.5,Rain,Low,Afternoon,Bicycle,Suburban,Tuesday,44.8
,4.7,4.1,2,19.4,Cloudy,Low,Night,Scooter,Urban,Friday,30.3
4.68,2.8,3.4,5,24.3,Cloudy,Low,Afternoon,Bike,Suburban,Sunday,37.7
5.42,6.6,3.9,5,16.3,Clear,Medium,Evening,Bike,Urban,Tuesday,38.0
5.14,4.0,3.9,5,18.4,Cloudy,High,Afternoon,Car,Urban,Saturday,52.3
5.77,1.9,4.2,5,10.0,Cloudy,Medium,Morning,Scooter,Urban,Tuesday,39.3
3.44,1.1,4.1,4,25.0,Clear,Low,Afternoon,Bike,Rural,Sunday,40.1
9.32,8.4,4.2,3,14.8,Cloudy,Medium,Evening,Bike,Rural,Monday,48.8
1.33,4.4,3.9,4,16.3,Clear,Medium,Evening,Bicycle,Urban,Wednesday,38.1
0.5,3.9,4.0,3,25.8,Clear,Medium,Afternoon,Bike,Urban,Sunday,40.9
5.25,2.4,4.4,3,14.7,Rain,High,Morning,Bicycle,Urban,Friday,57.5
12.86,1.0,3.3,4,18.0,Clear,High,Evening,Scooter,Suburban,Tuesday,82.6
0.5,4.1,4.3,3,12.3,Clear,Medium,Morning,Bike,Suburban,Saturday,22.6
5.63,4.0,3.3,6,25.8,Cloudy,Medium,Night,Bike,Urban,Sunday,50.1
2.89,4.7,4.2,2,5.0,Rain,Medium,Morning,Car,Suburban,Thursday,33.9
3.48,7.0,4.3,7,28.5,Clear,Medium,Morning,Scooter,Urban,Tuesday,38.5
5.5,3.7,4.3,4,9.4,Clear,High,Afternoon,Bike,Urban,Tuesday,42.8
4.97,0.9,3.9,5,21.4,Cloudy,Low,Afternoon,Bike,Urban,Sunday,34.5
3.09,4.9,4.2,5,12.0,Cloudy,Medium,Afternoon,Car,Urban,Tuesday,29.1
2.46,8.6,3.8,3,,Cloudy,Low,Afternoon,Scooter,Urban,Wednesday,29.4
5.01,3.1,4.7,3,16.9,Cloudy,High,Night,Scooter,Urban,Tuesday,48.3
0.5,3.0,4.5,6,20.9,Rain,High,Afternoon,Bike,Urban,Monday,38.2
9.1,2.8,3.8,2,22.7,Fog,Medium,Afternoon,Scooter,Rural,Thursday,56.2
2.9,3.4,4.7,6,12.7,Clear,Medium,Afternoon,Car,Urban,Wednesday,27.3
12.36,4.1,4.2,4,16.3,Clear,Medium,Morning,Bike,Rural,Monday,59.0
3.7,4.7,3.7,9,14.5,Clear,High,Evening,Bicycle,Urban,Tuesday,44.9
8.74,2.1,4.6,5,23.7,Clear,Medium,Morning,Car,Suburban,Monday,60.9
1.67,2.2,4.8,6,11.7,Clear,Medium,Evening,Bike,Urban,Monday,25.9
1.55,0.2,4.1,1,12.2,Rain,High,Morning,Car,Suburban,Tuesday,40.6
2.05,0.9,4.3,1,11.1,Clear,High,Night,Scooter,Urban,Saturday,31.2
10.1,2.6,4.1,7,29.2,Clear,Low,Afternoon,Scooter,Urban,Monday,54.3
3.59,4.1,4.4,3,28.4,Cloudy,High,Night,Bike,Urban,Wednesday,50.9
2.38,2.4,4.5,2,19.4,Storm,Medium,Afternoon,Car,Urban,Friday,48.1
7.77,5.2,4.5,3,17.8,Clear,Medium,Morning,Scooter,Rural,Saturday,49.8
5.43,2.0,3.4,7,12.4,Rain,High,Evening,Car,Rural,Friday,65.3
4.91,2.1,4.0,4,15.5,Rain,High,Evening,Bike,Suburban,Sunday,50.6
3.58,6.3,4.5,1,20.1,Clear,High,Evening,Bike,Urban,Tuesday,46.2
9.17,4.0,3.9,4,15.5,,Medium,Afternoon,Bicycle,Rural,Monday,56.5
3.73,5.7,4.3,1,16.5,Clear,High,Evening,Scooter,Suburban,Monday,35.4
3.73,4.2,3.8,5,7.4,Clear,High,Evening,Bike,Urban,Monday,40.4
6.61,3.5,4.4,2,10.1,Clear,Medium,Evening,Car,Urban,Sunday,40.3
1.28,4.1,4.2,1,18.9,Clear,Low,Afternoon,Bike,Suburban,Friday,24.3
2.62,,4.4,5,10.6,Rain,High,Evening,Car,Urban,Saturday,48.1
4.39,0.5,4.3,4,12.0,Rain,High,Evening,Car,Urban,Sunday,54.2
1.96,1.2,3.6,6,9.2,Clear,Medium,Night,,Suburban,Saturday,28.9
3.26,0.8,4.9,5,17.4,Cloudy,High,Afternoon,Scooter,Urban,Wednesday,40.6
2.27,4.0,3.7,5,12.7,Clear,High,Afternoon,Bicycle,Urban,Sunday,44.6
2.81,6.3,5.0,3,27.3,Clear,Medium,Evening,Bicycle,Urban,Thursday,46.3
1.56,1.3,3.3,3,18.9,Cloudy,High,Afternoon,Scooter,Suburban,Monday,43.9
17.29,3.8,4.2,3,18.9,Clear,Medium,Evening,Scooter,Rural,Thursday,70.0
0.5,7.8,3.6,3,10.1,Rain,Low,Afternoon,Scooter,Suburban,Sunday,24.5
2.26,5.5,4.8,8,20.6,Clear,Medium,Morning,Bike,Suburban,Saturday,32.6
3.69,4.3,3.8,3,8.6,Rain,Medium,Evening,Scooter,Suburban,Wednesday,33.7
3.66,3.3,3.7,7,14.5,Clear,High,Morning,Bike,Suburban,Saturday,42.7
8.11,4.0,4.2,5,32.4,Clear,Medium,Morning,Bike,Urban,Thursday,64.1
1.26,3.6,4.7,5,11.5,Rain,High,Evening,Bike,Urban,Friday,37.5
0.84,2.9,4.6,2,13.3,Cloudy,Medium,Evening,Car,Suburban,Wednesday,36.8
2.52,,4.1,6,15.4,Clear,Medium,Night,Bike,Suburban,Tuesday,29.3
3.69,2.1,4.0,5,26.0,Rain,High,Afternoon,Bike,Urban,Wednesday,55.6
5.52,3.9,4.3,4,10.2,Clear,Medium,Morning,Bike,Rural,Sunday,37.0
7.0,6.0,4.1,6,19.3,Clear,Medium,Night,Bike,Suburban,Sunday,34.8
1.42,1.3,4.2,5,8.1,Clear,High,Morning,Bicycle,Urban,Tuesday,39.9
2.34,10.2,4.1,4,18.7,Cloudy,Medium,Morning,Scooter,Urban,Tuesday,28.9
5.41,0.8,4.4,4,24.3,Cloudy,High,Afternoon,Bike,Urban,Monday,58.3
3.74,1.7,4.3,6,17.1,Rain,High,Afternoon,Bicycle,Urban,Saturday,47.3
8.22,4.0,4.7,4,17.2,Cloudy,High,Evening,Bike,Urban,Thursday,62.2
3.74,4.9,3.9,2,16.5,Clear,High,Evening,Scooter,Urban,Thursday,44.9
1.25,2.1,3.9,10,16.2,Clear,Medium,Evening,Car,Urban,Monday,38.1
7.57,3.4,4.1,3,13.8,Clear,Medium,Morning,Car,Urban,Monday,45.0
7.01,2.9,4.1,4,11.1,Rain,Low,Afternoon,Bike,Suburban,Sunday,36.7
4.9,2.6,4.5,7,30.1,Clear,Medium,Afternoon,Scooter,Suburban,Friday,41.4
14.37,1.7,,6,20.1,Cloudy,Medium,Morning,Scooter,Urban,Tuesday,65.4
3.87,3.9,4.6,5,11.7,Cloudy,Medium,Afternoon,Scooter,Urban,Tuesday,28.1
4.09,4.0,4.0,2,12.9,Rain,Low,Afternoon,Bike,Urban,Tuesday,36.0
6.89,3.3,4.6,5,11.1,Clear,High,Morning,Car,Urban,Monday,46.3
4.54,5.2,5.0,7,16.4,Clear,High,Evening,Scooter,Urban,Monday,47.4
4.05,3.9,,4,10.8,Fog,High,Evening,Car,Urban,Friday,54.2
0.82,1.9,4.4,2,8.1,Cloudy,High,Morning,Bicycle,Urban,Tuesday,37.5
7.34,7.9,4.6,5,18.3,Cloudy,Low,Afternoon,Car,Rural,Wednesday,40.5
1.12,4.6,4.0,8,24.3,Rain,Medium,Evening,Car,Urban,Thursday,41.9
2.86,2.6,4.2,6,28.4,Fog,Medium,Evening,Bike,Suburban,Wednesday,
8.48,2.4,3.9,7,13.8,Clear,High,Evening,Bike,Urban,Thursday,59.5
11.31,2.3,3.9,4,13.8,Fog,Medium,Afternoon,Scooter,Urban,Saturday,64.0
12.34,1.4,4.3,4,20.4,Clear,Low,Evening,Bike,Rural,Tuesday,57.5
9.49,2.0,4.2,5,16.3,Storm,High,Afternoon,Scooter,Urban,Saturday,81.0
1.78,3.6,4.3,6,23.9,Clear,High,Afternoon,Car,Suburban,Tuesday,44.5
8.53,4.7,4.2,6,19.0,Clear,High,Morning,Scooter,Rural,Tuesday,71.3
1.58,7.3,4.0,4,12.3,Clear,Medium,Afternoon,Bike,Urban,Monday,23.2
4.77,2.7,4.5,2,12.0,Rain,Medium,Afternoon,Car,Urban,Friday,35.8
2.88,3.8,3.9,4,15.7,Storm,High,Afternoon,Scooter,Urban,Wednesday,59.0
0.85,3.8,4.2,5,13.1,Clear,Medium,Evening,Scooter,Urban,Saturday,25.3
5.2,2.0,4.6,4,11.7,Clear,Medium,Afternoon,Scooter,Urban,Monday,29.1
2.1,,4.4,6,21.8,Clear,Medium,Afternoon,Bike,Urban,Friday,29.5
7.59,1.1,4.1,3,17.4,Clear,High,Morning,Car,Rural,Monday,65.9
2.48,3.1,3.5,5,6.9,,High,Afternoon,Bike,Suburban,Tuesday,37.7
5.69,2.7,4.0,4,27.7,Clear,Medium,Afternoon,Scooter,Urban,Friday,44.3
4.16,2.1,5.0,2,10.0,Storm,High,Afternoon,Bike,Urban,Monday,63.1
3.7,4.0,4.1,9,25.0,Fog,High,Morning,Bike,Suburban,Wednesday,63.6
12.41,7.3,4.1,5,16.5,Clear,Medium,Evening,Bike,Rural,Friday,57.5
2.61,5.7,4.2,8,22.6,Cloudy,Low,Night,Bike,Urban,Friday,31.3
4.99,3.7,4.3,6,19.6,Storm,High,Afternoon,Car,Urban,Friday,66.1
2.68,5.4,3.9,4,12.4,Rain,Medium,Evening,Car,Suburban,Tuesday,37.9
18.7,8.7,4.4,8,14.9,Rain,High,Evening,Bike,Rural,Monday,103.1
13.74,1.9,4.3,4,9.8,Clear,Medium,Night,Bike,Rural,Wednesday,52.6
10.9,3.0,3.5,6,20.2,Clear,High,Evening,Car,Urban,Tuesday,82.8
4.08,,3.2,4,22.1,Rain,High,Evening,Bike,Urban,Wednesday,61.4
7.97,4.5,3.9,4,12.4,Clear,Medium,Night,Scooter,Urban,Wednesday,44.5
1.45,2.7,3.7,6,19.6,Cloudy,High,Evening,Bike,Urban,Wednesday,43.1
,3.8,4.3,6,11.3,Rain,Low,Afternoon,Scooter,Rural,Thursday,37.0
3.18,2.8,4.0,5,19.7,Clear,High,Morning,Bicycle,Urban,Monday,47.1
4.67,3.2,4.3,5,10.5,Clear,High,Morning,Bike,Suburban,Wednesday,46.8
11.83,0.9,4.3,3,24.3,Clear,Medium,Afternoon,Bicycle,Rural,Tuesday,71.3
6.7,7.3,3.8,2,17.2,Rain,High,Afternoon,Car,Rural,Tuesday,62.2
3.15,0.7,4.0,3,14.4,Clear,Medium,Afternoon,Bicycle,Suburban,Saturday,38.4
10.68,2.3,3.9,4,16.9,Clear,High,Evening,Car,Rural,Tuesday,81.0
10.51,4.7,4.5,7,20.8,Fog,High,Evening,Car,Urban,Tuesday,87.5
6.75,6.1,4.1,6,9.6,Rain,High,Evening,Scooter,Urban,Saturday,51.4
5.23,2.8,4.6,6,19.8,Cloudy,High,Morning,Car,Urban,Wednesday,59.0
10.57,5.0,4.6,5,12.8,,,Morning,Bike,Rural,Tuesday,75.0
10.83,3.1,4.1,3,17.3,Clear,Medium,Evening,Car,Rural,Saturday,57.9
6.77,4.0,3.9,1,20.2,Storm,Medium,Evening,Scooter,Urban,Friday,57.1
7.65,2.3,,5,14.6,Rain,Medium,Night,Bike,Urban,Sunday,47.7
4.78,4.7,4.4,6,22.8,Clear,High,Evening,Bike,Urban,Sunday,53.2
11.91,1.3,4.1,4,24.7,Clear,Medium,Evening,Bike,Urban,Friday,62.3
1.28,10.0,3.9,1,15.4,Clear,Medium,Afternoon,Bike,Suburban,Tuesday,22.4
,2.0,4.5,5,16.6,Cloudy,Medium,Afternoon,Bike,Urban,Thursday,36.8
2.24,1.4,4.5,3,15.7,Cloudy,Low,Afternoon,,Suburban,Monday,20.8
4.45,3.2,3.8,2,10.1,Cloudy,High,Evening,Bike,Urban,Thursday,47.0
1.36,2.6,4.3,6,28.1,Storm,High,Night,Scooter,Urban,Sunday,64.3
2.81,7.2,4.4,6,20.2,Cloudy,Medium,Afternoon,Bike,Urban,Monday,32.0
7.44,9.0,4.8,4,18.9,Rain,Medium,Evening,Bike,Rural,Sunday,50.7
5.39,2.1,4.1,4,25.5,Cloudy,Medium,Afternoon,Bike,Suburban,Thursday,46.6
2.63,4.3,4.2,2,12.0,Cloudy,High,Morning,Scooter,Urban,Tuesday,35.8
3.31,4.0,4.4,4,9.8,Clear,Medium,Morning,Bike,Urban,Saturday,27.9
13.37,4.2,4.6,3,14.6,Cloudy,Medium,Morning,Bicycle,Rural,Thursday,69.3
8.65,1.7,4.3,2,28.5,Cloudy,Medium,Night,Bike,Suburban,Thursday,46.8
3.01,1.6,4.2,4,26.2,Clear,High,Afternoon,Bike,Suburban,Thursday,53.0
9.55,3.4,3.9,2,7.9,Rain,Medium,Evening,Scooter,Suburban,Tuesday,41.5
9.58,4.1,4.0,3,11.6,Cloudy,High,Evening,Car,Rural,Monday,74.9
9.46,1.2,4.1,3,22.8,Clear,High,Morning,Scooter,Urban,Friday,75.0
4.24,2.3,4.4,3,17.3,Rain,Low,Morning,Bike,Suburban,Sunday,39.3
3.26,3.0,4.3,2,5.2,Clear,Medium,Evening,Scooter,Urban,Friday,30.8
3.79,6.3,3.9,7,,Cloudy,Low,Afternoon,Scooter,Suburban,Saturday,30.9
8.89,5.3,4.5,7,17.0,Cloudy,Medium,Night,Scooter,Rural,Saturday,48.5
8.93,7.1,4.1,7,15.0,Clear,High,Morning,Bicycle,Rural,Monday,79.3
4.27,3.2,4.1,2,12.1,Clear,Medium,Evening,Bicycle,Urban,Saturday,34.7
6.31,2.5,4.4,5,10.1,Clear,Medium,Evening,Scooter,Urban,Saturday,42.0
7.11,6.9,4.5,4,19.8,Clear,Medium,Morning,Bike,Rural,Wednesday,47.7
11.49,3.1,4.3,11,18.8,Cloudy,High,Afternoon,Scooter,Rural,Wednesday,77.8
1.35,4.7,4.9,4,19.3,Clear,Low,Night,Bicycle,Suburban,Saturday,27.0
3.95,0.7,,7,11.3,Storm,High,Afternoon,Bicycle,Urban,Sunday,
,3.1,4.5,6,17.6,Clear,Low,Afternoon,Bike,Urban,Sunday,27.2
8.25,3.2,3.8,6,24.3,Clear,Low,Afternoon,Bike,Rural,Thursday,45.2
1.62,3.1,4.1,4,18.5,Fog,High,Afternoon,Bike,Suburban,Saturday,50.5
2.54,3.4,4.2,5,14.8,Cloudy,High,Evening,Car,Suburban,Thursday,44.9
5.39,6.7,4.1,3,9.7,Cloudy,High,Evening,Scooter,Suburban,Saturday,43.5
1.92,2.3,3.8,3,16.7,Rain,Medium,Afternoon,Bike,Urban,Friday,36.8
0.76,5.2,3.6,9,27.8,Rain,High,Evening,Bike,Urban,Sunday,54.7
5.92,1.1,3.4,1,,Clear,Medium,Morning,Bike,Suburban,Sunday,52.4
13.78,1.2,4.1,3,18.5,Clear,High,Morning,Car,Urban,Wednesday,91.1
2.42,1.7,4.2,3,12.2,Storm,Medium,Evening,Bike,Suburban,Sunday,44.6
1.45,2.0,4.4,3,13.9,Clear,Low,Night,Bike,Suburban,Friday,20.3
11.75,5.2,4.6,3,17.4,Rain,High,Morning,Scooter,Suburban,Tuesday,71.9
0.67,3.4,4.5,4,17.3,Cloudy,High,Morning,Scooter,Urban,Monday,35.7
5.69,0.9,4.5,5,9.3,Cloudy,Medium,Afternoon,Scooter,Suburban,Friday,30.5
2.23,3.7,3.8,4,30.4,Rain,Medium,Evening,Car,Urban,Tuesday,55.6
13.56,3.7,4.6,3,15.1,Storm,High,Morning,Bike,Urban,Tuesday,97.9
3.53,0.2,4.3,7,18.3,Clear,High,Afternoon,Bike,Urban,Thursday,47.9
2.56,7.1,3.7,4,9.5,Cloudy,High,Evening,Bike,Urban,Monday,41.6
5.77,1.8,,5,14.7,Rain,High,Afternoon,Scooter,Rural,Wednesday,61.0
9.83,5.2,3.8,4,21.1,Clear,Medium,Morning,Bicycle,Rural,Saturday,68.5
6.67,4.5,3.8,3,21.4,Fog,High,Morning,Bike,Urban,Monday,68.8
9.24,1.4,4.7,3,18.5,,Low,Afternoon,Car,Suburban,Friday,45.1
4.76,6.3,4.2,3,10.7,Clear,Medium,Afternoon,Car,Urban,Tuesday,33.8
3.25,4.1,3.8,4,24.1,Rain,Medium,Evening,Bicycle,Suburban,Saturday,46.6
14.68,6.3,3.9,2,10.6,Fog,High,Evening,Scooter,Rural,Wednesday,100.0
2.82,8.3,4.6,2,10.3,Clear,High,Evening,Bike,Urban,Saturday,35.3
1.24,1.7,3.7,2,11.6,Rain,High,Night,Car,Urban,Friday,40.7
5.57,3.9,4.1,6,26.7,Clear,Low,Afternoon,Car,Urban,Sunday,40.5
7.62,1.1,4.1,7,15.9,Clear,Low,Afternoon,Scooter,Urban,Thursday,40.0
6.32,6.3,5.0,6,,Clear,High,Night,Car,Rural,Thursday,49.6
4.52,0.8,3.6,3,13.4,Rain,Low,Afternoon,Bike,Urban,Monday,34.6
6.98,1.3,3.6,4,28.2,Clear,High,Evening,Scooter,Urban,Thursday,64.2
2.64,2.2,3.9,4,17.5,Clear,Medium,Evening,Bike,Urban,Thursday,38.4
15.53,3.2,3.9,3,12.3,Rain,Low,Morning,Scooter,Rural,Friday,61.1
2.42,5.3,4.2,5,9.5,Clear,Low,Afternoon,Bike,Urban,Monday,22.4
2.42,0.9,4.0,7,21.7,Clear,Medium,Morning,Bike,Suburban,Thursday,36.5
2.85,3.8,4.5,3,15.2,Clear,Medium,Morning,Bike,Suburban,Thursday,32.8
1.83,2.1,4.2,4,13.7,Rain,Medium,Afternoon,Scooter,Urban,Friday,33.5
2.42,3.1,3.8,4,10.2,Cloudy,High,Afternoon,Car,Urban,Friday,39.2
4.41,7.0,4.1,7,32.0,Rain,High,Evening,Bike,Urban,Wednesday,67.7
2.04,3.4,4.1,7,22.9,Clear,Low,Night,Scooter,Urban,Thursday,23.7
5.96,4.5,4.6,2,21.5,Cloudy,High,Evening,Bike,Suburban,Wednesday,53.0
1.11,0.6,4.5,2,12.9,Rain,Medium,Afternoon,Bike,Suburban,Saturday,28.5
2.06,1.8,4.4,4,15.0,Clear,High,Afternoon,Bike,Urban,Saturday,40.6
11.8,3.2,3.9,7,33.7,Clear,Medium,Afternoon,Scooter,Urban,Wednesday,71.7
2.37,1.1,4.3,7,13.3,Clear,High,Morning,Car,Urban,Tuesday,43.6
3.92,0.8,3.7,3,27.1,Clear,Low,Night,Scooter,Urban,Friday,37.0
4.16,1.9,4.4,5,27.6,Clear,Low,Afternoon,Scooter,Suburban,Saturday,36.9
1.71,3.2,4.6,7,11.9,Fog,High,Morning,Scooter,Suburban,Monday,46.6
2.2,5.1,3.4,3,9.4,Cloudy,High,Evening,Bike,Suburban,Thursday,35.5
5.11,5.2,,4,33.3,Cloudy,High,Afternoon,Bike,Urban,Wednesday,62.0
2.38,2.9,4.1,6,17.4,Clear,High,Morning,Bike,Urban,Saturday,41.3
2.27,3.4,4.5,6,17.6,Cloudy,High,Morning,Scooter,Urban,Tuesday,39.7
6.93,1.0,3.9,4,,Cloudy,High,Evening,Car,Rural,Saturday,62.6
9.15,9.4,3.9,6,15.1,Fog,Medium,Evening,Scooter,Suburban,Friday,49.3
10.11,7.5,4.2,5,24.5,Clear,High,Morning,Scooter,Rural,Saturday,76.8
4.46,4.0,4.4,6,11.2,Rain,High,Night,Bike,Urban,Sunday,48.3
3.47,2.6,4.2,3,22.4,Clear,Medium,Evening,Bike,Urban,Thursday,34.4
4.29,6.1,4.5,7,15.5,Cloudy,Medium,Evening,Bicycle,Suburban,Friday,37.3
5.37,9.5,4.4,3,11.2,Fog,High,Morning,Bike,Urban,Friday,55.0
5.39,,4.0,7,16.2,Cloudy,Medium,Morning,Car,Suburban,Saturday,43.4
2.4,5.2,4.2,10,26.5,Rain,High,Evening,Bike,Urban,Thursday,54.2
8.36,2.2,4.4,4,14.1,Rain,Low,Afternoon,Bike,Rural,Monday,48.0
2.77,1.2,3.9,4,7.3,Fog,Medium,Evening,Bike,Urban,Sunday,41.9
8.12,3.0,3.9,7,13.5,Clear,Medium,Evening,Car,Rural,Monday,51.2
8.87,4.7,3.6,4,19.8,Clear,Medium,Morning,Bike,Urban,Sunday,52.7
3.94,1.0,4.6,4,11.2,Cloudy,Medium,Evening,Car,Urban,Tuesday,38.8
4.2,9.1,5.0,5,12.4,Storm,High,Night,Bike,Urban,Thursday,53.6
2.04,4.5,3.9,4,12.1,Cloudy,Medium,Evening,Scooter,Urban,Sunday,34.8
5.78,,4.4,3,21.5,Clear,High,Afternoon,Scooter,Rural,Friday,53.0
9.54,0.6,4.6,4,17.8,Cloudy,High,Evening,Scooter,Rural,Friday,74.1
8.88,2.3,3.7,5,25.9,Clear,Medium,Afternoon,Bike,Rural,Wednesday,57.8
8.1,3.5,4.3,3,13.4,Clear,High,Evening,Bike,Rural,Wednesday,62.4
0.77,1.4,4.7,7,28.2,Clear,High,Evening,Car,Suburban,Monday,51.7
5.53,11.4,4.1,5,7.7,Clear,High,Evening,Scooter,Urban,Friday,34.6
5.14,7.2,4.1,2,15.2,Rain,Low,Afternoon,Bike,Suburban,Thursday,28.2
2.47,3.6,4.7,1,12.5,Clear,High,Morning,Bike,Urban,Tuesday,41.7
2.25,5.6,,5,14.9,Clear,High,Morning,Bike,Suburban,Wednesday,42.5
3.11,2.6,3.9,5,27.2,Cloudy,High,Afternoon,Scooter,Urban,Sunday,57.9
,6.5,4.1,3,13.8,Clear,Low,Afternoon,Scooter,Suburban,Saturday,18.8
10.32,3.0,4.9,5,21.1,Clear,High,Evening,Bike,Urban,Thursday,74.6
3.04,8.7,4.5,4,27.1,Clear,Medium,Afternoon,Scooter,Urban,Sunday,38.0
4.89,,4.4,5,18.2,Clear,High,Evening,Scooter,Urban,Thursday,51.5
3.4,1.1,4.4,5,13.7,Rain,Medium,Night,,Urban,Wednesday,44.4
5.01,3.2,3.7,1,,Clear,Low,Afternoon,Scooter,Urban,Wednesday,24.2
2.54,1.9,4.4,5,15.7,Clear,High,Evening,Scooter,Urban,Sunday,50.8
2.47,4.4,4.0,2,17.3,Clear,High,Evening,Car,Urban,Tuesday,48.1
3.92,1.7,4.1,3,21.9,Clear,Medium,Afternoon,Bike,Suburban,Tuesday,40.5
2.21,,4.1,5,21.1,Clear,High,Morning,Scooter,Urban,Sunday,38.9
2.93,1.1,4.5,6,13.4,Clear,Medium,Evening,Bike,Suburban,Saturday,35.5
5.97,4.5,4.9,3,,Clear,High,Night,Bike,Urban,Saturday,53.0
,2.6,3.8,6,15.3,Clear,Medium,Evening,Scooter,Urban,Saturday,50.0
12.47,7.9,4.6,6,11.5,Rain,High,Night,Bike,Urban,Friday,69.3
5.66,2.7,4.1,5,23.6,Clear,High,Night,Scooter,Urban,Monday,51.0
4.73,2.7,4.5,5,10.7,Clear,Medium,Afternoon,Scooter,Urban,Saturday,29.1
1.87,2.5,4.3,5,18.5,Cloudy,Medium,Evening,Bike,Suburban,Tuesday,33.4
7.56,4.6,4.0,4,10.5,Clear,High,Afternoon,Bike,Urban,Monday,52.7
10.03,2.5,4.0,5,19.2,Rain,Low,Night,Scooter,Urban,Sunday,60.1
2.83,2.2,4.1,3,16.0,,High,Morning,Scooter,Urban,Monday,41.5
11.82,1.1,4.3,1,10.2,Cloudy,Low,Afternoon,Car,Urban,Monday,46.3
8.08,1.8,4.4,5,16.7,Fog,High,Evening,Bike,Urban,Wednesday,79.2
5.71,5.5,5.0,7,11.7,Clear,High,Afternoon,Car,Suburban,Saturday,44.2
3.46,1.9,4.4,2,31.9,Clear,Medium,Evening,Bike,Urban,Sunday,58.7
1.41,3.7,3.7,5,12.0,Cloudy,High,Afternoon,Bike,Suburban,Monday,34.0
10.34,0.7,4.7,5,21.9,Storm,Medium,Night,Scooter,Urban,Wednesday,63.4
1.28,5.3,4.4,3,29.9,Clear,Medium,Evening,Bike,Urban,Saturday,42.3
10.65,13.0,4.1,5,17.5,Cloudy,High,Afternoon,Bike,Urban,Friday,69.8
11.41,1.3,3.8,1,19.7,Clear,Medium,Evening,Bike,Urban,Tuesday,62.2
1.89,1.6,4.1,4,29.6,Cloudy,Medium,Afternoon,Car,Urban,Wednesday,46.9
1.27,2.7,4.6,3,18.0,Clear,High,Evening,Car,Suburban,Friday,38.5
2.77,0.8,4.4,2,12.5,Cloudy,High,Evening,Bicycle,Suburban,Monday,44.2
,1.4,4.7,7,25.9,Clear,High,Evening,Bike,Urban,Saturday,57.0
2.59,5.1,4.7,5,17.2,Cloudy,High,Morning,Scooter,Urban,Tuesday,47.2
2.73,3.3,,2,6.2,Clear,High,Morning,Car,Suburban,Saturday,39.0
3.74,,3.0,6,13.3,Rain,Medium,Evening,Bike,Urban,Friday,40.0
,0.7,3.9,4,15.4,Rain,High,Evening,Bike,Urban,Friday,76.9
3.41,1.1,3.6,2,23.5,Rain,Medium,Afternoon,Bike,Suburban,Saturday,38.6
6.02,2.3,4.7,4,18.4,Storm,Medium,Morning,Scooter,Urban,Monday,57.8
1.46,7.2,4.4,2,11.7,Cloudy,Medium,Afternoon,Scooter,Urban,Tuesday,19.1
4.11,2.2,4.1,4,18.8,Cloudy,Medium,Evening,Bike,Urban,Thursday,45.1
2.93,3.8,4.0,3,6.3,Clear,Medium,Morning,Bike,Suburban,Saturday,26.9
5.89,1.9,4.6,5,11.0,Fog,Low,Afternoon,Car,Urban,Saturday,45.9
1.36,3.2,3.9,8,33.6,Cloudy,Low,Night,Scooter,Suburban,Wednesday,42.4
8.66,9.4,3.7,3,7.6,Clear,High,Morning,Bike,Urban,Saturday,59.2
2.84,4.2,3.7,4,30.7,Clear,High,Evening,Bike,Urban,Tuesday,56.9
2.14,2.7,4.2,4,34.3,Rain,High,Afternoon,Bicycle,Urban,Monday,64.9
11.33,4.9,3.9,2,14.8,Rain,Medium,Evening,Scooter,Suburban,Tuesday,54.4
4.61,4.8,,5,22.9,Rain,High,Evening,Scooter,Urban,Sunday,57.6
3.68,4.5,4.2,5,12.5,Cloudy,High,Evening,Scooter,Suburban,Thursday,36.4
1.35,2.3,3.7,3,13.0,Clear,High,Morning,Bicycle,Urban,Thursday,46.7
1.88,0.9,4.1,3,31.1,Fog,Low,Afternoon,Bike,Urban,Saturday,46.9
1.4,3.0,3.8,2,25.8,Cloudy,High,Evening,Bike,Urban,Monday,48.1
3.92,1.5,4.1,2,24.9,Cloudy,Medium,Afternoon,Bike,Urban,Monday,37.5
8.0,1.3,4.6,1,20.2,Cloudy,Medium,Morning,Car,Urban,Monday,52.1
4.86,3.7,,3,8.5,Cloudy,High,Morning,Bike,Suburban,Monday,44.9
9.16,3.2,3.9,7,16.2,Rain,Medium,Night,Bike,Rural,Thursday,51.5
3.75,4.9,4.3,9,18.4,Cloudy,Medium,Evening,Bike,Suburban,Wednesday,33.8
6.78,4.5,4.0,5,26.5,Rain,Low,Evening,Scooter,Suburban,Saturday,48.8
3.27,4.8,4.4,7,18.5,Rain,Medium,Evening,Scooter,Urban,Saturday,42.1
1.1,11.9,4.3,7,23.9,Cloudy,Medium,Afternoon,Bike,Suburban,Sunday,32.3
7.44,2.3,3.8,1,8.9,Clear,Low,Afternoon,Bike,Urban,Tuesday,35.6
1.61,4.3,3.7,5,11.4,Cloudy,Medium,Afternoon,Car,Suburban,Thursday,25.9
0.96,3.7,4.0,5,16.8,Cloudy,High,Evening,Bike,Suburban,Monday,34.0
4.71,0.7,4.3,2,11.1,Cloudy,High,Morning,Car,Urban,Tuesday,47.9
5.24,2.9,4.8,3,20.8,Fog,Medium,Evening,Bike,Rural,Friday,55.9
3.8,1.3,3.7,5,23.4,Clear,High,Evening,Car,Suburban,Thursday,50.2
4.3,5.5,3.8,6,14.2,Clear,Medium,Afternoon,Bike,Urban,Friday,34.0
8.96,2.2,4.5,5,13.6,Rain,High,Evening,Scooter,Rural,Saturday,80.6
4.88,1.8,4.2,2,14.5,Fog,High,Morning,Bike,Urban,Monday,64.1
1.27,7.0,4.1,6,29.9,Clear,Low,Night,Bike,Urban,Sunday,35.2
6.79,4.0,4.4,4,20.0,Clear,Medium,Night,Scooter,Urban,Monday,45.2
3.71,4.6,,2,15.7,Clear,Medium,Night,Scooter,Urban,Sunday,33.0
2.9,3.8,4.6,4,13.6,Cloudy,Medium,Afternoon,Car,Urban,Friday,30.6
7.66,1.4,3.9,1,12.9,Cloudy,High,Morning,Scooter,Rural,Monday,65.3
7.73,1.0,4.3,5,22.7,Clear,High,Morning,Scooter,Urban,Wednesday,64.5
7.24,4.6,4.6,2,21.4,Clear,High,Morning,Car,Urban,Tuesday,61.6
2.58,6.5,4.1,7,11.7,Cloudy,Low,Morning,Scooter,Suburban,Saturday,23.3
5.26,2.7,4.3,3,9.6,Cloudy,High,Morning,Car,Urban,Tuesday,46.7
6.15,6.7,3.9,5,22.4,Cloudy,High,Night,Bike,Suburban,Saturday,51.6
3.14,2.7,3.8,9,32.3,Clear,Medium,Morning,Bike,Urban,Wednesday,48.4
11.46,2.3,4.3,8,18.3,Clear,High,Morning,Car,Rural,Sunday,83.6
7.55,3.5,,3,18.1,Clear,High,Evening,Bike,Suburban,Tuesday,58.6
0.83,1.7,4.5,6,8.8,Fog,High,Evening,Bike,Urban,Friday,44.7
6.0,5.1,3.7,4,25.1,Clear,Medium,Evening,Bike,Urban,Saturday,47.7
,6.9,4.7,3,16.4,Cloudy,High,Evening,Scooter,Urban,Tuesday,38.5
5.37,1.5,4.4,7,25.9,Cloudy,High,Evening,Scooter,Rural,Monday,61.8
,2.3,4.6,8,18.3,Rain,Medium,Evening,Bike,Suburban,Thursday,29.2
4.07,6.9,3.8,2,24.8,Clear,Medium,Afternoon,,Urban,Friday,36.3
3.08,1.9,4.5,2,27.9,Clear,High,Evening,Bike,Urban,Saturday,58.7
7.51,1.8,4.4,7,17.5,Rain,Medium,Afternoon,Bike,Rural,Tuesday,53.0
6.26,8.5,3.7,6,25.6,Clear,Medium,Afternoon,Bike,Urban,Sunday,45.3
21.18,9.6,4.3,4,27.1,Cloudy,Medium,Afternoon,Bike,Suburban,Sunday,73.6
5.29,3.8,3.8,5,18.5,Clear,High,Morning,Car,Suburban,Saturday,50.8
3.07,3.6,4.2,6,18.6,Storm,High,Evening,Scooter,Urban,Monday,61.4
7.45,9.8,5.0,5,35.8,Rain,High,Afternoon,Bike,Urban,Monday,80.2
1.71,7.1,4.3,5,19.6,Clear,Medium,Morning,Bike,Urban,Sunday,31.9
2.65,10.0,4.1,5,17.4,Rain,Medium,Afternoon,Bike,Urban,Saturday,36.1
10.86,2.1,3.6,3,11.0,Rain,High,Evening,Bike,Rural,Friday,78.7
4.3,2.5,4.3,8,20.0,Cloudy,Medium,Afternoon,Bike,Suburban,Sunday,41.1
6.92,0.6,4.1,4,20.3,Clear,High,Evening,Car,Suburban,Monday,61.2
9.87,0.7,3.4,3,20.5,Clear,Medium,Evening,Car,Urban,Saturday,62.3
6.81,0.8,3.8,5,13.1,Cloudy,Medium,Morning,Scooter,Urban,Friday,43.4
9.93,2.6,,6,17.5,Clear,High,Evening,Bike,Suburban,Saturday,69.3
10.22,1.7,4.7,9,22.2,Rain,High,Afternoon,Scooter,Urban,Saturday,80.8
4.7,3.7,4.2,4,9.3,Clear,High,Morning,Bicycle,Urban,Thursday,48.5
3.45,2.0,4.6,6,22.7,Cloudy,High,Evening,Bike,Urban,Monday,52.3
5.85,7.9,4.2,6,21.6,Clear,Medium,Night,Car,Suburban,Sunday,42.3
0.92,1.6,3.9,5,19.1,Cloudy,High,Afternoon,Bike,Suburban,Saturday,42.3
6.9,0.5,5.0,3,16.7,Clear,Medium,Evening,Scooter,Urban,Wednesday,44.6
9.36,1.0,3.6,2,10.8,Clear,Medium,Afternoon,Bike,Rural,Sunday,51.2
1.66,7.2,4.3,1,19.8,Clear,High,Evening,Scooter,Urban,Wednesday,32.4
9.31,1.6,3.9,4,15.1,Cloudy,High,Evening,Bike,Urban,Wednesday,71.7
7.71,5.3,4.1,3,13.1,Clear,High,Evening,Scooter,Urban,Sunday,63.8
5.62,3.7,4.8,1,8.7,Rain,Medium,Evening,Scooter,Suburban,Friday,39.0
3.41,6.6,4.2,1,12.9,Clear,High,Morning,Scooter,Urban,Sunday,38.1
9.53,8.5,4.1,5,23.5,Cloudy,High,Evening,Scooter,Urban,Sunday,72.0
0.99,3.9,4.0,4,14.0,Cloudy,High,Evening,Bike,Urban,Thursday,42.9
3.7,4.0,4.4,2,15.0,Clear,Low,Evening,Scooter,Suburban,Tuesday,34.0
6.05,0.3,3.8,4,7.6,Clear,High,Morning,Bike,Suburban,Saturday,49.1
8.19,3.5,4.2,2,,Clear,Medium,Afternoon,Scooter,Urban,Thursday,47.1
12.11,2.3,4.1,3,8.3,Cloudy,Medium,Afternoon,Bike,Rural,Friday,50.2
1.54,4.9,3.9,4,16.3,Storm,High,Morning,Scooter,Urban,Thursday,59.4
5.21,5.4,3.6,2,16.3,Clear,Medium,Morning,Bike,Urban,Monday,36.9
4.34,1.1,4.2,4,12.1,Rain,Medium,Afternoon,Bicycle,Suburban,Monday,41.8
0.85,2.9,4.0,3,17.2,Rain,High,Evening,Scooter,Suburban,Friday,37.1
1.43,7.6,4.3,4,18.5,Cloudy,High,Morning,Bike,Urban,Saturday,43.4
0.66,5.4,3.4,4,16.3,Cloudy,High,Evening,Scooter,Urban,Thursday,35.7
0.84,4.3,4.0,9,15.2,Storm,Medium,Afternoon,Bike,Urban,Tuesday,34.6
1.54,4.7,4.5,3,24.7,Cloudy,,Evening,Bike,Urban,Wednesday,43.0
3.5,0.3,3.5,3,29.3,Rain,Medium,Afternoon,Bike,Suburban,Saturday,52.4
6.26,3.3,4.9,4,23.1,Clear,Low,Afternoon,Car,Rural,Monday,40.7
5.1,2.0,4.3,6,12.0,Rain,High,Evening,Bicycle,Urban,Friday,55.2
2.34,8.4,4.1,4,9.0,Storm,Medium,Night,Bicycle,Suburban,Friday,32.0
8.48,11.8,4.2,3,29.9,Fog,High,Afternoon,,Urban,Wednesday,79.6
7.27,2.0,3.9,4,16.3,Clear,Low,Afternoon,Bike,Urban,Friday,35.1
4.95,9.2,4.7,5,41.1,Rain,High,Evening,Car,Urban,Sunday,83.7
12.95,5.1,4.2,3,10.6,Clear,Medium,Evening,Bike,Rural,Tuesday,55.4
4.65,0.3,4.2,3,15.2,Cloudy,High,Morning,Scooter,Urban,Monday,47.0
1.13,7.7,4.6,1,31.8,Clear,Medium,Afternoon,Bicycle,Suburban,Monday,39.0
5.93,6.5,4.3,1,21.2,Cloudy,Medium,Afternoon,Bike,Urban,Friday,46.8
4.16,3.3,3.9,2,23.0,Clear,Medium,Night,Bike,Suburban,Sunday,41.8
2.85,5.1,4.2,4,11.0,Clear,Medium,Afternoon,Car,Urban,Friday,30.7
5.9,5.5,4.4,7,26.3,Clear,,Afternoon,Scooter,Rural,Sunday,47.6
5.35,8.4,4.2,5,28.2,Clear,Medium,Night,Bicycle,Suburban,Friday,43.0
4.82,8.5,3.7,3,9.4,Clear,Medium,Afternoon,Scooter,Urban,Wednesday,28.1
12.33,2.4,4.7,5,10.5,Rain,Medium,Morning,Bike,Suburban,Tuesday,52.3
4.41,1.8,4.2,1,23.3,Rain,High,Morning,Car,Suburban,Friday,67.4
4.65,2.0,4.0,1,14.1,Rain,High,Morning,Car,Urban,Friday,52.6
4.12,1.8,4.4,3,22.3,Rain,Medium,Morning,Bicycle,Urban,Thursday,56.9
4.08,2.5,4.0,3,18.8,Clear,High,Afternoon,Scooter,Suburban,Thursday,42.3
1.63,2.6,3.6,6,10.3,Cloudy,Medium,Evening,Scooter,Suburban,Wednesday,26.8
2.57,1.6,4.2,5,19.5,Cloudy,Medium,Evening,Bike,Urban,Wednesday,43.2
9.33,2.9,4.4,5,13.0,Clear,High,Morning,Bike,Rural,Friday,65.4
1.13,7.6,4.1,5,9.9,Cloudy,High,Evening,Bicycle,Urban,Saturday,42.9
3.27,3.5,4.1,4,11.3,Rain,Medium,Morning,Bicycle,Urban,Saturday,41.7
8.87,1.1,4.1,6,28.8,Cloudy,Low,Night,Scooter,Suburban,Wednesday,51.8
3.13,2.1,4.1,3,10.6,Rain,High,Morning,Bicycle,Urban,Saturday,55.0
10.48,9.9,4.2,5,12.2,Clear,Medium,Evening,Bike,Urban,Wednesday,47.3
,7.4,4.5,9,25.4,Rain,High,Afternoon,Car,Urban,Wednesday,48.6
7.59,1.7,4.5,6,18.0,Clear,High,Evening,Scooter,Urban,Saturday,62.9
4.22,8.5,4.9,4,16.4,Rain,Low,Afternoon,Scooter,Urban,Sunday,31.4
1.66,5.7,4.8,3,16.3,Clear,High,Evening,,Suburban,Sunday,33.3
12.1,9.3,3.8,4,7.2,Cloudy,Medium,Morning,Scooter,Urban,Monday,47.2
1.52,0.8,4.1,7,17.6,Cloudy,High,Night,Car,Suburban,Wednesday,43.2
2.74,2.1,4.4,5,22.4,Clear,Medium,Afternoon,Bike,Suburban,Saturday,33.9
13.05,5.9,3.5,3,13.0,Clear,Medium,Evening,Car,Urban,Saturday,60.7
4.63,4.5,4.3,2,14.1,Clear,High,Evening,Bike,Urban,Thursday,46.1
2.18,8.8,3.8,6,18.7,Cloudy,Low,Night,Bike,Suburban,Monday,24.2
4.1,6.6,4.2,3,25.6,,Medium,Morning,,Urban,Thursday,50.8
5.84,0.7,4.2,3,8.5,Clear,Medium,Afternoon,Car,Urban,Monday,38.7
3.12,5.0,3.5,3,7.1,Cloudy,Low,Afternoon,Car,Suburban,Wednesday,18.1
9.47,6.9,5.0,4,15.0,Rain,Low,Afternoon,Bike,Suburban,Friday,42.6
2.32,1.4,4.0,4,14.9,Cloudy,High,Evening,Bike,Suburban,Monday,44.3
0.66,3.8,4.7,6,15.3,Rain,Medium,Night,Scooter,Urban,Friday,28.8
7.07,1.6,3.6,3,21.2,Cloudy,Medium,Night,Car,Urban,Friday,46.5
3.61,4.4,3.9,2,20.0,Cloudy,Medium,Afternoon,Bicycle,Urban,Thursday,43.5
7.58,2.9,4.5,4,24.9,Clear,Medium,Evening,Car,Suburban,Wednesday,53.0
3.01,3.4,4.1,4,10.2,Clear,High,Evening,Scooter,Urban,Sunday,39.1
5.25,6.9,4.5,4,15.6,Cloudy,Low,Night,Car,Urban,Thursday,34.3
2.9,2.4,4.4,4,20.2,Rain,High,Morning,Bike,Urban,Sunday,51.3
3.35,2.7,3.8,1,7.7,Clear,Medium,Afternoon,Bicycle,Suburban,Wednesday,31.3
1.2,2.8,4.6,3,7.7,Fog,High,Evening,Scooter,Suburban,Friday,41.3
1.61,4.1,4.4,4,17.8,Clear,High,Afternoon,Bike,Urban,Sunday,40.6
4.89,2.4,3.6,5,22.0,Clear,Medium,Afternoon,Scooter,Urban,Monday,36.5
7.07,1.8,4.2,4,20.6,Fog,Medium,Night,Car,Urban,Tuesday,45.4
5.21,6.0,4.4,2,10.5,Fog,Low,Night,Bike,Urban,Sunday,29.7
1.88,2.7,4.1,2,12.5,Cloudy,Medium,Night,Bike,Urban,Thursday,28.1
5.56,3.2,4.2,2,14.2,Clear,Medium,Evening,Car,Urban,Tuesday,47.1
1.92,5.3,4.3,6,17.0,Clear,Low,Afternoon,Bicycle,Suburban,Sunday,28.8
4.83,2.2,3.5,6,22.7,Clear,Low,Afternoon,Scooter,Suburban,Monday,38.5
6.41,,4.1,3,12.3,Rain,High,Afternoon,Bike,Rural,Friday,58.8
7.78,8.3,4.0,5,19.5,Clear,Medium,Evening,Scooter,Rural,Saturday,
2.51,4.5,,6,14.7,Rain,High,Afternoon,Bike,Urban,Saturday,43.5
5.71,3.4,3.9,4,29.7,Clear,High,Evening,Bike,Urban,Thursday,61.8
2.82,3.6,4.9,3,9.3,Cloudy,Low,Afternoon,Bike,Urban,Monday,18.2
5.84,9.4,3.9,5,6.2,Clear,Medium,Evening,Scooter,Suburban,Saturday,29.1
0.5,5.3,3.7,2,6.3,Cloudy,Medium,Afternoon,Bike,Urban,Saturday,21.7
7.32,0.2,4.6,5,8.1,Cloudy,Medium,Afternoon,Bike,Urban,Tuesday,32.1
1.87,3.4,4.4,5,17.6,Storm,High,Morning,Bike,Urban,Wednesday,56.2
10.0,3.6,4.3,1,12.0,Fog,Medium,Morning,Scooter,Urban,Thursday,51.2
2.98,3.4,4.1,5,16.8,Rain,High,Evening,Bike,Suburban,Monday,46.8
8.8,0.6,4.0,5,18.7,Clear,High,Afternoon,Bike,Suburban,Saturday,68.3
0.82,1.3,4.3,6,,Fog,High,Morning,Scooter,Urban,Sunday,46.3
13.13,0.8,3.9,5,13.4,Fog,Low,Evening,Car,Rural,Wednesday,65.6
2.13,10.4,4.8,6,,Fog,High,Evening,Car,Urban,Sunday,61.9
7.94,3.5,4.2,4,19.7,Cloudy,High,Morning,Scooter,Urban,Saturday,67.9
3.92,3.9,4.1,4,20.8,Clear,Medium,Afternoon,Scooter,Urban,Friday,36.8
3.21,3.0,4.0,4,20.8,Rain,High,Morning,Car,Suburban,Sunday,54.2
8.94,0.9,3.7,6,11.2,Clear,High,Evening,Scooter,Suburban,Wednesday,59.7
2.63,1.7,4.4,7,33.6,Clear,High,Afternoon,Scooter,Urban,Sunday,56.2
15.52,1.8,3.9,3,17.6,Clear,Medium,Morning,Bike,Rural,Monday,70.6
3.32,10.4,4.1,5,13.6,Cloudy,High,Morning,Bike,Urban,Thursday,37.1
4.14,3.0,5.0,2,22.3,Clear,,Evening,Bike,Urban,Thursday,48.8
4.48,2.2,3.5,4,14.3,Rain,High,Morning,Bike,Suburban,Monday,49.3
7.94,6.7,4.1,3,25.7,Cloudy,Medium,Evening,Bicycle,Rural,Saturday,66.2
5.06,2.7,3.6,2,11.3,Cloudy,Medium,Morning,Bike,Suburban,Thursday,35.3
6.66,1.1,3.9,3,14.4,Clear,High,Evening,Scooter,Rural,Thursday,55.5
1.79,1.6,4.1,5,11.8,Fog,Medium,Afternoon,Bicycle,Urban,Friday,37.2
1.77,6.6,3.7,6,16.9,Clear,High,Afternoon,Scooter,Suburban,Monday,33.7
2.97,2.3,4.3,5,12.8,Cloudy,Medium,Morning,Bike,Suburban,Tuesday,35.9
9.17,4.1,,4,14.0,Cloudy,Medium,Evening,Bicycle,Urban,Tuesday,59.6
2.34,3.0,4.3,6,29.1,Clear,High,Night,Bike,Urban,Sunday,47.2
7.38,5.6,4.5,5,16.6,Cloudy,High,Morning,Bike,Rural,Saturday,66.2
8.68,2.7,4.8,6,29.5,Clear,High,Morning,Scooter,Urban,Thursday,78.2
3.33,1.9,4.4,3,13.5,Rain,High,Night,Bike,Urban,Friday,50.2
7.02,1.6,3.3,6,33.8,Clear,High,Afternoon,Car,Rural,Friday,78.0
13.25,5.9,4.2,2,16.9,Storm,High,Morning,Bike,Rural,Tuesday,102.5
11.5,2.2,3.2,3,9.3,Cloudy,High,Morning,Car,Rural,Monday,82.0
9.93,4.0,3.9,5,15.1,Clear,High,Evening,Bike,Rural,Thursday,70.8
3.92,7.3,3.6,5,18.0,Cloudy,High,Evening,Bicycle,Urban,Tuesday,51.4
16.19,3.4,4.3,5,15.5,Clear,High,Evening,,Rural,Sunday,95.3
2.99,4.4,3.8,3,11.9,,Medium,Night,Bicycle,Urban,Tuesday,41.0
2.7,2.2,4.3,3,16.5,,Low,Afternoon,Bike,Suburban,Friday,28.5
3.11,2.7,4.4,2,16.4,Cloudy,High,Afternoon,Car,Urban,Thursday,45.7
5.95,7.4,3.8,5,22.1,Clear,Medium,Afternoon,Car,Suburban,Saturday,40.5
4.75,5.5,4.2,4,24.0,Storm,Low,Afternoon,Scooter,Urban,Sunday,51.2
1.94,2.9,3.2,6,22.5,Cloudy,High,Morning,Bike,Suburban,Wednesday,48.2
6.43,3.5,3.6,3,12.4,Cloudy,High,Morning,Scooter,Urban,Monday,46.6
5.57,2.8,4.6,5,26.0,Clear,Medium,Afternoon,Scooter,Urban,Friday,45.3
2.35,5.1,3.8,4,12.1,Clear,,Evening,Scooter,Urban,Monday,32.7
5.0,2.1,4.0,5,23.1,Rain,High,Morning,Scooter,Urban,Monday,58.2
7.4,5.1,3.8,7,18.6,Cloudy,Low,Afternoon,Bicycle,Suburban,Friday,43.7
3.23,9.2,3.5,2,10.2,Rain,High,Evening,Bicycle,Urban,Monday,46.0
0.84,3.7,3.8,7,13.4,Cloudy,Medium,Evening,,Urban,Monday,30.7
3.67,1.2,4.1,4,17.7,Cloudy,High,Evening,Bike,Urban,Thursday,55.7
3.09,3.1,4.0,3,9.3,Cloudy,High,Evening,Bike,Urban,Thursday,34.3
0.63,8.7,,2,15.8,Rain,High,Evening,Car,Suburban,Sunday,37.8
2.74,3.4,3.9,5,20.0,Clear,High,Morning,Bicycle,Urban,Tuesday,51.9
1.62,1.5,4.1,2,26.8,Rain,Medium,Afternoon,Scooter,Urban,Wednesday,41.1
8.83,3.0,3.9,2,9.8,Clear,Medium,Evening,Bike,Urban,Friday,37.8
8.9,,4.5,2,15.0,Rain,High,Afternoon,Bike,Urban,Saturday,69.6
5.31,2.1,3.6,5,24.6,Fog,Medium,Morning,Bike,Suburban,Wednesday,53.5
3.51,7.9,4.3,3,11.0,Rain,High,Morning,Bicycle,Urban,Friday,50.8
2.97,2.8,4.3,6,20.9,Clear,Low,Afternoon,Scooter,Urban,Friday,30.7
7.05,13.2,3.8,2,20.6,Rain,,Afternoon,Bike,Suburban,Wednesday,57.2
3.32,2.3,4.1,6,17.4,Clear,Medium,Morning,Bike,Urban,Monday,33.3
3.8,1.7,4.3,5,18.2,Clear,Medium,Evening,Bike,Suburban,Friday,37.2
4.63,0.3,3.9,4,15.3,Rain,Medium,Night,Scooter,Urban,Tuesday,36.3
12.47,3.2,3.9,2,23.1,Rain,Medium,Morning,Scooter,Rural,Wednesday,72.2
0.96,2.8,3.7,1,,Clear,Medium,Night,Bike,Urban,Friday,39.3
2.41,8.7,4.9,3,14.1,Fog,High,Morning,Bike,Urban,Tuesday,50.2
6.92,6.0,4.0,4,12.2,Cloudy,Low,Night,Car,Rural,Tuesday,36.8
5.21,7.7,3.7,3,17.9,Fog,High,Night,Car,Suburban,Thursday,61.9
0.99,6.6,3.5,8,16.7,Rain,Medium,Morning,Scooter,Suburban,Sunday,37.1
4.26,3.3,3.8,5,16.8,Fog,Medium,Evening,Scooter,Rural,Saturday,51.0
4.35,15.0,4.3,6,30.9,Rain,High,Night,Bicycle,Urban,Wednesday,65.0
6.39,3.1,4.1,3,12.8,Storm,High,Night,Car,Suburban,Wednesday,69.2
3.64,4.4,4.3,2,7.8,Cloudy,High,Night,Bicycle,Suburban,Sunday,45.4
2.14,10.4,4.4,3,15.0,Clear,High,Evening,Bike,Urban,Friday,40.1
3.06,6.2,4.1,4,10.4,Clear,Medium,Morning,Bike,Urban,Friday,21.1
2.96,3.7,4.1,2,11.8,Rain,High,Evening,Bike,Urban,Monday,46.6
11.9,5.0,4.7,6,10.6,Clear,High,Evening,Car,Rural,Monday,76.9
2.32,2.1,4.4,2,27.6,Fog,High,Evening,Scooter,Urban,Wednesday,65.0
6.69,2.6,4.3,4,26.1,Clear,High,Afternoon,Bike,Urban,Saturday,55.9
3.58,4.4,4.0,3,25.4,Rain,Low,Evening,Bicycle,Suburban,Sunday,43.9
7.78,1.5,4.4,6,22.6,Cloudy,Medium,Morning,Bicycle,Suburban,Tuesday,63.3
,2.0,4.3,7,24.4,Rain,High,Evening,Bike,Urban,Friday,61.0
2.54,0.6,4.3,3,10.7,Fog,High,Morning,Scooter,Suburban,Sunday,51.4
7.69,3.4,4.4,3,9.8,Clear,Medium,Evening,Scooter,Urban,Sunday,38.9
13.29,3.7,4.3,7,18.3,Rain,Medium,Evening,Bike,Suburban,Thursday,59.2
4.33,6.8,3.6,2,9.9,Clear,High,Afternoon,Scooter,Urban,Tuesday,35.0
7.02,1.7,4.2,5,16.2,Rain,Medium,Afternoon,Bike,Urban,Sunday,45.6
4.2,2.6,3.7,5,14.6,Rain,Medium,Afternoon,Car,Suburban,Tuesday,40.9
2.26,5.7,4.4,4,7.8,Clear,Low,Night,Car,Urban,Tuesday,19.4
8.0,6.4,3.6,2,25.2,Clear,Medium,Evening,Car,Urban,Tuesday,51.5
1.48,6.2,4.1,4,13.3,Clear,High,Afternoon,Car,Urban,Thursday,36.9
1.31,1.8,4.2,2,,Clear,Medium,Morning,Bike,Suburban,Monday,19.4
10.18,0.8,3.7,4,13.0,Rain,Medium,Morning,Bike,Rural,Friday,50.1
3.16,3.7,4.1,2,20.1,Clear,High,Afternoon,Scooter,Suburban,Sunday,44.5
4.76,3.3,4.4,3,7.4,Fog,Low,Night,Bike,Rural,Thursday,38.3
12.7,3.8,3.9,4,18.7,Storm,High,Evening,Scooter,Rural,Sunday,95.1
6.16,4.3,4.3,7,8.6,Fog,High,Morning,Bike,Urban,Sunday,58.8
3.64,4.8,4.3,3,,Cloudy,Medium,Evening,Bike,Urban,Saturday,70.9
9.65,4.8,3.7,6,30.7,Clear,Low,Afternoon,Scooter,Rural,Friday,51.5
7.35,2.6,4.2,3,11.0,Rain,High,Evening,Scooter,Rural,Sunday,68.8
11.12,2.9,4.1,3,9.2,Rain,Medium,Afternoon,,Rural,Thursday,50.5
3.54,2.3,4.1,4,31.4,Storm,Medium,Evening,Scooter,Suburban,Tuesday,62.9
6.45,5.8,3.5,4,22.2,Clear,Medium,Night,Scooter,Urban,Sunday,47.5
10.67,1.5,3.6,2,11.7,Clear,High,Afternoon,Car,Rural,Thursday,74.0
3.07,10.0,4.6,6,16.8,Storm,Medium,Evening,Scooter,Rural,Sunday,44.1
2.65,3.3,,3,8.5,Rain,Low,Night,Scooter,Suburban,Wednesday,18.3
5.7,3.3,4.2,3,11.1,Clear,Medium,Morning,Scooter,Suburban,Wednesday,32.4
1.28,2.9,4.5,4,16.6,Rain,High,Morning,Scooter,Urban,Saturday,39.3
9.36,5.9,3.6,1,6.4,Clear,Low,Evening,Bike,Rural,Friday,41.1
3.16,3.6,4.1,2,8.7,Cloudy,High,Afternoon,Scooter,Urban,Thursday,29.6
10.63,2.4,4.0,5,13.1,Clear,Medium,Morning,Bike,Suburban,Sunday,54.3
6.59,5.7,3.9,5,9.4,Clear,,Afternoon,Car,Urban,Thursday,44.0
1.34,2.1,3.7,5,30.8,Clear,Medium,Evening,Car,Urban,Monday,47.0
5.89,6.0,4.7,4,23.6,Clear,Low,Afternoon,Scooter,Urban,Friday,33.6
3.12,1.0,3.9,6,11.4,Cloudy,,Afternoon,Car,Urban,Monday,33.1
4.05,7.7,4.3,2,11.1,Clear,High,Evening,Scooter,Urban,Thursday,40.8
8.37,2.0,4.3,5,27.8,Cloudy,Low,Afternoon,Bike,Rural,Tuesday,55.7
10.84,1.3,4.5,5,10.1,Cloudy,High,Evening,Car,Urban,Tuesday,71.5
17.03,2.8,4.4,7,,Rain,Medium,Afternoon,Bicycle,Rural,Sunday,92.9
2.31,2.5,4.0,3,24.2,Cloudy,Low,Night,Bike,Urban,Monday,35.5
7.78,4.3,3.7,2,10.1,Clear,Medium,Evening,Bike,Urban,Saturday,42.6
2.6,1.2,4.5,4,23.7,Clear,Medium,Morning,Scooter,Suburban,Friday,38.2
2.21,4.2,4.6,2,12.4,Rain,High,Evening,Bike,Suburban,Tuesday,41.3
4.31,2.7,5.0,6,20.7,Rain,Medium,Afternoon,Scooter,Urban,Sunday,43.2
3.9,3.5,4.5,4,14.9,Storm,High,Morning,Scooter,Suburban,Tuesday,61.7
1.92,1.5,3.9,4,8.0,Fog,High,Morning,Car,Suburban,Thursday,45.5
1.03,3.4,4.0,7,17.1,Cloudy,Low,Evening,Bike,Suburban,Saturday,18.4
6.62,2.1,3.4,3,7.2,Fog,Medium,Morning,Scooter,Rural,Saturday,46.1
1.92,0.9,3.8,5,29.3,Cloudy,High,Afternoon,Car,Suburban,Wednesday,49.6
3.3,5.1,3.7,4,9.9,,High,Morning,Bike,Suburban,Saturday,44.6
8.28,1.8,4.4,2,14.4,Fog,High,Afternoon,Scooter,Urban,Sunday,73.4
3.47,4.2,4.5,4,21.6,Rain,High,Afternoon,Bike,Urban,Thursday,48.1
0.98,1.8,5.0,2,18.6,Clear,Low,Afternoon,Bike,Urban,Friday,17.6
7.68,3.3,5.0,6,13.5,Clear,High,Afternoon,Scooter,Suburban,Wednesday,50.7
5.38,12.3,4.2,5,13.1,Clear,High,Morning,Bike,Suburban,Wednesday,42.3
6.89,6.7,3.9,4,21.2,Clear,High,Evening,Scooter,Urban,Thursday,60.2
3.84,9.3,4.0,5,15.6,Rain,Low,Afternoon,Scooter,Suburban,Tuesday,24.5
3.83,6.9,3.9,3,25.9,Rain,High,Evening,Car,Urban,Friday,58.9
13.82,3.3,5.0,4,15.0,Clear,High,Morning,Car,Urban,Tuesday,83.5
11.33,5.9,3.1,5,13.1,Rain,Medium,Morning,Bike,Rural,Monday,56.0
7.6,3.0,4.8,7,28.7,Clear,Medium,Afternoon,Bike,Urban,Thursday,53.7
20.99,1.2,3.8,3,8.8,Cloudy,High,Afternoon,Car,Urban,Monday,107.3
13.55,3.9,4.0,6,15.5,Clear,Low,Afternoon,Bike,Urban,Friday,57.2
1.55,0.9,3.2,7,18.7,Cloudy,High,Evening,Bike,Urban,Thursday,42.2
1.86,2.9,4.6,3,15.6,Rain,Low,Afternoon,Bike,Suburban,Monday,25.4
6.27,7.3,4.5,6,20.1,Rain,High,Afternoon,,Rural,Tuesday,57.3
3.79,6.4,3.7,2,15.3,Rain,High,Evening,Bike,Suburban,Monday,44.9
15.5,2.9,4.6,2,14.9,Clear,High,Morning,Bike,Suburban,Friday,90.6
0.5,9.3,4.5,5,12.7,Rain,Medium,Afternoon,Scooter,Urban,Wednesday,22.1
2.58,4.7,3.9,5,20.8,Clear,Medium,Afternoon,Car,Urban,Friday,33.5
3.84,5.3,3.4,4,14.8,Cloudy,Medium,Afternoon,Bike,Urban,Friday,36.2
1.72,2.5,4.1,5,22.4,Cloudy,High,Morning,Car,Urban,Wednesday,45.9
3.21,5.8,4.5,4,19.8,Rain,High,Evening,Scooter,Suburban,Monday,48.1
3.37,3.1,3.8,2,28.6,Fog,Medium,Night,Bike,Urban,Wednesday,47.2
1.19,1.6,4.6,4,37.2,Clear,High,Morning,Bike,Urban,Wednesday,60.6
6.75,4.7,3.8,4,21.6,Rain,High,Evening,Bike,Urban,Wednesday,63.6
3.24,,4.1,6,16.5,Clear,Medium,Evening,Bike,Suburban,Sunday,36.9
1.61,3.2,3.9,5,10.0,Cloudy,Low,Afternoon,Car,Urban,Tuesday,22.3
3.88,5.0,4.2,4,14.8,Rain,High,Evening,Bike,Urban,Tuesday,47.6
6.59,1.0,4.5,6,13.7,,High,Evening,Bicycle,Suburban,Saturday,64.9
3.64,2.2,4.8,4,12.5,Rain,High,Night,Bike,Urban,Sunday,42.8
7.57,4.3,4.2,5,17.8,Rain,Medium,Night,Bike,Rural,Thursday,53.5
4.4,1.5,3.6,3,12.8,Clear,High,Morning,Scooter,Urban,Thursday,54.5
12.96,1.9,4.4,6,13.4,Storm,Low,Afternoon,Car,Suburban,Monday,59.2
6.01,5.8,4.0,4,10.5,Fog,Low,Afternoon,Bike,Rural,Saturday,40.6
1.96,1.2,4.0,7,11.9,Clear,High,Morning,Bike,Urban,Friday,35.2
2.8,6.6,4.2,4,20.1,Clear,Medium,Afternoon,Scooter,Suburban,Thursday,28.8
2.08,5.0,4.4,6,11.9,Clear,Medium,Night,Bike,Urban,Wednesday,26.7
2.15,5.4,4.0,6,21.3,Rain,Medium,Morning,Scooter,Suburban,Thursday,39.2
4.34,1.4,4.4,5,16.5,Fog,Low,Afternoon,Car,Rural,Saturday,41.7
7.58,6.8,4.3,7,23.2,,High,Evening,Bike,Suburban,Monday,66.8
9.11,,4.4,5,8.9,Clear,High,Afternoon,Car,Rural,Thursday,61.8
3.07,9.4,4.5,5,22.7,Clear,Low,Afternoon,Bike,Suburban,Monday,24.9
2.42,5.1,3.3,2,22.7,Cloudy,Medium,Night,Car,Urban,Saturday,37.9
5.08,3.2,4.0,2,17.4,Clear,Medium,Afternoon,,Urban,Tuesday,45.8
4.35,1.0,4.1,3,5.6,Clear,High,Morning,Scooter,Suburban,Sunday,42.0
11.19,4.4,4.1,5,20.1,Clear,High,Morning,Bicycle,Rural,Thursday,86.4
9.11,6.3,3.8,3,37.3,Clear,High,Night,Car,Suburban,Thursday,92.0
5.49,5.7,3.9,2,17.5,Clear,Medium,Afternoon,Bike,Urban,Wednesday,39.5
26.3,1.5,4.3,3,17.3,,Medium,Afternoon,Bike,Urban,Thursday,88.8
2.61,9.2,4.3,3,17.7,Clear,High,Morning,Bike,Suburban,Wednesday,37.7
15.65,2.2,4.2,10,21.4,Clear,Medium,Afternoon,Scooter,Rural,Wednesday,66.0
5.31,6.6,3.8,3,20.2,Cloudy,Low,Night,Scooter,Urban,Tuesday,30.3
1.68,1.7,4.5,4,10.6,Storm,Medium,Afternoon,Scooter,Urban,Wednesday,30.2
2.24,1.7,4.4,1,19.8,Rain,Low,Night,Scooter,Urban,Saturday,31.6
5.97,1.8,4.6,4,11.5,Cloudy,Low,Afternoon,Scooter,Urban,Tuesday,32.9
6.9,1.8,3.9,8,13.5,Rain,High,Afternoon,Bike,Rural,Saturday,55.3
3.63,1.2,5.0,5,8.7,Rain,Medium,Evening,Bike,Urban,Saturday,36.4
16.43,1.5,4.2,4,22.5,Rain,Medium,Afternoon,Bicycle,Urban,Friday,84.9
0.5,0.4,3.9,7,21.8,Cloudy,Medium,Afternoon,Bike,Urban,Monday,32.0
3.61,0.7,5.0,4,20.0,Cloudy,High,Evening,Bike,Urban,Friday,49.2
6.24,10.6,4.4,7,23.5,Cloudy,Medium,Afternoon,Bike,Rural,Saturday,48.1
13.63,4.2,4.2,4,8.6,Clear,Medium,Afternoon,Bicycle,Urban,Wednesday,57.6
3.42,3.3,4.3,5,16.0,Clear,High,Night,Bike,Urban,Wednesday,39.9
1.97,4.1,4.6,3,6.7,Clear,High,Morning,Scooter,Urban,Wednesday,32.7
8.32,2.4,4.2,3,12.7,Clear,High,Afternoon,Bike,Rural,Thursday,59.2
7.52,3.2,3.5,4,24.2,Cloudy,High,Morning,Bike,Rural,Monday,75.7
12.35,2.6,4.1,5,29.8,Cloudy,Medium,Afternoon,Scooter,Urban,Tuesday,69.0
0.5,4.7,4.5,4,21.3,Clear,Medium,Morning,Scooter,Suburban,Friday,27.2
5.44,6.1,4.1,5,12.6,Clear,High,Evening,,Urban,Thursday,49.0
9.68,1.9,3.8,5,11.1,Clear,High,Morning,Bike,Urban,Tuesday,64.5
3.58,1.5,4.1,6,18.2,Rain,Medium,Evening,Bicycle,Urban,Sunday,45.6
1.56,2.2,4.5,3,20.1,Clear,Medium,Afternoon,Scooter,Suburban,Wednesday,33.3
10.47,2.0,4.6,3,8.4,Clear,Medium,Afternoon,Bicycle,Rural,Monday,54.4
1.86,4.8,3.7,1,8.7,Clear,High,Afternoon,Bike,Urban,Tuesday,31.6
2.38,3.4,3.7,2,17.0,Cloudy,Medium,Evening,Bike,Urban,Wednesday,34.4
2.06,1.6,4.1,1,13.1,Clear,Medium,Afternoon,Bike,Urban,Thursday,25.0
2.14,10.9,3.9,5,13.3,Cloudy,High,Afternoon,Car,Urban,Monday,35.2
7.27,0.7,3.9,6,19.1,Cloudy,High,Evening,Car,Urban,Saturday,76.3
3.28,5.3,4.0,4,22.2,,High,Evening,Scooter,Urban,Sunday,60.2
10.8,1.9,4.4,3,10.2,Cloudy,High,Morning,Bike,Rural,Wednesday,77.0
5.66,2.6,3.8,5,9.3,Clear,Medium,Night,Bike,Urban,Saturday,40.6
3.8,4.4,3.7,6,11.2,Clear,Medium,Afternoon,Bike,Suburban,Friday,26.8
10.05,0.3,3.9,5,12.9,Rain,High,Morning,Car,Urban,Saturday,79.1
1.74,4.4,3.6,1,12.5,Clear,Medium,Afternoon,Bike,Urban,Tuesday,24.9
3.49,5.9,4.2,5,20.2,Fog,High,Morning,Bike,Urban,Friday,57.7
7.3,6.9,4.2,7,10.9,Cloudy,High,Morning,Bike,Rural,Monday,57.7
3.98,1.8,4.5,6,26.8,Clear,High,Evening,Bike,Urban,Monday,48.1
6.97,5.3,3.7,3,10.5,Clear,High,Morning,Bicycle,Urban,Sunday,57.0
1.19,6.3,4.2,7,19.0,Fog,High,Evening,Bike,Suburban,Wednesday,47.3
2.46,6.2,4.3,4,36.1,Storm,Low,Night,Bicycle,Suburban,Thursday,59.7
2.09,3.8,3.6,1,8.9,Rain,High,Evening,Scooter,Suburban,Tuesday,45.3
0.5,7.1,4.2,6,12.8,Clear,High,Evening,Scooter,Urban,Sunday,33.6
1.54,12.0,4.2,2,21.4,Rain,High,Evening,Scooter,Urban,Wednesday,43.6
5.96,3.2,4.1,5,25.6,,Low,Night,Scooter,Suburban,Tuesday,36.2
3.67,1.9,3.7,5,13.1,Clear,Low,Afternoon,Scooter,Suburban,Friday,25.7
4.76,3.9,4.1,4,10.5,Rain,Medium,Morning,Bike,Suburban,Tuesday,37.2
6.99,2.4,3.4,3,7.2,Storm,High,Afternoon,Car,Urban,Tuesday,63.4
11.66,2.2,4.3,3,6.7,Clear,High,Afternoon,Bike,Urban,Friday,67.5
4.13,9.6,4.4,4,13.3,Cloudy,Medium,Morning,Bike,Rural,Sunday,34.5
5.51,2.7,4.1,4,5.5,Clear,Medium,Evening,Bike,Suburban,Saturday,31.0
2.38,2.6,4.6,5,17.4,Clear,Medium,Morning,Scooter,Urban,Monday,32.6
6.59,2.2,3.9,3,19.5,Clear,Low,Night,Bike,Rural,Wednesday,40.1
3.04,4.3,3.9,4,9.4,Rain,Medium,Afternoon,Bike,Suburban,Saturday,35.3
5.68,5.0,4.0,5,22.7,Clear,High,Morning,Bike,Urban,Tuesday,58.9
3.93,7.8,,4,17.9,Rain,Medium,Morning,Bike,Urban,Saturday,37.6
2.75,1.5,4.0,7,20.1,Clear,Medium,Afternoon,Bike,Suburban,Thursday,30.2
6.09,7.6,5.0,2,7.8,Cloudy,High,Afternoon,Car,Urban,Sunday,44.9
5.78,1.7,4.1,6,15.7,Clear,Medium,Morning,Bike,Urban,Wednesday,46.0
2.62,1.4,3.8,1,18.4,Clear,Low,Afternoon,Bicycle,Suburban,Sunday,32.2
5.47,,4.9,5,12.6,Cloudy,High,Morning,Scooter,Urban,Wednesday,43.8
7.69,1.6,4.2,3,24.8,Cloudy,Medium,Afternoon,Car,Rural,Friday,56.7
2.1,4.3,4.0,3,15.8,Fog,Medium,Afternoon,Bicycle,Urban,Tuesday,39.7
5.76,2.2,4.5,2,19.5,Clear,High,Afternoon,Bike,Urban,Thursday,57.1
5.88,5.9,4.6,9,13.7,Cloudy,Low,Afternoon,Scooter,Suburban,Wednesday,24.9
1.42,4.8,3.9,4,17.7,Fog,Medium,Morning,Bike,Suburban,Monday,34.0
5.44,5.1,4.5,4,9.1,Clear,High,Morning,Bike,Urban,Thursday,42.5
7.6,4.0,4.1,2,,Rain,Medium,Morning,Bike,Suburban,Tuesday,40.4
5.52,3.9,3.8,4,7.5,Fog,High,Evening,Scooter,Rural,Sunday,61.6
4.36,2.0,3.9,3,21.5,Rain,Medium,Night,Car,Suburban,Saturday,45.4
1.59,2.2,3.7,4,,Cloudy,,Night,,Suburban,Saturday,29.8
1.73,2.3,4.2,6,31.9,Rain,Low,Afternoon,Car,Urban,Thursday,53.7
0.9,5.6,4.2,5,15.8,Cloudy,High,Afternoon,Bike,Urban,Tuesday,33.2
8.27,4.3,4.6,3,10.3,Cloudy,Medium,Afternoon,Bike,Urban,Wednesday,34.9
7.65,2.3,4.5,3,27.4,Storm,Medium,Evening,Bike,Urban,Tuesday,64.7
7.95,3.4,4.0,6,54.8,Clear,Medium,Evening,Scooter,Suburban,Thursday,89.8
,7.5,4.1,5,24.9,Rain,Medium,Evening,Scooter,Urban,Saturday,46.6
6.98,0.1,3.9,6,27.3,Cloudy,Low,Night,Bike,Urban,Tuesday,49.3
1.65,3.1,4.2,4,11.0,Clear,High,Afternoon,Bike,Urban,Monday,34.1
1.41,3.5,4.1,2,12.1,Cloudy,High,Evening,Scooter,Urban,Monday,36.2
2.87,2.2,4.2,6,25.7,Rain,High,Evening,,Urban,Thursday,57.4
7.34,1.0,4.7,5,16.8,Cloudy,Medium,Afternoon,Bike,Suburban,Monday,44.4
4.46,2.1,4.7,8,20.8,Rain,Low,Night,Car,Suburban,Wednesday,41.4
2.61,1.8,3.9,6,12.3,Clear,High,Morning,Scooter,Urban,Monday,45.3
2.5,3.6,4.4,2,14.9,Fog,High,Night,Scooter,Urban,Monday,52.1
8.28,1.9,4.4,5,19.4,Cloudy,Medium,Evening,Bike,Suburban,Friday,49.8
6.22,3.4,3.9,6,14.5,Rain,High,Morning,,Urban,Sunday,61.9
8.57,8.7,4.7,5,34.6,Clear,High,Evening,Scooter,Urban,Tuesday,82.8
8.18,1.5,,2,14.8,Cloudy,Medium,Morning,Bike,Urban,Tuesday,48.7
0.74,6.3,4.6,5,21.1,Fog,Medium,Evening,Car,Urban,Wednesday,41.2
14.43,2.9,4.1,3,21.8,Clear,High,Evening,Car,Rural,Saturday,97.9
6.3,0.4,3.7,4,14.2,Clear,Medium,Evening,,Suburban,Thursday,36.6
7.32,6.0,4.1,7,14.6,Rain,Medium,Evening,Car,Rural,Friday,54.6
6.16,5.9,4.9,3,11.8,Rain,High,Morning,Bike,Rural,Thursday,53.0
3.34,1.5,5.0,5,24.3,Rain,Medium,Afternoon,Car,Urban,Sunday,47.7
11.49,4.3,3.9,2,10.6,Rain,High,Afternoon,Bike,Urban,Monday,74.3
3.96,2.8,4.1,1,30.8,Fog,Medium,Morning,Car,Urban,Tuesday,58.5
6.12,3.8,4.1,3,7.5,Cloudy,Medium,Afternoon,Bike,Urban,Wednesday,35.6
7.47,2.0,4.1,6,34.5,Cloudy,High,Afternoon,Bike,Urban,Thursday,85.2
2.72,1.6,4.8,5,20.7,Rain,High,Afternoon,Bike,Urban,Monday,47.4
8.14,1.3,4.0,3,15.3,Rain,High,Afternoon,Car,Urban,Sunday,68.5
3.65,7.0,3.9,5,10.7,Clear,Medium,Evening,Scooter,Urban,Friday,29.3
16.58,1.5,4.0,7,13.7,Clear,Low,Afternoon,Car,Suburban,Sunday,59.3
1.77,4.3,4.1,4,16.8,Cloudy,Low,Night,Bike,Suburban,Sunday,22.7
6.75,1.5,4.4,5,13.3,Rain,Medium,Afternoon,Bike,Rural,Thursday,44.6
7.71,12.1,4.2,3,,Cloudy,Low,Afternoon,Scooter,Urban,Saturday,29.2
2.17,1.5,4.4,4,15.5,Rain,Medium,Afternoon,Bike,Urban,Saturday,34.0
9.7,1.5,4.6,6,14.9,Rain,Medium,Afternoon,Scooter,Rural,Wednesday,50.9
2.98,7.7,4.0,6,28.6,Clear,Medium,Afternoon,Bicycle,Suburban,Friday,43.8
1.54,2.7,4.1,5,22.5,Cloudy,Medium,Afternoon,Scooter,Suburban,Sunday,31.2
1.3,1.2,4.3,6,23.3,Cloudy,High,Morning,Bike,Urban,Saturday,49.2
4.34,3.1,3.9,4,16.9,Clear,High,Afternoon,Scooter,Urban,Friday,41.2
11.64,1.7,4.2,4,10.2,Cloudy,High,Evening,Car,Rural,Tuesday,79.7
1.69,13.4,4.6,3,16.2,Cloudy,Medium,Afternoon,Scooter,Suburban,Saturday,19.8
5.56,0.7,4.2,3,17.4,Rain,High,Evening,Car,Urban,Wednesday,60.2
1.2,4.9,4.6,2,17.8,Cloudy,High,Afternoon,Bike,Urban,Friday,40.5
2.75,7.9,3.8,6,18.7,Clear,Medium,Night,Car,Urban,Friday,30.4
3.59,5.4,4.3,6,7.3,Cloudy,High,Evening,Bike,Urban,Thursday,36.0
3.38,1.9,4.4,4,24.3,Rain,Medium,Night,Car,Suburban,Tuesday,44.7
4.19,6.5,4.3,6,11.2,Cloudy,Medium,Evening,Car,Urban,Friday,34.2
3.48,3.6,4.0,10,17.6,Clear,High,Morning,Car,Urban,Tuesday,57.1
3.14,4.8,3.6,1,14.6,Fog,High,Afternoon,Bike,Urban,Tuesday,47.3
6.69,5.5,4.6,5,17.3,Clear,High,Morning,Car,Rural,Monday,58.5
2.33,1.4,3.6,3,10.3,Clear,High,Evening,Bike,Urban,Friday,46.8
5.64,4.6,,4,12.5,Clear,High,Evening,Scooter,Urban,Monday,48.5
3.16,5.3,4.4,3,11.9,Rain,Low,Afternoon,Scooter,Suburban,Wednesday,24.8
2.13,3.1,4.0,5,9.0,Rain,Low,Night,Scooter,Suburban,Sunday,18.0
5.39,1.9,4.2,2,8.8,Clear,High,Morning,Bike,Suburban,Thursday,42.6
,3.0,3.7,4,23.2,Rain,High,Evening,Scooter,Suburban,Sunday,59.2
1.63,9.4,4.3,3,18.7,Rain,High,Evening,Scooter,Urban,Thursday,35.9
14.1,4.3,4.5,5,22.9,Fog,Medium,Morning,Scooter,Rural,Tuesday,75.8
8.82,3.3,,7,35.8,Fog,Medium,Evening,Scooter,Rural,Saturday,76.9
2.86,1.5,4.2,2,17.0,Rain,High,Evening,Scooter,Urban,Wednesday,52.7
3.67,6.4,4.5,5,8.2,,Medium,Morning,Bike,Suburban,Sunday,21.7
4.75,4.6,3.6,5,17.2,Clear,High,Afternoon,Bike,Urban,Tuesday,48.0
3.8,2.4,4.2,3,18.9,Fog,Medium,Afternoon,Scooter,Urban,Saturday,46.0
1.98,2.1,4.2,7,18.6,Cloudy,High,Evening,Car,Urban,Thursday,43.5
0.8,1.3,4.3,2,9.2,Cloudy,High,Morning,Bike,Urban,Saturday,38.3
14.08,4.7,4.0,5,19.2,Fog,Medium,Night,Bike,Rural,Tuesday,67.5
1.78,0.7,3.6,2,20.9,Rain,Medium,Night,Car,Urban,Friday,38.1
5.13,4.8,4.0,2,15.9,Rain,Medium,Morning,,Suburban,Monday,40.6
3.78,0.7,3.9,4,23.4,Fog,High,Afternoon,Scooter,Urban,Saturday,62.6
0.62,2.8,4.1,6,17.4,Clear,High,Evening,Car,Urban,Tuesday,40.6
2.3,6.5,4.6,4,16.4,Rain,Medium,Evening,Bicycle,Urban,Thursday,43.1
10.43,0.5,3.6,4,12.5,Storm,Medium,Afternoon,Scooter,Urban,Friday,58.1
0.86,7.5,4.5,2,18.3,Clear,Low,Morning,Bike,Suburban,Thursday,23.9
6.98,2.0,4.8,3,17.1,Clear,Medium,Morning,Scooter,Rural,Saturday,48.5
4.75,2.9,4.8,5,15.9,Rain,Medium,Night,Car,Urban,Friday,41.4
6.07,2.0,4.8,2,29.1,Cloudy,Medium,Afternoon,Scooter,Rural,Monday,48.5
4.07,2.2,4.2,2,31.4,Clear,Medium,Evening,Bike,Suburban,Saturday,48.6
5.45,1.6,4.2,3,15.0,Clear,High,Afternoon,Car,Suburban,Thursday,47.6
4.99,6.1,3.5,6,29.4,Clear,Medium,Night,Car,Urban,Friday,50.3
4.07,5.1,4.1,3,19.7,Clear,High,Morning,Bike,Urban,Tuesday,52.4
3.31,1.5,4.6,5,25.4,Rain,High,Morning,Bicycle,Suburban,Thursday,62.0
1.85,4.3,3.6,2,6.5,Cloudy,Low,Night,Car,Urban,Saturday,23.6
5.34,3.7,3.8,7,18.9,Rain,Medium,Night,Car,Urban,Sunday,50.5
3.73,2.5,4.2,5,15.4,Clear,Low,Afternoon,Bicycle,Suburban,Sunday,31.6
11.32,4.5,3.5,3,21.5,Clear,Low,Afternoon,Bike,Urban,Friday,52.4
6.27,2.9,4.8,3,13.7,Clear,Low,Afternoon,Car,Suburban,Monday,33.2
2.59,5.6,4.4,8,23.5,Rain,Medium,Afternoon,Bike,Urban,Thursday,41.8
9.24,1.7,4.3,7,30.0,Fog,High,Morning,Car,Rural,Tuesday,99.0
,5.3,4.5,9,18.7,Clear,High,Night,Car,Urban,Friday,39.6
0.77,0.7,4.0,3,10.2,Storm,Medium,Afternoon,Car,Urban,Tuesday,37.9
2.53,3.5,4.3,1,18.1,Clear,High,Evening,Car,Suburban,Sunday,40.5
1.19,3.2,3.8,2,16.5,Clear,High,Morning,Car,Urban,Tuesday,45.7
8.56,1.7,3.3,6,13.0,Rain,Low,Morning,Bike,Rural,Monday,53.0
10.68,4.6,4.1,4,18.3,Clear,Medium,Evening,Bike,Suburban,Saturday,53.3
7.56,4.9,4.8,2,18.3,Fog,High,Afternoon,Bike,Urban,Tuesday,73.1
2.85,2.0,4.8,5,24.8,Clear,Medium,Evening,Car,Urban,Monday,41.5
11.82,2.5,4.1,2,6.8,Rain,Medium,Morning,Scooter,Rural,Thursday,52.8
2.43,4.0,4.0,3,14.0,Clear,Low,Night,Scooter,Suburban,Sunday,20.5
14.66,0.8,3.6,4,13.6,Clear,Medium,Evening,Bike,Rural,Tuesday,63.7
5.45,2.1,4.6,2,12.4,Cloudy,High,Evening,Scooter,Urban,Wednesday,48.6
6.41,2.2,4.3,3,21.5,Fog,Medium,Morning,Scooter,Rural,Tuesday,52.1
3.51,2.6,4.1,4,15.7,Cloudy,Medium,Afternoon,Bicycle,Urban,Thursday,33.2
5.44,5.4,3.4,2,20.1,Cloudy,Medium,Afternoon,Car,Suburban,Wednesday,37.5
3.54,5.2,3.5,1,11.1,Clear,Medium,Afternoon,Scooter,Urban,Friday,25.0
7.29,1.6,4.2,6,22.4,Clear,Medium,Afternoon,Car,Urban,Thursday,52.5
6.05,3.4,3.6,8,24.2,Clear,Low,Morning,Bike,Rural,Sunday,42.4
8.18,3.9,4.4,4,8.9,Rain,Low,Afternoon,Bike,Rural,Friday,41.7
3.4,4.4,4.4,3,27.2,Clear,High,Afternoon,Scooter,Urban,Friday,45.0
9.77,1.2,3.7,5,15.1,Clear,Medium,Afternoon,Car,Rural,Thursday,51.4
1.95,0.4,4.2,4,10.2,Cloudy,High,Morning,Bike,Urban,Wednesday,39.7
2.65,10.3,3.8,4,17.5,Cloudy,High,Afternoon,Bike,Urban,Wednesday,38.6
3.64,1.8,4.5,7,14.4,Clear,High,Evening,Scooter,Urban,Thursday,45.6
3.45,3.0,5.0,3,18.6,Clear,Medium,Afternoon,Bike,Urban,Tuesday,24.9
9.77,4.0,4.1,2,15.4,Cloudy,High,Afternoon,Scooter,Urban,Monday,72.0
4.77,3.0,4.7,6,25.1,Rain,Low,Afternoon,Scooter,Urban,Wednesday,43.4
8.46,3.1,4.5,4,17.6,Clear,High,Evening,Bicycle,Urban,Monday,71.4
1.05,3.9,4.1,5,14.8,Rain,Medium,Afternoon,Bike,Suburban,Tuesday,30.8
6.69,1.7,4.4,8,20.4,Clear,High,Evening,Bike,Suburban,Thursday,60.2
4.77,1.8,3.7,5,12.9,Fog,Medium,Night,Bike,Suburban,Saturday,50.4
3.41,1.8,4.2,1,6.5,Fog,High,Afternoon,Bike,Urban,Tuesday,49.9
1.82,4.2,4.0,4,15.2,Clear,Low,Night,Car,Suburban,Saturday,23.6
5.77,4.9,4.7,3,9.7,Cloudy,High,Evening,Scooter,Urban,Monday,45.0
5.24,1.6,3.9,4,17.4,Clear,Medium,Morning,Bike,Suburban,Sunday,38.2
5.91,1.7,3.7,2,13.7,Rain,High,Afternoon,Bicycle,Urban,Thursday,62.5
2.6,4.6,3.8,4,17.3,Cloudy,High,Evening,Car,Urban,Thursday,48.3
7.27,5.4,4.5,4,12.1,Cloudy,Low,Night,Bike,Urban,Friday,34.5
5.51,5.9,4.1,6,14.1,Clear,Medium,Afternoon,Bike,Suburban,Thursday,33.1
9.44,1.9,3.5,4,22.7,Clear,High,Morning,Car,Rural,Wednesday,72.8
9.15,4.3,4.5,3,12.7,Rain,High,Evening,Scooter,Suburban,Wednesday,63.0
6.82,8.7,3.6,3,16.5,Cloudy,Medium,Morning,Bicycle,Rural,Sunday,45.5
5.9,2.2,3.9,3,12.6,Rain,High,Evening,Bike,Rural,Saturday,61.2
2.77,5.1,4.1,4,19.7,Rain,Medium,Afternoon,Car,Urban,Thursday,37.6
7.21,3.5,3.7,2,,Cloudy,Medium,Evening,Bike,Suburban,Saturday,44.2
2.83,11.3,3.5,4,26.1,Cloudy,Medium,Evening,Bike,Urban,Tuesday,39.5
3.82,0.4,4.5,5,24.3,Fog,Medium,Evening,Car,Urban,Thursday,58.8
7.35,3.8,4.4,5,15.6,Rain,High,Evening,Scooter,Urban,Thursday,62.4
4.97,7.3,4.2,3,23.1,Fog,Medium,Evening,Bike,Rural,Wednesday,51.1
6.18,1.5,4.3,5,12.6,Storm,Medium,Evening,Bike,Suburban,Sunday,48.6
1.46,5.2,3.5,7,25.0,Clear,High,Evening,Car,Urban,Saturday,46.5
4.66,2.3,4.3,4,21.1,,High,Morning,Bike,Urban,Sunday,58.2
4.48,0.7,4.3,7,17.8,Rain,Medium,Evening,Bike,Urban,Friday,44.2
4.93,2.2,4.3,3,23.8,Clear,High,Morning,Bike,Suburban,Wednesday,54.6
9.49,1.6,4.3,5,8.0,Cloudy,High,Evening,Bike,Rural,Saturday,64.3
3.93,6.3,4.5,6,10.3,Clear,High,Evening,Car,Urban,Monday,38.2
3.62,11.5,4.1,7,25.4,Cloudy,Medium,Afternoon,Bike,Urban,Saturday,39.3
3.81,2.4,4.2,5,17.0,Clear,Medium,Morning,Scooter,Suburban,Monday,30.9
8.93,2.3,3.6,4,17.2,Rain,Medium,Afternoon,Scooter,Urban,Saturday,52.0
4.2,0.5,4.4,4,36.0,Rain,High,Evening,Bike,Urban,Friday,75.2
13.22,5.9,3.9,3,30.6,Cloudy,High,Morning,Scooter,Urban,Monday,94.1
5.32,8.1,3.9,2,14.8,Clear,High,Morning,Bike,Urban,Tuesday,46.3
4.2,4.6,4.0,4,13.6,Cloudy,Medium,Evening,Car,Urban,Thursday,39.0
6.01,2.2,3.7,6,20.7,Clear,High,Evening,Car,Rural,Wednesday,59.6
6.45,4.0,4.1,4,15.3,Clear,,Morning,Car,Urban,Saturday,61.9
3.19,5.8,4.5,6,19.4,Clear,Medium,Afternoon,Bike,Urban,Tuesday,30.2
7.09,2.9,3.7,2,15.1,Fog,Medium,Night,Car,Suburban,Wednesday,50.4
5.21,4.9,4.1,5,18.7,Clear,Medium,Evening,Scooter,Rural,Tuesday,45.2
3.8,2.5,4.4,3,12.9,Cloudy,Medium,Evening,Bike,Urban,Monday,29.5
3.1,1.1,,6,19.2,Rain,Medium,Afternoon,Bike,Urban,Tuesday,37.9
6.14,5.6,4.9,4,18.7,Clear,High,Afternoon,Bike,Suburban,Saturday,49.6
9.39,3.6,4.0,6,31.2,Fog,Medium,Morning,Bike,Urban,Friday,76.7
3.74,4.0,3.8,3,16.6,Clear,High,Evening,Bike,Suburban,Sunday,48.2
2.92,6.1,4.2,2,10.0,Clear,High,Morning,Bicycle,Urban,Wednesday,46.1
1.64,1.6,3.9,4,14.7,Clear,Medium,Morning,Bicycle,Urban,Tuesday,36.2
2.69,2.3,4.1,4,24.1,Cloudy,High,Evening,Bike,Urban,Monday,56.0
9.46,8.0,3.9,7,23.8,Fog,High,Night,Bicycle,Suburban,Thursday,91.4
3.78,3.9,4.6,4,8.3,Cloudy,High,Evening,Scooter,Urban,Monday,29.7
5.15,5.8,5.0,5,13.0,Cloudy,Medium,Afternoon,,Urban,Monday,30.3
1.23,3.4,4.4,2,8.3,Clear,High,Afternoon,Bicycle,Urban,Friday,31.6
1.19,,4.2,2,11.2,Fog,Low,Afternoon,Scooter,Suburban,Tuesday,18.2
1.07,5.0,3.9,2,14.0,,High,Afternoon,Scooter,Urban,Thursday,33.6
8.0,2.0,4.6,2,13.5,Clear,Medium,Afternoon,Bike,Suburban,Friday,43.3
3.88,12.0,3.9,6,28.1,Storm,Medium,Afternoon,Bike,Suburban,Friday,47.7
2.19,4.0,4.3,8,36.4,Clear,Medium,Evening,Car,Urban,Wednesday,54.0
10.72,0.9,4.0,2,14.4,Clear,Low,Night,Bike,Rural,Friday,47.7
9.35,1.0,3.7,6,14.3,Clear,High,Night,Bike,Rural,Wednesday,69.5
7.08,2.4,4.1,6,15.1,Clear,Medium,Morning,Bike,Urban,Monday,44.7
3.73,0.7,3.8,3,20.1,Rain,Medium,Afternoon,Scooter,Urban,Wednesday,38.1
7.14,7.3,4.7,4,7.5,Cloudy,Medium,Morning,Bike,Urban,Monday,39.7
1.99,2.1,3.9,4,19.6,Fog,Medium,Afternoon,Bicycle,Urban,Thursday,40.0
5.03,1.3,4.1,5,16.3,Clear,High,Afternoon,Bike,Urban,Saturday,45.6
12.74,4.1,3.9,5,20.0,Cloudy,Medium,Morning,Car,Rural,Saturday,70.0
5.27,4.9,3.7,4,9.9,Rain,High,Evening,Scooter,Rural,Tuesday,56.1
3.88,2.5,4.4,5,17.1,Cloudy,Medium,Afternoon,Scooter,Urban,Monday,33.2
1.6,4.9,4.1,4,14.1,Cloudy,Medium,Night,Bike,Urban,Tuesday,25.4
,5.7,5.0,4,23.0,Cloudy,High,Morning,Bike,Urban,Sunday,42.6
3.24,2.4,4.5,7,10.7,Rain,High,Morning,Car,Urban,Wednesday,43.8
5.17,1.2,4.2,7,14.4,Rain,High,Afternoon,Car,Urban,Thursday,51.5
6.88,2.2,4.3,3,11.5,Clear,High,Morning,Scooter,Rural,Monday,51.0
3.35,2.8,4.1,4,13.6,Cloudy,Medium,Afternoon,Car,Suburban,Saturday,30.7
2.51,3.4,3.8,7,14.3,Cloudy,Medium,Night,Car,Urban,Thursday,31.7
6.77,5.8,3.6,4,32.2,,High,Morning,Bike,Suburban,Monday,67.8
8.36,2.9,3.7,3,14.9,Clear,High,Morning,Scooter,Urban,Thursday,65.9
14.82,1.8,4.7,3,19.6,Storm,Medium,Evening,Car,Suburban,Friday,76.0
7.66,2.2,4.2,4,31.3,Clear,High,Afternoon,Car,Urban,Thursday,75.3
5.48,3.8,4.4,4,18.9,Clear,Medium,Evening,Bike,Urban,Sunday,42.6
6.76,4.0,4.4,1,15.9,Cloudy,High,Afternoon,Bike,Suburban,Sunday,48.5
2.53,9.0,4.1,5,20.9,Clear,Medium,Evening,Bike,Urban,Thursday,34.0
3.19,2.8,3.9,2,19.7,Clear,Medium,Morning,Bike,Suburban,Sunday,39.7
,1.8,4.9,4,14.2,Clear,High,Afternoon,Bike,Urban,Saturday,45.9
1.09,0.5,4.4,2,6.9,Clear,High,Evening,Scooter,Suburban,Wednesday,27.2
2.38,,3.5,3,13.1,Clear,High,Evening,Scooter,Suburban,Saturday,40.0
13.5,4.5,3.5,3,22.9,Rain,High,Afternoon,,Urban,Thursday,92.6
3.21,2.1,4.4,7,38.1,Clear,High,Evening,Scooter,Urban,Thursday,68.8
0.93,6.8,3.8,5,25.7,Clear,Medium,Morning,Bike,Suburban,Thursday,32.0
2.73,0.6,4.1,3,18.0,Cloudy,Medium,Morning,Bike,Urban,Saturday,36.3
4.32,2.3,3.3,4,22.2,,High,Morning,Car,Urban,Sunday,50.0
5.28,5.6,4.0,6,20.4,Clear,Medium,Evening,Car,Suburban,Wednesday,46.2
3.74,7.4,4.5,3,8.4,Clear,High,Afternoon,Bike,Urban,Friday,40.5
4.93,4.8,3.9,2,9.4,Clear,High,Evening,Car,Suburban,Friday,45.8
2.36,6.0,3.7,4,26.6,Clear,High,Morning,Car,Urban,Sunday,50.1
8.51,1.7,4.1,3,15.4,Clear,High,Evening,Scooter,Suburban,Thursday,61.7
,2.6,4.2,4,16.7,Fog,High,Evening,Bicycle,Urban,Tuesday,79.3
0.8,7.7,4.0,4,13.9,Storm,High,Morning,Bike,Urban,Tuesday,50.0
1.78,1.6,3.6,7,,Rain,High,Morning,Bike,Urban,Monday,50.2
10.7,3.3,4.3,6,22.2,Clear,Medium,Morning,Car,Rural,Monday,63.0
7.43,5.1,3.9,7,22.5,Rain,Medium,Evening,Scooter,Rural,Wednesday,53.2
4.55,7.1,4.2,1,16.1,Cloudy,Low,Morning,Bike,Suburban,Monday,31.6
4.15,3.0,3.8,5,17.6,Clear,High,Afternoon,Bike,Urban,Sunday,38.9
7.68,2.5,4.6,3,13.5,Fog,Low,Afternoon,Bike,Urban,Wednesday,45.9
4.62,4.3,4.4,5,13.3,Rain,High,Evening,Bike,Suburban,Wednesday,44.2
5.32,9.4,4.0,2,19.3,Clear,High,Afternoon,Bike,Suburban,Saturday,46.0
4.24,4.3,4.3,3,12.2,,High,Afternoon,Bicycle,Urban,Wednesday,64.0
6.0,4.4,4.8,3,23.7,Clear,Medium,Night,Bike,Rural,Friday,46.1
6.89,3.0,4.6,5,17.5,Cloudy,High,Morning,Car,Urban,Saturday,62.2
3.02,1.7,4.7,8,24.2,Clear,Medium,Evening,Bike,Urban,Wednesday,45.2
9.47,2.6,4.4,3,20.1,Clear,Medium,Morning,Bike,Rural,Thursday,53.7
3.45,3.0,3.9,5,19.6,Storm,High,Afternoon,Car,Urban,Wednesday,65.0
1.45,2.6,4.4,4,20.0,Cloudy,Medium,Evening,Bike,Urban,Thursday,34.0
12.24,3.2,4.8,4,10.6,Clear,High,Evening,Bike,Urban,Friday,77.0
10.38,4.5,4.4,6,29.4,Rain,High,Evening,Car,Rural,Wednesday,91.9
1.81,2.1,3.8,4,34.1,Rain,High,Afternoon,Bike,Urban,Thursday,60.9
9.91,5.8,,3,15.1,Fog,Medium,Afternoon,Bike,Suburban,Thursday,48.9
2.65,4.3,4.4,4,16.5,Fog,High,Afternoon,Bicycle,Urban,Monday,57.1
2.99,3.5,4.2,6,21.2,Fog,High,Afternoon,Bike,Urban,Tuesday,56.2
2.62,2.8,4.4,4,16.2,Cloudy,High,Afternoon,Scooter,Urban,Thursday,39.3
8.79,1.6,,3,16.6,Clear,Low,Afternoon,Bike,Urban,Monday,39.8
7.88,4.6,4.1,2,14.1,Fog,Low,Afternoon,Bike,Urban,Friday,41.3
3.52,12.1,4.3,5,12.7,Clear,Low,Afternoon,Scooter,Urban,Sunday,20.5
3.73,7.2,,3,17.1,Clear,High,Afternoon,Scooter,Suburban,Saturday,42.3
6.4,5.0,3.9,8,16.2,Clear,High,Morning,Bike,Urban,Wednesday,54.1
6.28,7.8,3.2,5,18.8,Clear,Medium,Evening,Car,Suburban,Thursday,41.7
3.88,2.2,3.1,4,11.2,Cloudy,Medium,Evening,Car,Suburban,Friday,35.3
3.96,1.9,4.1,2,7.9,Fog,High,Morning,Scooter,Urban,Friday,57.2
6.65,3.2,4.2,2,23.7,Cloudy,Medium,Evening,Scooter,Urban,Sunday,46.3
1.0,3.4,4.1,6,30.5,Cloudy,Medium,Evening,Scooter,Urban,Thursday,39.7
5.09,6.8,4.2,6,12.8,Clear,High,Morning,Car,Urban,Tuesday,44.9
4.88,5.7,4.8,4,9.7,Rain,Medium,Morning,Bike,Urban,Wednesday,38.7
8.83,0.6,4.0,3,25.2,Clear,High,Morning,Car,Urban,Sunday,76.0
5.4,5.8,4.3,2,28.1,Clear,High,Morning,Scooter,Urban,Friday,54.8
5.78,2.9,4.8,4,46.8,Cloudy,High,Evening,Bicycle,Urban,Saturday,99.7
5.87,4.1,3.8,6,14.6,Cloudy,Medium,Night,Bicycle,Rural,Friday,42.4
2.54,3.1,4.8,4,11.6,Clear,High,Morning,Bike,Suburban,Sunday,39.7
5.01,2.1,4.5,6,15.5,Clear,High,Evening,Bike,Urban,Thursday,53.0
0.63,4.1,4.0,4,6.8,Clear,High,Morning,Scooter,Urban,Sunday,32.1
3.14,2.0,3.2,4,33.8,Rain,High,Evening,Scooter,Suburban,Sunday,68.2
1.54,2.9,4.7,2,5.0,Clear,,Evening,Car,Urban,Saturday,27.9
2.64,1.7,4.8,4,19.0,Cloudy,High,Afternoon,Bike,Urban,Sunday,52.3
,1.3,3.9,1,20.0,Fog,Medium,Morning,Scooter,Suburban,Thursday,38.4
1.69,11.7,4.8,1,21.9,Rain,Medium,Evening,Bicycle,Urban,Saturday,42.4
8.23,2.3,3.5,3,16.5,Clear,Low,Night,Bicycle,Urban,Thursday,53.6
1.59,2.9,4.3,3,20.8,Cloudy,Low,Afternoon,Bike,Urban,Saturday,28.1
2.07,7.2,4.1,6,13.8,Clear,High,Morning,Bicycle,Suburban,Saturday,40.9
9.79,3.6,3.6,5,12.8,Clear,High,Morning,Bike,Rural,Saturday,77.9
5.81,1.7,4.1,8,10.6,Rain,Medium,Evening,Scooter,Suburban,Thursday,42.6
3.45,1.7,4.1,2,11.9,Clear,Medium,Evening,Bike,Urban,Saturday,31.2
,1.6,3.7,5,12.6,Clear,High,Evening,Scooter,Urban,Sunday,37.7
0.69,9.3,4.4,1,10.7,Fog,Low,Evening,Bike,Suburban,Friday,23.9
3.13,0.5,3.9,2,14.5,Rain,Medium,Night,Bike,Suburban,Thursday,35.0
10.09,1.4,4.0,3,25.3,Fog,Medium,Evening,Bike,Rural,Saturday,70.3
6.92,2.4,4.7,6,21.7,Fog,,Afternoon,Car,Suburban,Saturday,48.8
1.74,2.4,3.9,4,11.1,Clear,High,Evening,Scooter,Urban,Thursday,38.0
9.48,2.2,3.3,8,16.1,Cloudy,High,Afternoon,Scooter,Suburban,Friday,71.8
5.3,4.6,4.1,6,16.2,Clear,High,Afternoon,Scooter,Rural,Friday,49.6
1.06,3.9,4.2,3,14.1,Rain,Medium,Night,Bike,Suburban,Friday,30.9
3.06,1.9,4.1,2,31.6,Clear,,Evening,Bike,Suburban,Wednesday,45.8
6.78,2.3,4.5,2,19.0,Clear,Medium,Night,Bike,Urban,Wednesday,38.9
4.54,13.9,4.3,3,11.1,Clear,Medium,Afternoon,Scooter,Suburban,Sunday,21.0
1.68,4.0,3.9,5,11.4,Rain,Medium,Afternoon,Bicycle,Urban,Sunday,37.0
12.6,0.2,4.4,6,25.2,Clear,High,Afternoon,Bike,Urban,Wednesday,85.3
4.4,1.7,4.3,5,32.6,Cloudy,High,Morning,Scooter,Suburban,Sunday,59.7
7.8,2.2,4.3,4,23.1,Rain,High,Morning,Car,Rural,Thursday,77.5
6.36,,4.1,4,19.7,Rain,Medium,Afternoon,Car,Suburban,Tuesday,42.4
4.8,2.3,4.3,3,12.8,Clear,Medium,Morning,Bike,Urban,Saturday,39.1
2.7,2.4,4.2,1,20.5,Clear,Low,Night,Bicycle,Urban,Monday,34.7
10.34,0.8,4.0,3,26.8,Fog,High,Morning,Scooter,Urban,Monday,95.9
8.9,3.4,4.3,5,12.2,Cloudy,High,Morning,Scooter,Suburban,Sunday,59.3
11.46,5.4,4.4,2,7.3,Clear,Medium,Evening,Car,Suburban,Thursday,51.0
7.13,3.2,4.4,4,16.5,Fog,High,Morning,Bike,Rural,Tuesday,69.8
10.09,2.3,4.4,5,18.2,Clear,Medium,Night,Car,Urban,Thursday,54.3
1.61,2.8,3.3,2,35.0,Cloudy,Medium,Evening,Scooter,Urban,Friday,57.3
3.94,5.2,4.5,5,19.8,Clear,Medium,Morning,Car,Suburban,Friday,35.3
6.23,2.6,,2,5.0,Clear,Medium,Evening,Car,Urban,Wednesday,42.0
6.2,2.7,4.6,4,15.3,Clear,High,Evening,Scooter,Rural,Wednesday,53.7
10.96,4.3,3.6,4,27.1,Rain,High,Evening,Bike,Suburban,Thursday,85.4
2.71,2.0,4.8,5,17.7,Clear,Medium,Evening,Bike,Urban,Friday,37.9
9.15,1.6,3.3,4,9.0,Rain,High,Evening,Car,Urban,Sunday,73.1
3.82,,4.3,4,22.3,Rain,Medium,Evening,Scooter,Rural,Wednesday,48.2
3.87,2.9,4.0,1,25.2,Rain,Medium,Afternoon,Car,Suburban,Sunday,46.3
2.33,2.0,4.3,4,10.2,Clear,Medium,Evening,Bike,Suburban,Sunday,29.3
2.34,5.8,4.8,2,14.2,Rain,Medium,Night,Scooter,Suburban,Wednesday,26.3
1.58,2.7,4.2,4,13.3,Clear,High,Evening,Car,Urban,Monday,41.3
1.48,5.4,4.5,2,13.1,Rain,Medium,Evening,Car,Suburban,Friday,30.9
7.25,4.7,4.7,6,18.4,Clear,Low,Afternoon,Bike,Rural,Sunday,39.3
1.69,0.7,3.9,6,12.5,Rain,High,Evening,Bike,Urban,Monday,42.6
7.92,1.2,4.3,2,16.5,Clear,Low,Night,Car,Suburban,Tuesday,32.7
8.67,9.8,4.7,4,17.7,Cloudy,High,Morning,Car,Urban,Friday,65.4
1.25,2.0,4.3,1,20.1,Clear,High,Morning,Scooter,Urban,Saturday,44.0
3.26,4.1,3.9,4,17.6,Clear,Medium,Afternoon,Scooter,Urban,Monday,37.0
7.82,2.9,4.3,8,23.6,Cloudy,Low,Afternoon,Bike,Suburban,Wednesday,47.0
5.76,0.7,4.2,3,11.0,Clear,High,Evening,Bike,Urban,Tuesday,49.2
3.09,1.7,4.3,1,31.1,Rain,Medium,Morning,Bike,Urban,Sunday,56.0
2.4,1.4,3.9,2,23.7,Rain,Low,Afternoon,Bike,Suburban,Friday,33.2
1.28,5.1,4.2,5,16.2,Cloudy,High,Evening,,Urban,Thursday,43.6
10.59,1.7,4.1,4,14.4,Rain,Medium,Evening,Bike,Suburban,Saturday,52.2
7.42,4.4,4.0,3,18.1,Rain,Medium,Evening,Car,Rural,Thursday,53.3
4.2,1.1,4.6,2,9.8,Fog,High,Evening,Scooter,Urban,Sunday,51.4
1.95,0.3,4.0,5,18.6,Clear,Medium,Evening,Bike,Urban,Tuesday,35.9
,3.4,3.9,10,17.7,Cloudy,Medium,Evening,Bike,Rural,Monday,50.4
7.89,4.2,3.7,5,10.4,Rain,High,Evening,Bike,Urban,Thursday,60.3
1.16,2.4,4.1,3,13.3,Clear,High,Afternoon,Scooter,Urban,Tuesday,29.4
6.49,3.3,4.1,3,19.1,Clear,High,Evening,Car,Rural,Saturday,64.5
8.23,0.9,4.4,2,14.9,Clear,High,Morning,Car,Rural,Thursday,68.6
9.22,2.5,3.7,5,20.1,Cloudy,Medium,Afternoon,Car,Suburban,Wednesday,48.1
1.11,5.8,3.5,2,17.1,Clear,Medium,Afternoon,Car,Urban,Saturday,29.0
8.53,10.0,3.4,5,16.2,Cloudy,Medium,Evening,Car,Rural,Thursday,53.3
1.39,3.0,4.3,4,13.1,Cloudy,Medium,Evening,Scooter,Suburban,Thursday,29.0
,4.0,4.5,4,23.3,Cloudy,High,Morning,Scooter,Suburban,Tuesday,50.3
1.35,6.0,4.5,2,13.9,Clear,Medium,Evening,Bike,Suburban,Sunday,23.7
2.55,3.5,4.0,3,13.9,Rain,Medium,Morning,Bike,Suburban,Friday,31.3
10.15,4.1,4.2,5,10.8,Cloudy,Medium,Evening,Scooter,Urban,Saturday,42.9
5.21,8.1,3.3,2,13.9,Clear,Medium,Evening,Car,Urban,Saturday,37.4
4.11,4.0,4.8,5,7.6,Clear,High,Evening,,Urban,Thursday,40.9
4.97,2.4,4.6,7,28.2,Clear,Medium,Evening,Bicycle,Urban,Monday,51.3
10.69,8.0,4.5,4,18.4,Fog,Low,Afternoon,Bike,Urban,Friday,46.2
4.3,3.7,3.8,5,26.3,Clear,Low,Afternoon,Car,Urban,Monday,36.6
7.56,1.2,4.0,3,17.8,Clear,Medium,Evening,Bicycle,Suburban,Sunday,52.8
7.71,2.7,4.1,4,14.9,Clear,High,Evening,Bike,Urban,Tuesday,65.0
7.07,10.8,4.8,6,26.8,Clear,Medium,Afternoon,Car,Urban,Wednesday,43.0
15.34,6.3,4.5,6,14.0,Clear,High,Afternoon,Car,Urban,Thursday,82.8
5.87,2.1,4.1,6,22.4,Rain,High,Morning,Car,Urban,Thursday,61.1
7.25,6.8,4.4,3,19.6,Cloudy,High,Morning,Bicycle,Suburban,Friday,70.2
2.59,2.6,3.8,3,13.8,Rain,Medium,Morning,Scooter,Urban,Saturday,38.3
3.89,1.7,3.6,5,18.9,Clear,Medium,Afternoon,Scooter,Urban,Saturday,33.4
3.76,5.9,4.1,2,12.9,Cloudy,Medium,Night,Scooter,Suburban,Sunday,26.0
1.92,1.2,3.7,3,13.7,Rain,Medium,Afternoon,Bike,Urban,Thursday,35.0
2.09,1.8,3.5,4,12.8,Cloudy,,Morning,Bike,Urban,Thursday,45.0
3.72,3.4,4.2,5,15.8,Rain,High,Morning,Bike,Suburban,Sunday,48.1
4.45,3.9,4.0,7,17.9,Clear,Medium,Afternoon,Bike,Urban,Wednesday,37.8
10.44,5.3,3.8,4,14.8,Cloudy,High,Evening,Car,Suburban,Tuesday,73.2
1.91,1.5,4.0,3,18.7,Cloudy,High,Afternoon,Bicycle,Suburban,Monday,50.4
6.39,3.5,4.3,8,19.7,Clear,Medium,Evening,Bicycle,Rural,Saturday,52.5
1.19,0.4,4.1,9,18.3,Rain,High,Evening,Bike,Urban,Friday,52.2
6.45,0.5,4.2,10,18.8,Clear,High,Morning,Scooter,Suburban,Tuesday,56.6
11.97,1.8,4.1,2,19.6,Clear,Medium,Evening,Scooter,Suburban,Monday,52.9
3.56,5.3,4.8,3,17.9,Rain,Low,Night,Bike,Urban,Monday,33.9
9.0,4.5,4.7,6,8.8,Rain,Medium,Afternoon,Scooter,Rural,Thursday,42.3
3.62,2.6,4.2,6,20.8,Fog,High,Morning,Bike,Urban,Tuesday,62.7
,0.7,3.8,8,20.7,Fog,Medium,Night,Bicycle,Rural,Saturday,72.6
1.61,3.8,3.9,3,17.2,Clear,Medium,Evening,Bike,Suburban,Sunday,30.2
5.22,15.0,3.7,4,26.7,Cloudy,Medium,Afternoon,Car,Urban,Saturday,49.2
3.61,3.1,3.8,4,18.2,Storm,Medium,Evening,Car,Urban,Saturday,53.9
10.04,1.2,4.4,5,11.1,Clear,Medium,Morning,Car,Rural,Sunday,54.2
6.45,3.0,3.9,3,21.8,Cloudy,High,Evening,Bike,Urban,Saturday,64.1
4.82,0.8,4.1,6,16.7,Fog,,Afternoon,Bike,Urban,Friday,41.5
3.21,2.1,4.6,4,13.5,Clear,High,Morning,Bicycle,Urban,Saturday,51.5
1.97,5.1,4.4,3,28.1,Fog,Medium,Evening,Bike,Suburban,Friday,47.7
6.36,7.6,4.2,4,29.4,Cloudy,Medium,Night,Bike,Urban,Thursday,55.7
3.98,2.5,4.1,5,8.8,Fog,Medium,Evening,Bicycle,Suburban,Monday,42.5
3.92,1.0,4.1,6,17.5,Cloudy,Medium,Afternoon,Car,Suburban,Friday,37.9
2.85,5.3,4.5,5,11.3,Cloudy,High,Morning,Car,Urban,Sunday,47.0
9.4,3.7,4.3,2,25.8,Rain,High,Night,Bike,Urban,Friday,77.1
9.68,2.9,4.1,3,28.1,Clear,Medium,Night,Scooter,Urban,Wednesday,51.6
6.99,3.3,3.7,4,38.7,Cloudy,Medium,Afternoon,Car,Rural,Friday,71.0
2.2,2.6,4.3,3,21.3,Fog,High,Evening,Bike,Suburban,Saturday,56.2
3.22,3.1,4.3,6,21.2,Fog,Medium,Afternoon,Bike,Urban,Saturday,49.2
2.33,3.5,,4,18.2,Storm,High,Afternoon,Bike,Urban,Thursday,55.9
5.14,3.8,4.1,3,10.1,Cloudy,Medium,Morning,Scooter,Urban,Wednesday,31.6
7.21,3.3,4.3,5,15.5,Cloudy,High,Morning,Bike,Rural,Wednesday,67.0
6.16,1.6,4.1,4,15.6,Cloudy,High,Morning,Car,Urban,Sunday,64.7
3.04,9.7,4.8,2,14.5,Cloudy,Medium,Evening,Bike,Urban,Tuesday,26.4
22.11,3.0,4.7,2,11.9,Cloudy,High,Morning,Bike,Rural,Saturday,122.7
1.24,0.6,3.7,3,30.2,Clear,High,Morning,Bicycle,Urban,Tuesday,55.4
3.79,2.7,4.1,7,10.3,Clear,Low,Afternoon,Bicycle,Urban,Sunday,25.0
14.1,2.8,4.5,6,16.9,Cloudy,Medium,Morning,Scooter,Urban,Thursday,56.2
6.22,1.7,4.1,5,17.4,,High,Morning,Bicycle,Suburban,Saturday,60.6
3.41,1.3,4.4,4,19.8,Clear,High,Evening,Bike,Urban,Friday,47.3
11.23,3.5,3.9,2,5.3,Clear,Medium,Afternoon,Scooter,Rural,Saturday,44.8
1.48,3.5,3.6,3,22.4,Rain,Medium,Evening,Bike,Urban,Saturday,41.8
3.96,1.2,4.4,7,24.3,Storm,Medium,Night,Scooter,Urban,Monday,47.7
1.45,3.6,4.0,5,26.6,Cloudy,Medium,Morning,Car,Suburban,Tuesday,43.0
0.86,4.2,5.0,4,11.3,Fog,Medium,Night,Car,Suburban,Tuesday,26.4
9.01,1.1,4.5,4,18.6,Fog,Medium,Night,Bike,Suburban,Friday,55.9
2.43,2.6,3.7,2,6.3,Clear,High,Evening,Bike,Suburban,Friday,35.5
1.36,9.6,4.4,5,11.7,Clear,High,Evening,Bicycle,Urban,Wednesday,35.6
3.09,4.8,4.1,4,,Clear,Medium,Evening,Scooter,Suburban,Saturday,25.8
5.95,4.8,4.3,1,12.7,Clear,High,Evening,Bike,Urban,Wednesday,42.2
1.46,4.9,3.9,3,14.0,Cloudy,High,Evening,Bike,Urban,Wednesday,41.1
6.95,6.6,4.3,5,15.7,Clear,High,Morning,Bike,Rural,Wednesday,56.4
6.45,1.8,4.6,5,18.7,Fog,Medium,Night,Scooter,Suburban,Saturday,48.2
4.1,0.7,4.5,7,12.8,Cloudy,High,Evening,Scooter,Urban,Monday,43.0
9.17,2.5,4.6,4,7.9,Clear,High,Evening,Scooter,Urban,Sunday,61.6
13.35,2.1,5.0,3,5.4,Storm,Low,Afternoon,Scooter,Rural,Friday,50.9
5.52,2.3,4.0,4,11.9,Fog,High,Morning,Scooter,Urban,Friday,56.9
6.37,5.1,4.8,6,17.0,Rain,High,Afternoon,Bike,Urban,Tuesday,57.8
1.2,1.8,4.3,1,10.8,Rain,High,Afternoon,Bike,Urban,Saturday,36.9
3.76,9.9,4.0,4,16.5,Storm,Medium,Afternoon,Bike,Urban,Sunday,42.9
12.84,0.5,4.1,6,32.6,Cloudy,High,Afternoon,Car,Urban,Thursday,94.1
5.88,7.0,4.5,4,15.3,Fog,Low,Afternoon,Car,Rural,Wednesday,38.7
3.81,0.9,4.0,5,19.2,Clear,Medium,Afternoon,Bike,Urban,Wednesday,33.6
2.47,5.0,3.4,5,17.8,Cloudy,Medium,Afternoon,Scooter,Urban,Wednesday,31.1
2.45,4.8,4.5,2,22.7,Cloudy,High,Night,Scooter,Suburban,Wednesday,39.0
6.98,2.6,4.2,8,18.7,Clear,High,Morning,Scooter,Urban,Friday,55.6
12.49,5.3,4.0,7,12.0,Clear,Low,Afternoon,Scooter,Suburban,Wednesday,
9.95,1.7,,5,11.7,Clear,Medium,Afternoon,Bicycle,Suburban,Saturday,57.5
0.77,1.4,4.3,5,25.2,Clear,Low,Afternoon,Bike,Suburban,Thursday,28.6
3.63,5.0,4.6,4,13.4,Clear,Low,Afternoon,Scooter,Suburban,Friday,17.9
2.92,2.1,3.8,2,9.7,Clear,Medium,Evening,Scooter,Suburban,Sunday,25.3
1.59,9.2,4.3,5,17.1,Rain,Medium,Night,Scooter,Suburban,Thursday,24.4
7.18,5.0,5.0,4,23.7,Cloudy,Low,Afternoon,Bike,Suburban,Tuesday,39.4
3.08,4.0,4.5,5,15.5,Cloudy,,Evening,Scooter,Urban,Thursday,46.1
1.75,2.3,4.2,3,17.1,,Medium,Morning,Bike,Suburban,Thursday,34.1
4.98,1.2,4.1,5,37.2,Rain,Medium,Afternoon,Car,Suburban,Saturday,72.6
1.45,,4.0,3,24.0,Clear,Medium,Afternoon,Scooter,Urban,Saturday,32.7
12.53,6.2,4.2,5,18.8,Clear,High,Morning,Bike,Rural,Friday,81.6
8.66,1.8,4.0,4,15.7,Cloudy,High,Evening,Bicycle,Urban,Sunday,77.1
6.28,1.1,4.1,2,25.6,Fog,High,Evening,Car,Urban,Tuesday,71.0
5.37,3.4,4.1,3,41.2,Storm,High,Evening,Scooter,Suburban,Tuesday,93.9
3.6,3.2,3.5,7,31.2,Rain,High,Afternoon,Bicycle,Urban,Wednesday,65.9
4.76,5.6,4.1,3,17.1,Rain,High,Evening,Car,Urban,Friday,51.8
3.54,2.6,5.0,9,16.0,Cloudy,Medium,Afternoon,Bike,Urban,Tuesday,37.0
3.27,8.5,3.6,6,12.8,Cloudy,High,Morning,Scooter,Rural,Monday,41.1
6.08,4.5,4.7,8,26.7,Clear,Medium,Morning,Scooter,Urban,Sunday,47.6
9.46,9.4,4.6,7,14.4,Clear,High,Evening,Scooter,Suburban,Wednesday,55.7
2.47,1.0,4.4,2,,Storm,Medium,Night,Bicycle,Suburban,Tuesday,43.5
6.79,3.6,4.0,3,15.8,Storm,Medium,Morning,Scooter,Suburban,Wednesday,58.0
10.12,8.0,4.5,4,11.3,Clear,Medium,Evening,Bike,Rural,Tuesday,47.6
2.62,1.1,4.9,2,10.0,Clear,Medium,Evening,Scooter,Suburban,Monday,29.6
0.61,5.9,4.6,5,10.8,Clear,High,Evening,Car,Urban,Wednesday,30.6
11.46,0.7,4.3,2,18.6,Cloudy,Medium,Afternoon,Bike,Rural,Wednesday,60.0
5.4,1.2,4.2,5,20.0,Clear,High,Evening,Bike,Urban,Saturday,54.0
1.72,1.1,3.9,6,23.2,Cloudy,High,Evening,Bike,Urban,Thursday,45.4
3.21,1.3,4.2,3,27.2,Clear,High,Evening,Scooter,Urban,Saturday,55.8
3.86,5.4,4.4,2,10.1,Clear,Medium,Morning,Bike,Suburban,Saturday,34.2
4.92,2.6,4.2,7,11.7,Clear,High,Night,Bike,Urban,Saturday,41.6
7.71,,4.2,4,14.9,Rain,High,Morning,Bike,Suburban,Sunday,67.0
3.45,1.7,4.2,3,17.2,Clear,High,Evening,Scooter,Urban,Thursday,39.8
1.0,3.2,4.9,2,5.0,Cloudy,High,Morning,Bike,Urban,Monday,26.5
4.0,7.8,4.3,4,25.7,Cloudy,High,Morning,Bike,Urban,Monday,60.7
2.88,1.1,4.3,2,14.1,Rain,High,Morning,Scooter,Suburban,Tuesday,43.4
2.15,15.0,3.3,3,25.6,Clear,Medium,Afternoon,Bike,Urban,Saturday,31.1
6.95,2.8,4.6,5,17.1,Rain,Low,Afternoon,Bike,Urban,Friday,42.5
1.97,1.6,4.4,4,6.6,Clear,Medium,Morning,Scooter,Urban,Tuesday,21.4
1.33,1.1,4.4,3,16.4,Cloudy,Low,Afternoon,Bike,Urban,Monday,27.0
2.72,4.1,4.4,5,17.1,Cloudy,Medium,Afternoon,Bike,Suburban,Sunday,33.5
3.8,3.7,3.8,2,6.6,Fog,High,Evening,Scooter,Urban,Thursday,49.4
4.17,,4.1,4,37.9,Storm,Low,Night,Bike,Urban,Tuesday,70.4
12.19,6.9,4.9,4,27.5,Rain,High,Evening,Scooter,Rural,Sunday,88.1
2.35,4.6,3.7,5,25.3,Fog,Medium,Morning,Bicycle,Urban,Friday,51.3
6.26,6.6,3.7,3,35.4,Clear,High,Afternoon,Scooter,Urban,Thursday,71.7
2.72,7.3,3.6,4,10.8,Cloudy,Medium,Night,Scooter,Suburban,Thursday,26.4
0.71,,4.1,7,21.0,Clear,High,Morning,Car,Suburban,Friday,40.8
7.82,7.3,4.8,4,19.4,Clear,Medium,Afternoon,Scooter,Suburban,Wednesday,36.6
1.14,5.1,4.3,6,30.3,Cloudy,Medium,Night,Car,Urban,Sunday,44.3
4.58,4.5,4.6,3,9.7,Rain,Low,Night,Scooter,Urban,Saturday,23.1
1.27,2.7,3.4,3,15.5,Rain,Low,Afternoon,Scooter,Urban,Friday,27.3
5.21,7.0,3.9,7,26.4,Rain,Medium,Evening,Bicycle,Urban,Friday,57.1
1.54,7.7,3.9,7,31.7,Cloudy,Low,Afternoon,Bike,Urban,Sunday,36.4
5.84,4.3,4.8,4,12.6,Fog,Medium,Evening,Car,Rural,Monday,48.9
3.26,4.6,4.2,3,19.8,Fog,Medium,Morning,Scooter,Suburban,Monday,41.5
0.5,11.5,4.2,5,18.9,Rain,Medium,Morning,Scooter,Urban,Saturday,27.8
3.47,0.2,4.3,4,13.7,Clear,High,Evening,Scooter,Urban,Tuesday,43.5
6.24,8.3,4.1,7,13.1,Cloudy,Low,Morning,Bike,Suburban,Friday,27.3
12.76,3.4,4.9,3,25.9,Rain,High,Evening,Bike,Urban,Thursday,90.1
4.33,8.8,4.9,2,26.0,Storm,High,Afternoon,Bicycle,Urban,Wednesday,68.7
3.65,1.6,4.6,8,27.0,Clear,High,Evening,Scooter,Urban,Tuesday,58.0
8.02,4.2,4.6,4,13.3,Clear,Medium,Evening,Car,Suburban,Saturday,46.8
1.43,4.2,4.0,5,17.5,,Low,Afternoon,Bike,Suburban,Tuesday,26.1
1.99,4.9,4.4,1,20.7,Clear,High,Evening,Bike,Urban,Tuesday,41.3
6.13,2.8,3.4,3,12.4,Rain,Medium,Afternoon,Bike,Urban,Thursday,40.9
2.66,2.2,4.0,6,10.7,Clear,Low,Afternoon,Bike,Suburban,Monday,20.9
3.06,4.9,3.6,1,20.7,Clear,Medium,Morning,Scooter,Urban,Friday,37.7
3.97,5.3,4.4,5,11.7,Rain,High,Evening,Bicycle,Suburban,Sunday,54.5
1.59,3.1,4.2,4,21.8,Clear,Medium,Evening,Car,Urban,Saturday,41.6
0.98,4.7,4.5,3,7.6,Clear,Low,Night,Scooter,Suburban,Friday,13.6
,9.7,4.4,3,17.9,Cloudy,High,Evening,,Rural,Wednesday,61.7
2.87,3.5,4.6,3,37.7,Cloudy,Medium,Night,Scooter,Suburban,Sunday,56.2
5.22,0.5,3.9,5,28.7,Storm,High,Morning,Scooter,Urban,Sunday,78.9
3.77,4.4,3.5,3,18.3,Rain,Low,Night,Scooter,Suburban,Saturday,40.7
5.99,1.2,4.9,6,27.3,Storm,Medium,Evening,Scooter,Urban,Tuesday,60.4
3.72,4.0,4.0,2,11.6,Clear,Low,Afternoon,Bike,Urban,Monday,24.6
6.6,6.2,4.2,1,16.3,Rain,Medium,Evening,Bike,Urban,Tuesday,48.7
6.65,3.0,4.6,3,6.2,Cloudy,Medium,Afternoon,Bicycle,Rural,Tuesday,49.3
0.55,5.7,4.1,5,24.4,Rain,High,Afternoon,Car,Urban,Monday,48.6
2.31,5.8,3.8,4,22.9,,Medium,Afternoon,Bicycle,Suburban,Sunday,37.6
4.05,7.4,5.0,3,24.1,Clear,High,Morning,,Urban,Tuesday,52.8
5.61,10.7,4.0,3,19.6,Clear,Medium,Afternoon,Scooter,Urban,Tuesday,30.3
2.5,8.8,4.9,5,32.5,Rain,Medium,Evening,Bike,Urban,Sunday,50.5
4.36,0.3,4.3,5,,Rain,High,Evening,Car,Suburban,Sunday,58.8
2.76,2.2,4.6,2,12.8,Clear,Medium,Afternoon,Bike,Urban,Tuesday,26.9
2.02,1.6,4.6,5,23.2,Cloudy,Medium,Afternoon,Scooter,Urban,Wednesday,37.7
5.61,5.1,4.0,6,23.1,Rain,High,Afternoon,Bike,Urban,Saturday,62.3
4.9,3.0,,2,12.1,Cloudy,High,Morning,Bike,Urban,Sunday,52.7
15.42,1.8,4.9,4,20.7,Clear,High,Evening,Bike,Urban,Friday,92.0
2.5,2.2,4.7,4,11.7,Fog,High,Morning,Scooter,Urban,Thursday,45.8
8.54,2.4,4.6,3,11.9,Cloudy,High,Evening,Car,Urban,Friday,66.9
3.51,5.7,4.5,1,11.4,Rain,Low,Evening,Bicycle,Rural,Saturday,40.6
8.54,0.8,4.2,4,21.8,Cloudy,High,Evening,Scooter,Urban,Monday,66.2
3.78,1.8,3.9,6,10.4,Rain,High,Evening,Scooter,Urban,Thursday,45.6
2.87,0.2,4.8,6,43.9,Clear,Low,Afternoon,Car,Urban,Saturday,60.0
4.92,5.6,4.0,5,37.7,Fog,High,Evening,Bike,Urban,Friday,78.0
5.17,6.9,4.0,4,14.5,Clear,High,Evening,Car,Suburban,Tuesday,47.5
7.87,4.6,4.2,4,17.0,Rain,Medium,Evening,Car,Urban,Saturday,52.2
1.79,5.1,3.6,4,20.5,Fog,Medium,Evening,Scooter,Urban,Friday,39.4
1.13,3.9,4.1,3,12.1,Cloudy,High,Evening,Bike,Suburban,Tuesday,34.6
4.94,4.6,3.9,3,15.0,Cloudy,Medium,Night,Bike,Urban,Wednesday,30.1
8.75,0.6,3.6,7,24.7,Clear,Medium,Afternoon,Bike,Rural,Wednesday,52.8
12.91,4.5,3.7,4,19.3,Clear,Medium,Evening,Bicycle,Rural,Sunday,75.7
2.65,1.7,4.2,6,11.0,Cloudy,High,Evening,Scooter,Urban,Tuesday,41.7
2.27,5.2,4.6,2,24.2,Clear,Medium,Afternoon,Scooter,Urban,Saturday,38.8
4.84,2.8,4.2,3,,Clear,High,Night,Scooter,Urban,Thursday,65.5
3.93,8.1,3.8,5,24.7,Storm,High,Afternoon,Car,Urban,Sunday,70.2
5.53,4.0,3.9,6,15.5,Clear,High,Evening,Bike,Urban,Sunday,52.3
2.16,1.5,4.3,3,13.1,Clear,High,Morning,Bike,Urban,Sunday,43.9
8.49,1.1,4.6,3,13.4,Clear,High,Morning,Scooter,Urban,Saturday,60.7
4.63,1.7,4.6,4,22.1,Cloudy,High,Evening,Bike,Urban,Wednesday,52.8
7.66,3.3,4.3,5,21.6,Cloudy,High,Afternoon,Bike,Urban,Tuesday,64.0
8.51,7.8,4.8,5,22.9,Rain,Medium,Afternoon,Scooter,Rural,Wednesday,52.6
8.13,2.4,4.0,5,22.1,Cloudy,High,Afternoon,Bike,Rural,Friday,66.5
5.04,4.4,3.7,5,45.3,Clear,Low,Afternoon,Bicycle,Urban,Wednesday,66.0
6.01,1.0,4.1,2,22.4,Cloudy,Medium,Evening,Car,Suburban,Thursday,46.5
0.99,5.1,4.7,6,10.2,Clear,Medium,Night,Bicycle,Urban,Monday,23.2
12.04,2.9,4.5,4,7.8,Rain,Medium,Morning,Bicycle,Suburban,Saturday,64.1
2.25,4.3,4.6,5,9.6,Clear,Medium,Evening,Bike,Suburban,Monday,18.6
10.63,8.6,4.2,5,18.8,Clear,Medium,Afternoon,Bike,Rural,Wednesday,57.4
5.79,3.6,4.2,4,15.3,Cloudy,,Evening,Scooter,Urban,Friday,48.8
3.91,1.2,4.1,7,14.3,Clear,High,Afternoon,Bike,Urban,Thursday,37.8
9.78,3.8,3.9,7,9.2,Cloudy,High,Afternoon,Bicycle,Rural,Sunday,71.5
4.15,3.7,4.2,3,26.8,Cloudy,Medium,Afternoon,Bike,Urban,Friday,43.0
0.67,5.7,4.1,7,17.7,Fog,High,Evening,Scooter,Urban,Saturday,47.1
4.34,3.5,4.0,3,30.6,Clear,Low,Afternoon,Scooter,Suburban,Wednesday,38.9
2.62,8.4,4.4,10,22.2,Cloudy,High,Afternoon,Car,Suburban,Monday,41.0
7.55,5.9,4.2,6,15.1,Rain,High,Evening,Scooter,Suburban,Saturday,63.3
6.69,3.6,4.7,8,15.8,Clear,High,Evening,Scooter,Suburban,Tuesday,49.9
1.19,3.3,3.9,4,11.5,Cloudy,High,Afternoon,Bike,Suburban,Saturday,33.9
1.14,1.4,4.0,3,,Rain,High,Evening,Scooter,Urban,Sunday,52.2
12.36,2.6,3.5,4,12.2,Rain,High,Evening,Car,Suburban,Wednesday,81.1
0.5,0.8,3.8,6,19.5,Fog,High,Morning,Scooter,Suburban,Saturday,48.8
2.33,3.0,4.4,3,33.4,Rain,High,Evening,Car,Suburban,Thursday,66.6
1.48,0.7,4.5,6,10.5,Clear,High,Afternoon,Bike,Urban,Wednesday,33.5
8.33,3.7,4.5,7,15.2,Fog,High,Evening,Bike,Urban,Thursday,75.3
3.48,1.3,4.7,4,13.5,Clear,Medium,Morning,Bicycle,Suburban,Friday,37.7
2.24,4.4,4.4,3,18.1,Cloudy,Medium,Evening,Bike,Urban,Sunday,35.0
3.98,3.5,4.2,4,16.7,Rain,High,Afternoon,Scooter,Urban,Wednesday,51.4
11.69,2.2,4.5,4,16.9,Rain,Low,Afternoon,Scooter,Suburban,Friday,51.4
5.38,1.0,3.9,3,27.7,Fog,Low,Night,Bicycle,Urban,Wednesday,55.3
5.3,3.2,3.6,6,15.4,Clear,Medium,Afternoon,Bike,Urban,Tuesday,35.7
0.95,3.1,4.0,3,9.8,Rain,Medium,Evening,Bike,Urban,Friday,25.3
7.82,10.4,4.1,1,13.1,Clear,Medium,Night,Car,Urban,Saturday,41.8
1.77,2.5,4.2,4,21.9,Rain,High,Evening,Scooter,Suburban,Friday,47.3
5.07,5.5,3.9,4,11.7,Rain,High,Morning,Scooter,Urban,Sunday,53.9
2.07,1.9,4.0,3,,Clear,Medium,Evening,Bike,Urban,Monday,21.7
3.95,1.5,4.5,5,45.9,Rain,High,Morning,Bike,Urban,Thursday,87.3
3.8,4.7,3.7,4,14.2,Cloudy,,Afternoon,Bicycle,Urban,Wednesday,46.7
17.73,2.3,4.2,4,18.2,Cloudy,High,Evening,Scooter,Urban,Saturday,96.9
2.79,3.2,4.0,1,16.0,Storm,High,Evening,Bicycle,Urban,Monday,61.3
4.7,0.3,3.6,4,16.2,Cloudy,High,Afternoon,Bicycle,Urban,Tuesday,55.0
3.44,2.0,4.0,5,11.0,Cloudy,Medium,Afternoon,Scooter,Urban,Saturday,39.0
1.41,2.2,3.9,2,11.6,Clear,Medium,Evening,Scooter,Urban,Wednesday,31.5
5.07,1.3,4.0,4,21.0,Clear,High,Evening,Scooter,Urban,Friday,48.4
6.94,2.5,4.2,4,11.6,Clear,Low,Afternoon,Car,Urban,Sunday,36.1
1.59,0.7,3.4,3,28.9,Clear,Low,Night,Scooter,Urban,Thursday,33.1
3.16,3.7,4.6,4,13.8,Clear,High,Morning,Bike,Urban,Thursday,43.5
4.03,2.5,5.0,6,20.1,Cloudy,Medium,Morning,Bicycle,Urban,Sunday,47.8
6.46,2.4,3.8,3,31.3,Rain,High,Evening,Scooter,Urban,Saturday,72.5
6.63,4.7,4.0,6,10.9,Clear,High,Night,Car,Suburban,Tuesday,48.6
0.89,1.4,3.9,3,,Cloudy,High,Afternoon,Scooter,Urban,Saturday,34.7
12.28,8.6,3.8,6,16.3,Fog,Medium,Afternoon,Scooter,Suburban,Thursday,54.6
5.4,1.4,5.0,2,13.6,Clear,Medium,Morning,Scooter,Suburban,Saturday,36.6
,6.0,4.1,6,10.4,Cloudy,High,Evening,Car,Urban,Friday,43.9
6.42,7.7,4.5,3,18.5,Clear,High,Morning,Bike,Urban,Tuesday,52.9
9.18,0.5,4.6,2,18.1,Cloudy,Low,Afternoon,Bike,Urban,Saturday,49.6
3.41,1.8,4.6,5,20.1,Rain,Low,Night,Car,Urban,Monday,40.2
3.12,1.0,4.6,5,24.8,Clear,Medium,Morning,Bicycle,Urban,Sunday,52.5
1.43,4.6,3.7,5,9.2,Clear,High,Evening,Bike,Urban,Saturday,29.1
3.15,2.0,4.5,4,17.2,Rain,High,Afternoon,Bike,Suburban,Sunday,47.5
5.66,1.4,4.1,3,14.9,Clear,High,Evening,Scooter,Urban,Monday,47.5
3.15,2.8,4.8,5,10.8,Rain,Medium,Afternoon,Bike,Suburban,Thursday,30.4
3.06,3.3,3.9,4,12.5,Cloudy,Low,Afternoon,Bike,Suburban,Tuesday,27.0
10.68,7.1,3.7,4,12.3,,Medium,Morning,Scooter,Urban,Wednesday,43.4
7.54,7.1,4.2,3,9.7,Rain,Low,Evening,Scooter,Rural,Wednesday,40.5
10.81,1.8,4.4,5,19.8,Cloudy,High,Evening,Bike,Rural,Friday,79.8
5.72,0.8,3.5,2,11.7,Clear,High,Morning,Bike,Urban,Thursday,53.5
7.2,4.2,4.0,3,21.3,Fog,High,Afternoon,Bicycle,Urban,Sunday,82.1
4.1,2.7,3.8,3,23.4,Cloudy,Medium,Night,Scooter,Urban,Tuesday,39.8
1.97,7.4,4.5,2,25.3,Rain,Medium,Morning,Car,Urban,Wednesday,43.2
5.36,7.6,4.0,6,10.0,Clear,Medium,Afternoon,Bike,Urban,Friday,30.5
7.83,4.4,4.6,6,7.9,Clear,Medium,Evening,Car,Urban,Tuesday,45.2
5.3,3.6,3.9,2,9.5,Rain,Low,Afternoon,Car,Urban,Friday,34.3
6.39,3.8,,5,17.2,,High,Afternoon,Bike,Suburban,Friday,51.4
3.06,3.5,3.7,3,12.7,Clear,High,Afternoon,Scooter,Urban,Friday,40.2
2.25,3.8,4.1,5,22.2,Rain,Medium,Morning,Scooter,Urban,Friday,41.1
4.44,2.2,3.8,5,,Cloudy,Medium,Afternoon,Scooter,Urban,Saturday,34.5
2.67,2.0,4.8,5,22.3,Clear,High,Evening,Car,Suburban,Sunday,49.2
9.35,2.4,4.6,4,10.7,Rain,High,Evening,,Suburban,Monday,69.7
5.47,10.0,4.3,4,18.1,Cloudy,,Morning,Scooter,Urban,Thursday,38.3
2.81,0.3,4.6,2,8.9,Cloudy,Medium,Evening,Bicycle,Suburban,Saturday,32.6
1.67,2.0,4.0,4,13.6,Rain,High,Morning,Bike,Urban,Monday,45.9
7.67,2.3,4.4,3,13.0,Cloudy,Medium,Evening,Bike,Suburban,Thursday,47.9
1.89,4.2,4.1,6,12.9,Fog,High,Afternoon,Bike,Urban,Friday,46.8
3.95,1.9,4.4,3,22.9,Rain,High,Evening,Bicycle,Urban,Tuesday,59.8
4.69,7.9,4.2,3,9.6,Clear,High,Morning,Bike,Suburban,Wednesday,42.1
1.91,6.7,4.2,4,8.2,Cloudy,High,Morning,Bike,Suburban,Saturday,36.3
3.54,8.2,3.5,5,,Fog,Low,Afternoon,Scooter,Suburban,Monday,27.3
8.46,3.6,3.9,3,17.1,Fog,High,Morning,Car,Urban,Monday,81.3
1.21,7.5,4.9,3,15.0,Clear,Medium,Morning,Scooter,Suburban,Saturday,25.6
7.63,1.8,4.1,2,9.8,Clear,Medium,Evening,Bicycle,Urban,Saturday,54.3
4.47,3.2,3.9,3,10.9,Clear,High,Evening,Bike,Suburban,Friday,44.5
2.45,0.6,4.2,5,18.8,Rain,Medium,Morning,Scooter,Suburban,Wednesday,38.9
1.14,4.6,3.6,4,28.7,Fog,High,Evening,Scooter,Urban,Monday,61.5
3.61,4.5,4.0,6,,Rain,High,Evening,Bike,Urban,Saturday,44.8
2.55,3.6,4.3,3,18.4,Clear,High,Evening,Car,Urban,Tuesday,45.3
3.58,2.7,4.4,1,43.6,Fog,Medium,Evening,Scooter,Urban,Sunday,75.3
5.79,5.6,4.3,1,18.0,Clear,High,Evening,Bike,Urban,Saturday,55.5
1.06,7.3,4.8,4,13.3,,High,Afternoon,Bike,Urban,Monday,28.7
4.3,10.3,3.9,8,21.9,Clear,High,Evening,Bike,Suburban,Friday,46.4
11.05,4.4,3.6,5,27.4,Cloudy,Low,Night,Car,Urban,Sunday,59.1
2.82,3.1,4.0,3,18.7,Cloudy,Medium,Morning,Bike,Urban,Sunday,42.1
5.25,2.2,4.0,3,44.2,Clear,Low,Afternoon,Car,Suburban,Friday,69.2
0.66,4.8,4.3,3,34.5,Clear,Medium,Morning,Bike,Urban,Tuesday,45.5
1.05,1.7,4.1,1,10.4,,High,Night,Bicycle,Urban,Friday,42.7
2.31,4.6,4.2,3,9.6,Clear,High,Afternoon,Car,Suburban,Friday,34.2
14.86,,4.2,3,29.6,Cloudy,High,Evening,Bike,Rural,Friday,105.6
2.61,3.2,4.5,4,23.6,Clear,High,Evening,Bike,Urban,Tuesday,42.9
5.36,1.6,4.2,4,21.6,Clear,Medium,Night,Car,Urban,Sunday,45.2
2.58,,4.3,4,12.4,Clear,Medium,Morning,Bike,Urban,Thursday,31.9
3.85,4.3,,8,12.6,Rain,High,Evening,Bike,Rural,Wednesday,53.8
3.29,6.1,3.6,3,19.8,Cloudy,Low,Evening,Car,Suburban,Tuesday,37.7
5.69,2.6,4.2,8,17.0,Clear,High,Morning,Car,Suburban,Wednesday,54.5
7.68,0.4,4.1,1,16.6,,Medium,Evening,Car,Suburban,Thursday,59.6
3.62,0.7,4.2,6,27.3,Clear,Medium,Afternoon,Car,Urban,Tuesday,46.5
5.35,0.7,4.4,8,18.7,Rain,Medium,Evening,Scooter,Urban,Thursday,45.8
4.07,7.6,3.9,7,22.7,Clear,Low,Afternoon,Car,Suburban,Tuesday,34.7
4.33,14.1,4.0,4,19.4,Fog,High,Afternoon,Bike,Suburban,Tuesday,51.1
1.94,3.0,4.5,2,21.9,Clear,High,Morning,Car,Urban,Monday,48.2
2.11,0.7,4.1,3,12.5,Cloudy,Medium,Morning,Scooter,Suburban,Wednesday,27.2
1.57,1.5,3.8,10,16.4,Cloudy,Medium,Morning,Scooter,Urban,Wednesday,32.2
6.77,1.3,4.5,4,16.8,Cloudy,Medium,Evening,Bicycle,Rural,Wednesday,50.8
6.97,7.4,4.4,3,9.2,Rain,High,Afternoon,Scooter,Urban,Friday,47.8
10.1,2.4,4.2,3,20.6,Clear,Medium,Morning,Scooter,Suburban,Thursday,49.7
6.96,15.0,4.3,3,41.0,Clear,Medium,Evening,Scooter,Urban,Friday,71.4
5.18,1.3,4.4,4,13.1,Rain,High,Evening,Bike,Suburban,Monday,55.2
3.99,1.4,4.1,1,16.4,Fog,Medium,Afternoon,Bike,Suburban,Thursday,38.5
6.95,2.4,4.3,4,28.2,Cloudy,Medium,Night,Bicycle,Urban,Monday,55.8
20.38,2.2,3.7,5,13.9,Cloudy,Medium,Afternoon,Bike,Suburban,Thursday,67.4
8.3,6.6,,6,13.5,Rain,High,Evening,Scooter,Rural,Friday,65.3
5.64,3.4,4.5,2,5.9,Rain,Medium,Morning,Scooter,Suburban,Saturday,32.9
4.65,5.1,5.0,7,31.1,Fog,High,Evening,Car,Urban,Thursday,74.5
11.87,4.1,4.2,2,11.1,Rain,Medium,Night,Car,Suburban,Wednesday,49.9
3.53,4.0,3.8,6,20.5,Clear,Medium,Evening,Bike,Urban,Tuesday,36.4
2.09,2.8,4.0,10,24.7,Cloudy,High,Evening,Bike,Suburban,Sunday,53.1
6.14,7.0,3.6,6,18.1,Cloudy,High,Evening,Scooter,Urban,Tuesday,52.0
2.09,6.0,4.4,2,9.2,Clear,Low,Afternoon,Bike,Suburban,Monday,13.3
4.85,1.7,4.2,4,29.4,Rain,High,Evening,Scooter,Urban,Monday,70.2
4.01,2.4,3.8,2,8.0,Cloudy,High,Evening,Bike,Urban,Sunday,49.9
5.28,1.6,4.1,6,26.0,Clear,High,Night,Bike,Urban,Sunday,59.8
4.13,3.5,4.4,4,11.1,Cloudy,High,Afternoon,Bicycle,Urban,Wednesday,46.3
0.84,4.3,4.2,4,17.7,Clear,Medium,Morning,Bicycle,Urban,Monday,33.4
5.78,2.2,,7,28.5,Clear,High,Evening,Car,Urban,Saturday,69.4
4.96,2.5,4.6,5,11.7,Cloudy,High,Morning,Bike,Suburban,Wednesday,43.7
8.06,1.7,4.3,2,16.2,Rain,Low,Afternoon,Bicycle,Urban,Monday,46.4
2.26,1.4,3.9,2,32.5,Cloudy,Medium,Afternoon,Scooter,Urban,Thursday,46.2
0.73,2.4,4.2,7,16.9,Clear,Medium,Evening,Bicycle,Suburban,Thursday,30.4
12.52,2.9,3.4,5,17.9,Cloudy,Medium,Morning,Bike,Rural,Wednesday,61.0
9.45,1.7,4.3,4,7.4,Clear,Medium,Morning,Bike,Rural,Friday,50.4
5.69,1.4,5.0,5,,Fog,High,Morning,Scooter,Suburban,Friday,61.6
6.09,11.8,4.6,4,9.4,Clear,High,Evening,Car,Rural,Thursday,45.1
13.13,2.3,4.1,7,16.2,,High,Evening,Bike,Suburban,Monday,83.6
2.76,3.8,4.3,6,22.9,Clear,,Morning,Bike,Rural,Monday,48.3
7.34,4.9,4.4,3,20.5,Clear,Medium,Morning,Scooter,Rural,Sunday,55.5
1.4,4.0,4.4,5,14.4,Cloudy,High,Evening,Bicycle,Urban,Tuesday,48.2
6.55,5.2,4.1,1,15.8,Rain,High,Afternoon,Car,Suburban,Wednesday,52.4
8.47,3.6,3.3,5,27.3,Fog,High,Evening,Bicycle,Suburban,Monday,96.3
4.14,0.9,4.0,3,16.1,Cloudy,Low,Afternoon,Scooter,Suburban,Tuesday,29.7
10.76,3.7,3.9,4,10.0,Clear,Medium,Night,Car,Rural,Thursday,50.4
2.15,2.6,,1,9.8,Clear,Medium,Afternoon,Scooter,Urban,Tuesday,25.8
1.74,1.6,3.9,6,47.8,Cloudy,Medium,Evening,Bike,Urban,Friday,72.7
0.98,9.7,4.4,6,17.1,Clear,Medium,Morning,Scooter,Suburban,Wednesday,23.2
5.8,0.7,4.9,3,17.1,Fog,High,Night,Scooter,Suburban,Saturday,65.5
14.48,4.5,4.5,5,9.2,Cloudy,Medium,Night,Scooter,Rural,Friday,54.1
4.19,4.3,4.1,4,10.2,Rain,Medium,Evening,Bike,Rural,Tuesday,41.6
2.05,8.2,4.7,6,21.1,Rain,Low,Afternoon,Car,Suburban,Saturday,36.7
5.46,4.0,4.5,5,,Clear,High,Morning,Car,Rural,Sunday,52.7
1.45,2.1,4.4,3,17.2,Cloudy,Medium,Evening,Bike,Urban,Monday,34.3
9.11,0.6,4.0,7,23.9,Fog,Medium,Evening,Bicycle,Rural,Friday,73.2
3.0,0.7,4.1,3,13.9,Clear,High,Morning,Bike,Urban,Friday,41.4
8.99,2.3,4.4,11,,Cloudy,High,Afternoon,Bike,Urban,Friday,75.4
2.18,7.4,5.0,3,20.9,Rain,High,Afternoon,Bike,Urban,Monday,41.3
6.97,0.8,4.7,5,17.0,Clear,Medium,Evening,Scooter,Urban,Monday,43.2
1.05,3.6,4.4,2,10.9,Fog,High,Evening,Bike,Urban,Wednesday,40.7
2.41,6.9,4.2,3,8.9,Clear,High,Evening,Scooter,Urban,Monday,34.7
4.27,9.2,4.5,1,10.7,Cloudy,High,Evening,Car,Suburban,Wednesday,38.6
4.95,2.7,4.4,6,16.3,Clear,Medium,Afternoon,Scooter,Suburban,Sunday,40.3
9.86,0.4,4.8,5,16.1,Cloudy,Medium,Afternoon,Car,Urban,Wednesday,48.6
4.82,6.3,3.8,5,24.2,Clear,High,Morning,Bicycle,Suburban,Wednesday,56.2
4.87,2.3,4.2,5,14.9,Clear,High,Evening,Scooter,Urban,Tuesday,47.6
1.76,4.6,4.5,6,16.1,Clear,High,Afternoon,Bike,Urban,Thursday,34.3
1.97,4.7,4.7,1,5.0,,Medium,Afternoon,Bike,Urban,Saturday,15.0
2.64,1.6,4.9,5,26.3,Cloudy,Medium,Afternoon,Scooter,Suburban,Saturday,38.6
3.8,0.3,3.6,2,19.8,Clear,Medium,Morning,Bike,Suburban,Thursday,41.4
3.53,3.5,3.9,8,21.3,Clear,High,Evening,Scooter,Suburban,Wednesday,45.7
4.98,5.6,4.1,9,22.9,Clear,High,Morning,Scooter,Suburban,Tuesday,50.0
9.18,6.6,3.7,3,17.0,Cloudy,High,Morning,,Suburban,Sunday,66.3
3.93,4.2,4.8,5,26.0,Clear,High,Evening,Bike,Suburban,Wednesday,48.4
10.71,5.4,4.2,6,9.1,Clear,Medium,Afternoon,Bike,Rural,Wednesday,43.2
1.95,1.8,4.6,5,17.9,Cloudy,Low,Afternoon,Bike,Urban,Thursday,31.7
10.03,6.9,,4,18.9,Rain,Medium,Afternoon,Car,Urban,Monday,55.9
3.83,5.9,4.3,3,21.4,Rain,High,Evening,Scooter,Urban,Wednesday,55.2
9.93,4.9,3.7,2,12.5,Clear,Low,Afternoon,Scooter,Suburban,Sunday,35.8
3.17,2.0,3.8,4,8.0,Rain,Medium,Evening,Scooter,Urban,Monday,37.0
2.81,3.3,3.8,6,,Cloudy,Medium,Night,Scooter,Urban,Tuesday,33.3
7.03,2.6,3.5,4,16.3,Cloudy,Medium,Evening,Bike,Rural,Tuesday,48.8
7.44,2.7,4.6,2,16.1,Clear,Medium,Afternoon,Bike,Rural,Tuesday,51.8
,5.2,4.2,5,17.5,Clear,Medium,Evening,Bike,Urban,Sunday,43.3
2.05,4.9,4.6,5,8.8,Cloudy,High,Afternoon,Bike,Urban,Friday,28.4
4.87,0.5,4.1,4,27.9,Clear,Medium,Afternoon,Bike,Urban,Sunday,45.5
1.4,1.9,4.6,3,11.5,Rain,Medium,Afternoon,Car,Urban,Saturday,31.4
,4.3,4.5,4,10.3,Clear,Low,Afternoon,Bike,Suburban,Friday,40.9
7.45,2.8,4.1,4,11.2,Clear,Medium,Morning,,Suburban,Thursday,37.4
7.13,1.2,4.2,7,13.1,Clear,High,Afternoon,Bike,Urban,Thursday,49.7
4.32,6.4,4.3,3,24.9,Clear,Medium,Morning,Bike,Urban,Friday,41.1
3.52,15.0,4.6,3,7.1,Clear,Medium,Afternoon,Bike,Urban,Friday,17.5
2.51,1.2,4.2,1,15.0,Clear,High,Evening,Bike,Urban,Friday,43.8
9.82,0.5,4.3,2,13.9,Cloudy,High,Night,Bike,Urban,Thursday,60.1
1.03,8.8,3.6,4,8.6,Clear,Medium,Morning,Bicycle,Suburban,Friday,24.3
5.88,1.7,3.8,3,21.8,Cloudy,High,Evening,Bike,Urban,Tuesday,59.3
7.35,5.4,3.9,7,31.3,Fog,Low,Afternoon,Bike,Rural,Thursday,59.6
1.39,1.7,4.4,2,27.8,Rain,High,Morning,Scooter,Urban,Thursday,54.9
2.96,10.1,3.9,3,16.7,Cloudy,High,Afternoon,Bike,Suburban,Thursday,33.9
2.99,5.7,4.2,3,27.7,Clear,Medium,Morning,Scooter,Urban,Thursday,41.0
5.05,1.7,4.1,4,32.2,Rain,High,Morning,Bike,Urban,Saturday,72.9
13.33,1.5,4.2,2,7.8,Fog,,Afternoon,Car,Rural,Saturday,61.6
3.43,1.6,4.5,4,15.5,Cloudy,Low,Afternoon,Bicycle,Suburban,Wednesday,33.0
0.77,2.3,4.2,2,20.8,Clear,Low,Afternoon,Scooter,Urban,Wednesday,21.6
2.0,6.6,4.1,4,16.3,Rain,Medium,Morning,Bike,Urban,Monday,37.4
3.4,0.6,4.3,2,15.1,Clear,High,Morning,Scooter,Suburban,Monday,41.7
7.48,1.9,4.8,1,18.5,Rain,Medium,Morning,Bike,Rural,Tuesday,56.9
5.89,5.8,4.2,6,9.0,Clear,Medium,Afternoon,Car,Suburban,Saturday,35.8
4.91,5.9,3.7,5,13.6,Clear,Medium,Afternoon,Bike,Urban,Saturday,37.0
6.59,7.1,3.7,3,25.6,Rain,Medium,Afternoon,Scooter,Urban,Tuesday,45.4
0.5,1.0,4.0,2,20.7,Rain,High,Morning,Bike,Urban,Saturday,46.1
7.52,2.7,3.7,3,28.2,Cloudy,High,Morning,Scooter,Urban,Wednesday,73.4
0.84,1.8,3.2,3,19.8,Rain,Medium,Night,Bike,Suburban,Saturday,34.9
5.58,9.4,4.0,6,12.1,Rain,High,Morning,Bike,Suburban,Thursday,46.1
8.79,3.6,4.3,5,15.9,Cloudy,Medium,Morning,Scooter,Urban,Friday,50.4
0.63,1.5,4.7,8,16.3,Storm,Medium,Morning,Scooter,Suburban,Wednesday,35.6
0.5,9.0,4.1,6,14.1,Clear,Medium,Night,Bike,Suburban,Monday,14.2
3.54,2.9,4.3,5,14.4,Clear,Low,Evening,Bike,Suburban,Tuesday,24.8
2.74,3.5,4.3,6,19.9,Rain,Medium,Evening,Car,Urban,Friday,44.9
1.26,10.4,4.2,6,15.8,Clear,Low,Night,Scooter,Urban,Sunday,23.0
0.5,3.7,3.9,4,13.0,Rain,Medium,Morning,Scooter,Urban,Friday,36.4
7.62,7.5,5.0,3,25.6,Clear,High,Night,Scooter,Urban,Saturday,62.2
1.33,2.3,3.8,3,13.8,Clear,Medium,Morning,Scooter,Urban,Monday,26.4
17.82,5.6,4.3,5,27.8,Clear,High,Evening,Scooter,Urban,Saturday,107.0
1.43,3.9,3.9,3,12.0,Cloudy,Low,Afternoon,Bike,Urban,Saturday,23.0
1.54,6.3,4.2,3,21.3,Rain,Medium,Afternoon,Scooter,Urban,Wednesday,29.2
4.3,3.6,4.3,4,24.4,Clear,,Night,Scooter,Rural,Thursday,31.8
1.33,3.5,4.1,5,15.9,Clear,High,Morning,Bike,Suburban,Monday,32.8
1.78,7.3,3.7,5,17.9,Clear,High,Night,Car,Urban,Tuesday,42.2
6.26,1.9,4.0,5,23.9,Clear,High,Afternoon,Bike,Rural,Monday,59.0
5.59,2.1,4.6,3,17.9,Cloudy,High,Evening,Bike,Urban,Saturday,54.0
2.38,11.5,3.6,5,29.5,,Medium,Night,Car,Urban,Saturday,44.2
5.54,1.8,4.8,5,17.4,Clear,High,Morning,Car,Suburban,Monday,55.3
10.77,2.4,4.2,5,,Clear,Low,Night,Bike,Urban,Sunday,38.2
3.06,1.8,4.4,11,21.3,Cloudy,Medium,Evening,Scooter,Urban,Saturday,41.8
2.49,2.2,3.7,12,24.6,Clear,High,Evening,Bike,Urban,Friday,50.8
1.54,0.9,4.1,6,10.3,Clear,Medium,Morning,Car,Urban,Sunday,34.5
3.72,,3.9,5,8.9,Cloudy,Medium,Afternoon,Scooter,Suburban,Sunday,26.7
9.73,5.5,4.3,10,21.4,,,Evening,Car,Urban,Tuesday,50.3
,0.4,3.7,4,12.9,Clear,Medium,Afternoon,Bike,Urban,Sunday,33.7
5.69,2.5,3.9,2,17.0,Clear,Medium,Morning,Bike,Urban,Thursday,43.4
3.74,2.5,4.9,4,11.1,Rain,High,Afternoon,Car,Urban,Tuesday,44.5
3.51,1.3,4.4,3,12.5,Clear,Medium,Evening,Bike,Urban,Tuesday,31.9
15.91,1.2,4.3,7,12.2,Rain,Medium,Morning,Bike,Suburban,Friday,60.8
4.82,2.4,4.3,3,8.0,Cloudy,High,Evening,Bike,Suburban,Sunday,47.3
6.97,7.2,4.7,4,12.4,Cloudy,High,Night,Scooter,Urban,Thursday,48.6
5.32,4.0,4.1,3,11.8,Rain,Medium,Morning,Bike,Suburban,Friday,39.4
3.65,4.1,4.5,4,11.4,Clear,Medium,Morning,Scooter,Urban,Wednesday,27.6
0.5,2.0,3.3,6,13.3,Clear,High,Evening,Bike,Urban,Saturday,39.8
2.31,1.3,4.1,6,18.2,,High,Morning,Scooter,Urban,Monday,41.8
9.58,10.4,4.0,2,9.9,Cloudy,High,Evening,Car,Urban,Friday,58.8
0.71,7.0,4.0,2,,Cloudy,High,Evening,Scooter,Suburban,Friday,30.6
7.06,6.7,4.4,3,11.3,Rain,Medium,Evening,Scooter,Rural,Monday,38.8
2.09,4.1,4.1,6,13.1,Cloudy,High,Afternoon,Scooter,Urban,Sunday,36.2
7.3,6.2,4.1,6,18.7,Clear,High,Evening,Bike,Urban,Sunday,65.2
9.87,5.2,3.9,4,11.9,Clear,Medium,Evening,Car,Suburban,Thursday,46.7
1.1,1.5,4.0,3,18.4,,Medium,Morning,Car,Urban,Friday,37.6
3.26,10.6,3.4,5,18.5,Rain,Medium,Evening,Car,Urban,Saturday,46.0
10.18,6.3,4.0,4,22.8,Clear,High,Evening,Bicycle,Rural,Monday,84.1
2.19,2.9,3.6,3,7.0,Fog,High,Evening,Scooter,Suburban,Monday,44.8
11.82,1.2,4.7,4,33.0,Clear,High,Afternoon,Scooter,Rural,Friday,92.6
3.13,1.2,4.4,3,12.1,Cloudy,Medium,Afternoon,Bike,Urban,Thursday,30.4
13.44,4.1,4.5,6,28.9,Clear,High,Morning,Bicycle,Urban,Friday,106.0
2.35,3.1,3.6,7,16.2,Rain,Medium,Afternoon,Scooter,Urban,Friday,36.7
12.56,2.1,4.5,5,15.7,Clear,High,Morning,Bike,Rural,Friday,85.7
2.67,4.0,3.9,4,19.6,Cloudy,Medium,Night,Car,Urban,Tuesday,33.7
4.18,3.3,4.3,3,15.3,Fog,High,Morning,Scooter,Urban,Tuesday,58.7
1.22,2.8,4.1,5,28.5,Cloudy,Medium,Evening,Bicycle,Urban,Tuesday,44.4
5.67,1.3,3.6,3,30.7,Clear,Medium,Morning,Car,Suburban,Wednesday,57.2
8.06,3.3,3.8,3,12.0,Rain,Medium,Afternoon,Car,Suburban,Saturday,51.3
1.03,7.9,4.4,6,30.1,Cloudy,Medium,Afternoon,Scooter,Suburban,Saturday,40.9
1.96,1.2,4.4,2,6.7,Clear,Medium,Afternoon,Scooter,Urban,Wednesday,17.5
7.51,7.5,3.6,3,15.7,Cloudy,High,Evening,Car,Suburban,Friday,58.0
2.83,7.8,4.6,6,20.4,Rain,Low,Night,Bike,Urban,Wednesday,32.4
3.43,3.8,4.0,2,11.2,Clear,High,Evening,Bike,Urban,Thursday,39.4
1.42,3.9,3.7,4,10.2,Rain,High,Morning,Bicycle,Urban,Sunday,50.1
8.18,3.6,3.9,4,10.8,Rain,Medium,Evening,Car,Urban,Tuesday,51.7
1.22,4.4,3.6,3,17.6,Cloudy,High,Morning,Bicycle,Urban,Saturday,49.4
8.82,2.5,3.9,5,16.9,Clear,High,Night,Bike,Rural,Monday,64.1
2.32,5.1,4.0,3,11.3,Rain,High,Afternoon,Bike,Urban,Wednesday,41.1
6.46,0.5,4.3,7,12.1,,Medium,Afternoon,Car,Urban,Friday,41.0
16.1,12.7,4.5,3,18.4,Clear,Medium,Morning,Bike,Suburban,Saturday,59.7
0.79,5.7,4.6,6,25.4,Clear,Low,Morning,Scooter,Suburban,Friday,22.7
2.19,4.0,4.4,5,18.4,Rain,High,Afternoon,Bike,Urban,Saturday,49.9
2.79,5.6,3.4,4,22.6,Clear,Medium,Night,Car,Suburban,Saturday,33.7
1.17,3.6,3.6,6,17.9,Clear,High,Evening,Scooter,Urban,Friday,34.9
3.71,5.3,4.6,5,11.5,Clear,Medium,Night,Bike,Urban,Wednesday,29.0
6.86,3.6,4.0,7,15.9,Clear,Medium,Morning,Scooter,Suburban,Wednesday,43.4
4.49,2.6,4.1,4,15.5,Storm,High,Evening,Bike,Urban,Friday,63.3
5.78,4.7,4.4,4,22.2,Cloudy,Low,Afternoon,Car,Urban,Friday,36.8
2.07,4.1,4.6,4,10.7,Rain,High,Afternoon,Scooter,Urban,Wednesday,37.2
5.83,5.0,4.3,2,5.3,Rain,Medium,Afternoon,Scooter,Urban,Wednesday,37.7
4.38,2.3,3.8,2,13.1,Clear,Medium,Afternoon,Scooter,Urban,Tuesday,37.2
5.33,0.7,3.7,5,15.5,Rain,Medium,Evening,Bike,Rural,Monday,52.4
3.87,3.9,3.7,3,22.4,Storm,Medium,Morning,Bike,Urban,Thursday,54.9
2.33,5.5,4.6,6,10.7,Rain,Medium,Afternoon,Bicycle,Suburban,Saturday,32.6
21.07,10.5,4.5,8,14.8,Rain,Medium,Evening,Bike,Urban,Saturday,75.7
7.17,4.6,4.2,3,,Clear,Medium,Morning,Scooter,Suburban,Sunday,39.8
4.2,1.7,3.6,5,7.4,Rain,Medium,Night,Bike,Urban,Friday,34.4
9.09,7.3,4.5,3,10.2,Clear,High,Afternoon,Bicycle,Urban,Tuesday,63.2
5.92,3.7,4.2,4,10.0,Rain,Medium,Evening,Car,Urban,Friday,42.5
1.38,7.3,3.9,4,22.0,Clear,Medium,Evening,Bike,Urban,Saturday,33.5
15.09,2.2,4.1,2,9.3,Cloudy,Medium,Evening,Scooter,Rural,Friday,60.3
1.09,3.1,4.3,4,20.7,Fog,Medium,Evening,Scooter,Suburban,Thursday,37.7
10.03,5.8,4.0,1,40.9,Cloudy,Low,Evening,Car,Suburban,Friday,75.0
4.47,6.2,3.8,3,23.9,Clear,High,Evening,Bicycle,Urban,Monday,59.6
,4.4,4.2,3,20.8,Rain,Medium,Afternoon,Car,Urban,Tuesday,51.7
2.03,4.9,4.2,3,30.1,Fog,Medium,Morning,Car,Suburban,Tuesday,54.8
4.64,6.1,3.4,2,23.7,Cloudy,High,Evening,Scooter,Suburban,Wednesday,55.8
5.67,3.4,4.1,5,25.0,Rain,High,Morning,Bike,Suburban,Sunday,66.9
5.35,3.7,3.8,3,12.8,Rain,Medium,Afternoon,Scooter,Suburban,Tuesday,37.8
4.42,10.4,4.3,4,17.0,Rain,Medium,Morning,Car,Urban,Monday,36.8
9.09,2.3,3.5,2,12.2,Clear,Low,Afternoon,Bike,Rural,Saturday,44.5
6.16,1.0,3.7,6,22.7,Cloudy,Medium,Morning,Scooter,Urban,Saturday,50.0
2.78,3.8,3.3,4,7.0,Rain,High,Evening,Bike,Urban,Thursday,40.3
9.32,3.7,4.3,4,18.3,Fog,Medium,Evening,Bike,Rural,Wednesday,55.8
5.09,1.3,3.6,9,29.0,Clear,High,Evening,Car,Urban,Thursday,60.2
3.83,3.5,3.6,4,12.6,Clear,Low,Afternoon,Bike,Urban,Friday,25.5
1.11,1.0,4.1,6,13.2,Clear,Low,Afternoon,Car,Urban,Saturday,25.5
4.46,2.1,4.1,4,17.7,Rain,High,Evening,,Urban,Tuesday,55.0
10.77,4.6,4.4,1,,Rain,High,Afternoon,Scooter,Rural,Sunday,77.4
4.2,1.1,4.4,3,10.1,Cloudy,Low,Evening,Car,Suburban,Friday,
3.37,2.9,4.6,2,15.3,Clear,Medium,Morning,Car,Urban,Saturday,40.2
7.12,0.5,4.8,6,23.0,,Low,Night,Car,Rural,Monday,48.2
3.9,2.3,4.5,3,20.2,Rain,Medium,Morning,Bike,Suburban,Sunday,46.3
4.57,7.3,4.3,3,8.9,Clear,High,Evening,Bike,Rural,Thursday,45.6
9.51,13.4,4.2,8,11.6,Clear,High,Evening,Car,Urban,Wednesday,56.3
5.17,,4.4,3,12.7,Clear,Medium,Afternoon,Car,Urban,Wednesday,36.4
4.78,4.4,3.4,2,23.9,Rain,Medium,Evening,Car,Urban,Wednesday,50.6
7.95,1.4,4.1,2,13.2,Cloudy,High,Morning,Car,Urban,Tuesday,71.1
1.83,,3.5,7,,Clear,Medium,Evening,Bike,Suburban,Monday,35.9
2.61,8.1,3.9,2,14.8,Clear,Medium,Evening,Bike,Urban,Tuesday,31.5
2.44,3.5,3.6,5,9.0,Fog,High,Morning,Bicycle,Urban,Thursday,54.1
4.95,6.7,4.3,7,21.2,Clear,Medium,Morning,Scooter,Suburban,Friday,31.6
1.78,2.1,4.4,2,27.7,Cloudy,Medium,Evening,Car,Urban,Saturday,42.9
6.51,0.7,4.6,2,7.4,Clear,Medium,Afternoon,Scooter,Urban,Friday,30.8
4.85,2.7,3.8,3,20.1,Clear,Medium,Evening,Bicycle,Suburban,Monday,47.0
6.38,2.1,,5,37.9,Rain,Medium,Evening,Car,Rural,Thursday,76.2
1.24,6.4,4.6,4,33.3,Rain,High,Evening,Bike,Urban,Friday,62.8
11.37,6.5,4.0,7,14.9,Clear,Low,Afternoon,Car,Rural,Saturday,47.4
0.85,1.3,3.9,4,,Fog,Medium,Evening,Bike,Suburban,Wednesday,45.1
2.16,4.7,4.4,5,16.6,Clear,High,Night,Scooter,Suburban,Sunday,31.9
3.51,5.7,4.3,4,21.6,Rain,High,Morning,Car,Urban,Saturday,58.6
3.32,2.4,4.5,5,22.5,Clear,High,Afternoon,Bike,Suburban,Saturday,45.3
2.37,3.8,4.3,1,14.0,Clear,Medium,Morning,Bike,Suburban,Friday,28.3
6.25,5.2,4.0,5,11.9,Rain,Medium,Afternoon,Scooter,Urban,Wednesday,38.3
6.15,6.9,4.7,3,21.5,Fog,High,Evening,Bicycle,Rural,Sunday,74.8
8.1,3.8,,2,9.3,Rain,,Afternoon,Bike,Rural,Sunday,42.0
4.14,4.5,4.1,3,13.2,Cloudy,High,Evening,Scooter,Urban,Saturday,43.9
4.15,5.6,4.5,5,15.0,Rain,Medium,Afternoon,Scooter,Suburban,Sunday,35.4
1.43,1.3,4.1,3,29.2,Rain,Medium,Morning,Bike,Urban,Sunday,51.2
4.0,0.4,3.8,4,9.6,Clear,Medium,Afternoon,Car,Suburban,Saturday,32.5
2.56,5.1,4.2,2,14.4,Cloudy,Medium,Evening,Scooter,Suburban,Tuesday,28.4
2.44,3.9,4.9,2,8.9,Cloudy,High,Evening,Car,Urban,Thursday,42.8
4.66,1.2,4.5,4,12.4,Cloudy,,Afternoon,Car,Urban,Friday,31.1
1.76,5.4,4.3,7,9.9,Fog,High,Evening,Bicycle,Urban,Saturday,54.3
6.01,1.2,3.8,4,12.3,Cloudy,Medium,Morning,Car,Rural,Thursday,51.9
3.65,,3.7,3,7.8,Clear,Medium,Afternoon,Bike,Urban,Thursday,30.0
9.7,5.2,4.1,2,12.4,Clear,Medium,Morning,Car,Rural,Sunday,49.2
2.24,6.5,3.9,5,15.5,Rain,Medium,Night,Scooter,Urban,Thursday,29.5
5.4,2.7,4.2,5,14.9,Clear,Medium,Evening,Bike,Urban,Monday,39.2
12.39,6.2,4.2,4,25.7,Rain,High,Evening,Scooter,Rural,Friday,88.6
6.31,2.9,3.6,8,18.6,Clear,Medium,Morning,Car,Urban,Wednesday,45.1
1.35,1.7,3.8,6,18.3,Clear,High,Morning,Bike,Urban,Tuesday,37.6
6.2,2.1,4.0,4,18.4,Rain,High,Evening,Scooter,Urban,Friday,61.7
6.37,2.4,4.3,8,23.5,Clear,Medium,Afternoon,Scooter,Urban,Sunday,48.6
10.76,0.2,4.3,2,15.2,Rain,High,Night,Bike,Urban,Wednesday,73.6
1.51,5.6,3.8,5,30.7,Clear,High,Evening,Car,Urban,Wednesday,52.9
8.78,4.4,3.7,6,13.6,Cloudy,Medium,Afternoon,Bike,Suburban,Thursday,39.0
0.83,2.1,3.8,3,18.3,Cloudy,Medium,Evening,Car,Urban,Friday,37.9
6.52,4.7,4.5,5,11.3,Fog,Low,Night,Car,Urban,Wednesday,36.0
7.36,1.1,4.0,6,11.5,Clear,Low,Afternoon,Scooter,Urban,Thursday,30.1
6.34,4.8,4.2,4,18.3,Clear,High,Evening,Scooter,Urban,Friday,55.4
5.35,5.4,4.3,4,18.8,Cloudy,High,Night,Bike,Rural,Sunday,57.4
8.42,1.0,4.6,2,14.6,Storm,High,Afternoon,Bike,Urban,Wednesday,78.8
15.2,5.9,3.7,3,16.2,Rain,Medium,Evening,Scooter,Urban,Friday,60.5
1.69,3.0,4.6,3,8.1,Rain,Low,Morning,Bike,Suburban,Saturday,28.0
7.42,3.0,4.4,6,14.7,Cloudy,High,Evening,Car,Rural,Tuesday,61.7
2.2,1.0,4.8,5,32.0,Cloudy,Medium,Evening,Scooter,Suburban,Saturday,44.8
5.66,6.6,4.7,3,19.5,Rain,High,Evening,Bike,Suburban,Wednesday,53.3
8.39,6.6,4.2,5,24.6,Rain,Medium,Afternoon,Bike,Rural,Monday,57.0
5.89,8.8,3.9,5,22.1,Rain,Medium,Evening,Car,Suburban,Monday,47.0
8.67,7.0,4.4,2,23.6,Rain,Medium,Morning,Bike,Rural,Monday,62.9
4.17,3.9,3.7,3,12.9,Rain,Medium,Morning,Scooter,Urban,Saturday,41.5
3.77,4.2,4.2,4,19.1,Clear,Medium,Afternoon,Bike,Suburban,Friday,32.9
0.85,0.4,3.9,3,19.5,Clear,High,Evening,Bicycle,Suburban,Saturday,42.6
9.18,0.3,4.1,5,29.3,Storm,Medium,Afternoon,Scooter,Rural,Saturday,77.6
1.11,3.1,3.3,3,17.5,Cloudy,Low,Afternoon,Scooter,Urban,Wednesday,24.5
1.27,3.0,4.1,4,9.5,Clear,Medium,Evening,Scooter,Suburban,Sunday,21.4
8.53,1.6,4.2,3,13.8,Cloudy,High,Afternoon,Bike,Urban,Sunday,62.0
5.58,3.2,3.9,2,22.8,Cloudy,Medium,Afternoon,Car,Suburban,Wednesday,48.4
5.29,1.9,4.1,5,,Rain,High,Afternoon,Bike,Urban,Saturday,56.0
4.07,6.6,3.7,4,28.4,Rain,High,Morning,Bike,Suburban,Saturday,59.4
13.51,3.6,4.4,4,21.2,Clear,High,Evening,Bike,Suburban,Thursday,83.1
4.0,2.0,4.2,6,31.0,Cloudy,Low,Afternoon,Scooter,Urban,Monday,44.9
3.53,6.6,5.0,4,10.8,Clear,High,Morning,Car,Urban,Wednesday,35.9
3.44,1.1,4.3,3,16.8,Fog,Low,Night,Bike,Urban,Sunday,37.8
7.65,11.2,4.3,6,16.8,Clear,High,Evening,Car,Suburban,Friday,56.7
3.87,4.0,4.0,7,31.5,Cloudy,High,Evening,Car,Suburban,Saturday,59.3
4.67,3.1,4.6,5,15.9,Cloudy,Medium,Evening,Bike,Suburban,Sunday,37.8
8.03,0.8,4.0,2,15.3,Cloudy,High,Night,Bike,Urban,Tuesday,58.1
5.37,3.4,4.8,2,12.3,Cloudy,Low,Afternoon,Bike,Suburban,Sunday,26.9
6.8,2.9,4.8,8,21.5,Rain,Medium,Evening,Bike,Suburban,Thursday,43.3
2.18,5.1,4.0,1,12.4,Cloudy,High,Evening,Car,Urban,Saturday,40.7
1.53,3.1,4.0,5,16.6,Clear,Low,Afternoon,Scooter,Urban,Wednesday,19.0
9.66,1.2,3.9,3,11.3,Clear,High,Morning,Bike,Urban,Wednesday,66.9
6.65,2.7,3.6,5,21.8,Cloudy,High,Morning,Car,Urban,Wednesday,62.8
5.75,1.9,4.3,6,17.8,Clear,Medium,Evening,Bike,Urban,Wednesday,43.6
4.88,1.1,4.2,3,20.2,,High,Evening,Car,Urban,Monday,64.1
3.82,7.3,4.4,4,9.7,Clear,Medium,Evening,Scooter,Urban,Wednesday,31.8
2.25,0.7,4.1,5,13.6,Rain,High,Afternoon,Bike,Urban,Friday,41.5
2.19,6.7,4.5,7,12.2,Clear,Medium,Morning,Scooter,Urban,Sunday,28.0
1.5,3.5,4.1,5,16.6,Rain,Medium,Afternoon,Bike,Suburban,Monday,28.2
1.13,5.4,4.1,3,29.9,Clear,High,Afternoon,Bicycle,Urban,Monday,50.3
1.91,7.7,4.2,3,20.0,Cloudy,Low,Night,Scooter,Urban,Friday,28.9
2.91,2.1,4.4,7,22.5,Clear,Medium,Evening,Car,Suburban,Friday,37.1
9.61,3.6,4.0,4,25.1,Cloudy,Low,Night,Bicycle,Urban,Friday,64.0
1.08,,4.5,2,20.9,Clear,High,Evening,Scooter,Urban,Sunday,36.6
4.18,2.9,3.9,3,9.9,Rain,Medium,Night,Car,Urban,Tuesday,37.2
10.21,5.2,4.0,4,16.6,Cloudy,High,Afternoon,Scooter,Urban,Thursday,65.4
7.61,3.2,3.4,5,13.8,,Medium,Morning,Bike,Suburban,Sunday,44.0
3.88,3.6,4.0,7,30.2,Rain,High,Morning,Bicycle,Urban,Friday,71.7
2.31,1.5,3.7,3,13.8,Cloudy,Medium,Afternoon,Scooter,Urban,Friday,30.3
0.65,3.1,4.4,6,,Rain,High,Afternoon,Car,Urban,Sunday,42.9
7.85,2.4,4.3,3,15.4,Clear,Medium,Morning,Scooter,Rural,Wednesday,45.1
6.09,3.4,4.6,7,24.1,Cloudy,High,Night,Bike,Urban,Tuesday,58.6
2.35,1.4,4.8,7,16.5,Clear,High,Morning,Bike,Urban,Monday,40.9
7.96,2.1,4.1,3,20.6,Rain,Medium,Night,Bike,Urban,Saturday,56.0
3.56,4.0,3.9,2,15.9,Clear,High,Evening,Bike,Suburban,Saturday,43.2
4.75,5.0,4.3,5,8.5,Clear,High,Evening,Scooter,Suburban,Tuesday,41.6
3.89,,4.0,3,16.2,Cloudy,High,Evening,Bike,Suburban,Thursday,47.0
7.89,2.7,3.9,5,23.8,Cloudy,High,Afternoon,Bicycle,Urban,Friday,79.4
8.05,2.0,4.1,5,19.3,Clear,Medium,Evening,Scooter,Urban,Monday,49.7
5.51,0.6,3.9,6,16.5,Cloudy,Medium,Morning,Scooter,Suburban,Saturday,46.0
3.14,7.5,4.9,5,34.8,Rain,Medium,Night,Bike,Urban,Wednesday,53.6
8.49,6.4,4.0,4,17.4,Clear,High,Afternoon,Bike,Rural,Saturday,68.4
13.89,8.2,4.1,7,14.0,Clear,Medium,Afternoon,Scooter,Urban,Saturday,52.3
10.59,8.0,4.5,6,27.4,Storm,High,Evening,Bike,Urban,Wednesday,96.3
4.03,4.2,5.0,3,10.2,Fog,High,Evening,Scooter,Urban,Friday,55.8
1.58,12.7,,5,21.2,Clear,Medium,Afternoon,Scooter,Urban,Saturday,27.7
7.06,2.9,3.4,4,13.0,Cloudy,Medium,Evening,Bike,Suburban,Wednesday,37.6
2.73,3.6,4.1,6,12.0,Clear,High,Morning,Scooter,Urban,Tuesday,39.8
9.32,2.0,3.5,4,18.0,Fog,High,Evening,Bike,Urban,Saturday,89.3
2.33,1.1,,5,14.9,Cloudy,Low,Afternoon,Bike,Suburban,Friday,25.0
2.75,2.4,4.7,7,23.2,Clear,High,Afternoon,Car,Suburban,Saturday,46.2
1.44,2.2,3.8,7,27.3,Clear,High,Morning,Bike,Suburban,Wednesday,45.5
16.51,5.4,3.8,4,24.3,Cloudy,Low,Afternoon,Bike,Rural,Friday,65.2
6.11,3.9,4.5,4,18.2,Clear,High,Afternoon,Scooter,Rural,Friday,49.5
6.7,4.6,,3,16.9,Rain,Medium,Afternoon,Scooter,Urban,Wednesday,42.9
3.41,4.2,4.6,8,21.4,Cloudy,Medium,Morning,Bicycle,Suburban,Tuesday,39.1
7.52,4.2,4.0,4,30.3,Cloudy,High,Morning,Car,Rural,Thursday,74.7
2.67,2.1,4.4,5,13.8,Rain,Medium,Afternoon,Car,Urban,Saturday,37.3
9.19,4.1,3.6,4,30.9,Clear,Medium,Morning,Scooter,Suburban,Tuesday,62.0
18.87,5.7,3.8,4,9.6,Clear,High,Evening,Scooter,Urban,Sunday,92.5
8.55,7.2,4.1,4,,Clear,Medium,Night,Bike,Suburban,Tuesday,56.7
0.82,6.4,4.0,4,18.6,Rain,Low,Afternoon,Car,Urban,Saturday,33.0
6.72,5.1,5.0,4,30.1,Clear,Medium,Night,Scooter,Suburban,Tuesday,47.5
3.43,3.8,4.5,4,13.2,Rain,Medium,Morning,Bike,Urban,Saturday,44.0
3.59,2.5,4.5,2,19.8,Cloudy,Medium,Morning,Scooter,Suburban,Friday,36.2
,4.2,4.1,4,23.2,Cloudy,Medium,Evening,Car,Urban,Friday,46.9
3.92,8.4,3.6,4,32.1,Cloudy,High,Evening,Scooter,Suburban,Sunday,55.0
,2.8,4.8,4,32.0,Clear,High,Evening,Bike,Urban,Monday,65.9
3.32,9.6,3.5,5,17.6,Clear,Medium,Morning,Bicycle,Suburban,Tuesday,38.9
7.18,4.4,3.9,5,15.4,Rain,High,Evening,Bike,Urban,Monday,63.9
4.12,7.4,4.4,5,17.1,Clear,Low,Afternoon,Bicycle,Urban,Thursday,31.3
4.18,2.2,5.0,2,24.5,Cloudy,Low,Afternoon,Scooter,Urban,Saturday,33.4
8.34,2.0,4.8,4,19.7,Fog,High,Morning,Bicycle,Rural,Monday,94.8
6.7,1.2,4.4,7,36.9,Clear,High,Night,Car,Urban,Saturday,72.3
2.92,8.3,5.0,6,33.2,Cloudy,Medium,Morning,Bike,Suburban,Thursday,52.3
5.53,4.3,4.0,4,20.8,Clear,High,Evening,Car,Urban,Sunday,55.5
4.27,5.6,4.3,5,27.2,Clear,Medium,Evening,Bike,Suburban,Wednesday,37.8
9.29,3.6,4.7,2,13.8,Fog,High,Evening,Bike,Urban,Sunday,78.7
3.06,3.9,3.6,3,23.3,Storm,High,Evening,Bike,Urban,Thursday,66.9
7.28,1.0,4.3,3,20.5,Clear,High,Evening,Scooter,Urban,Sunday,66.1
4.89,4.4,4.3,8,26.6,Fog,High,Morning,Bike,Urban,Friday,67.1
8.84,6.0,4.3,4,10.9,Clear,Medium,Morning,Scooter,Urban,Wednesday,45.9
4.17,,3.8,4,27.4,Storm,High,Evening,Bicycle,Urban,Saturday,83.9
2.85,2.5,4.3,4,,Rain,Low,Afternoon,Car,Urban,Thursday,38.8
6.67,1.9,4.3,4,15.5,Clear,High,Morning,Bike,Rural,Wednesday,56.6
4.57,5.0,3.9,1,10.0,Cloudy,Medium,Morning,Scooter,Urban,Thursday,41.1
9.08,4.8,4.4,7,18.9,Rain,Low,Afternoon,Bike,Rural,Sunday,49.6
2.98,5.6,4.7,8,31.5,Clear,High,Morning,Bike,Urban,Saturday,57.3
4.64,0.1,3.9,4,16.6,Clear,Medium,Morning,Bicycle,Urban,Tuesday,44.8
0.5,3.7,4.3,5,16.7,Cloudy,Medium,Night,Bicycle,Urban,Saturday,37.2
3.46,0.7,4.7,3,10.7,Clear,Medium,Afternoon,Bike,Urban,Thursday,29.0
4.02,4.2,4.7,2,20.2,Clear,Medium,Night,Bike,Urban,Monday,32.8
0.99,1.1,4.1,4,11.5,Clear,Medium,Night,Bike,Suburban,Tuesday,24.0
1.75,4.8,4.6,5,18.0,Rain,High,Morning,Scooter,Suburban,Monday,44.1
1.85,1.1,4.1,3,6.6,Clear,High,Evening,Bike,Urban,Friday,32.3
3.78,,4.5,3,18.0,Cloudy,Medium,Evening,Bike,Urban,Tuesday,41.7
3.28,6.9,3.9,4,19.6,Clear,Medium,Evening,Scooter,Urban,Monday,42.0
3.32,3.2,3.6,4,11.0,Clear,Medium,Morning,Bike,Suburban,Wednesday,35.0
1.01,3.2,4.4,3,9.1,Cloudy,Medium,Morning,Car,Urban,Saturday,33.1
7.7,,4.5,3,22.2,Clear,Medium,Morning,Car,Urban,Friday,53.1
9.03,6.5,4.4,5,14.7,Cloudy,Medium,Evening,Scooter,Urban,Thursday,46.0
1.27,4.4,3.8,6,20.9,Clear,Medium,Night,Scooter,Urban,Saturday,35.0
3.15,4.2,3.2,4,31.1,Cloudy,Medium,Evening,Car,Suburban,Monday,46.1
3.26,1.3,4.5,7,11.8,Clear,High,Evening,Bike,Urban,Sunday,
5.15,3.7,4.7,7,16.4,Rain,Medium,Night,Car,Urban,Tuesday,40.2
5.96,14.0,3.4,1,8.8,Clear,High,Evening,Bike,Rural,Monday,42.9
10.44,2.0,4.0,7,20.3,Fog,High,Morning,Bicycle,Rural,Wednesday,102.1
1.65,6.8,3.8,4,31.4,Clear,High,Evening,Bike,Urban,Monday,54.4
6.12,0.4,4.2,3,14.8,Clear,Low,Afternoon,Car,Urban,Tuesday,33.4
5.05,5.5,4.7,6,14.8,Cloudy,Medium,Morning,Bike,Suburban,Saturday,32.4
1.41,4.5,4.1,3,28.2,Clear,High,Afternoon,Car,Urban,Wednesday,49.9
3.05,2.9,4.0,4,14.2,Cloudy,Low,Night,Scooter,Urban,Monday,26.7
1.55,4.3,4.3,6,12.8,Rain,Low,Afternoon,Bike,Urban,Friday,24.1
12.31,4.4,3.3,1,23.4,Rain,Medium,Afternoon,Car,Urban,Friday,62.6
6.87,4.4,,4,13.5,Cloudy,High,Morning,Bike,Rural,Sunday,58.8
2.76,2.6,4.6,5,15.5,Storm,High,Morning,Scooter,Suburban,Tuesday,54.3
3.16,2.3,4.2,2,16.5,Cloudy,Medium,Morning,Bike,Rural,Saturday,40.4
4.85,1.8,4.0,3,37.1,Clear,High,Evening,Car,Suburban,Friday,75.5
3.01,0.9,4.0,4,21.6,Rain,High,Evening,Car,Suburban,Friday,56.3
6.07,3.2,4.0,3,16.4,Clear,High,Morning,Scooter,Suburban,Tuesday,51.5
10.03,6.2,4.1,3,20.6,Clear,Low,Afternoon,Car,Suburban,Thursday,47.2
6.63,2.3,3.6,6,23.2,Clear,High,Morning,Car,Urban,Tuesday,59.8
1.77,1.3,4.3,3,13.6,Clear,Medium,Morning,Scooter,Urban,Friday,32.7
2.78,1.8,4.0,8,21.1,Clear,Medium,Evening,Bike,Urban,Friday,41.9
1.3,3.6,4.2,5,28.4,Clear,Medium,Evening,Scooter,Urban,Tuesday,43.2
2.3,3.6,3.9,2,11.7,Cloudy,High,Evening,Bike,Urban,Tuesday,41.1
7.48,1.7,4.3,3,8.6,Rain,Medium,Afternoon,Scooter,Urban,Sunday,41.9
2.44,3.3,4.7,3,12.1,Fog,Medium,Evening,Bike,Urban,Thursday,38.4
6.11,2.9,4.2,5,18.2,Clear,Medium,Morning,Car,Urban,Thursday,49.0
2.66,4.8,3.5,5,21.5,Clear,High,Morning,Scooter,Urban,Sunday,47.7
6.55,7.9,,5,13.8,Cloudy,High,Night,Scooter,Urban,Tuesday,49.4
1.73,2.2,4.2,1,17.7,Clear,Medium,Evening,Bike,Urban,Friday,24.0
4.33,1.9,4.1,5,21.6,Clear,Medium,Night,Bike,Rural,Saturday,38.7
12.24,3.6,3.9,3,13.0,Cloudy,High,Night,Car,Urban,Wednesday,79.5
1.87,4.1,4.1,6,32.0,Rain,High,Evening,Scooter,Urban,Wednesday,60.3
7.61,4.9,4.5,8,13.2,Clear,Medium,Night,Bicycle,Urban,Sunday,47.8
5.45,0.8,4.0,6,10.4,Cloudy,Medium,Afternoon,Scooter,Suburban,Monday,31.1
2.23,10.8,4.7,5,14.0,Cloudy,High,Morning,Bike,Suburban,Tuesday,29.3
2.26,2.7,3.9,5,12.2,Rain,Medium,Morning,Scooter,Urban,Wednesday,38.4
3.14,2.0,3.8,5,19.0,Clear,High,Morning,Scooter,Urban,Saturday,50.3
7.71,1.3,4.1,1,9.8,Rain,High,Morning,Bike,Suburban,Thursday,65.4
7.82,2.3,3.4,5,15.4,Rain,Medium,Afternoon,Scooter,Rural,Tuesday,44.0
6.08,0.9,4.1,2,11.0,Clear,High,Evening,Bike,Urban,Thursday,53.2
5.01,6.8,4.0,5,16.5,Cloudy,Medium,Evening,Bike,Urban,Thursday,42.3
5.12,2.9,4.4,6,17.7,Cloudy,High,Evening,Bike,Urban,Friday,54.2
12.51,,3.5,3,8.4,Clear,High,Morning,Scooter,Urban,Saturday,76.1
5.76,6.0,4.4,6,14.9,Cloudy,High,Evening,Car,Suburban,Wednesday,48.5
10.47,2.8,4.2,3,16.0,Clear,High,Afternoon,Bike,Rural,Friday,73.7
4.25,1.9,4.8,4,12.9,Rain,Medium,Morning,Car,Rural,Friday,43.7
9.02,8.8,,12,28.9,Clear,High,Afternoon,Car,Suburban,Saturday,74.9
6.65,2.3,4.3,3,20.3,Cloudy,High,Afternoon,Bike,Urban,Friday,54.6
10.41,0.5,4.4,3,40.0,Clear,Low,Afternoon,Bike,Rural,Monday,73.4
3.12,3.2,3.4,4,20.0,Cloudy,High,Evening,Bike,Urban,Friday,47.2
0.9,3.0,4.6,4,8.4,Rain,High,Evening,Bike,Urban,Friday,36.1
5.67,2.0,4.1,2,24.7,Cloudy,High,Evening,Bicycle,Suburban,Friday,64.1
3.97,1.8,3.7,4,10.4,Cloudy,High,Morning,Car,Urban,Wednesday,50.8
11.91,3.4,4.1,4,15.4,Clear,Medium,Evening,Bike,Suburban,Monday,52.7
11.72,2.4,4.6,4,31.0,Clear,Medium,Evening,Scooter,Rural,Tuesday,61.6
4.35,2.7,4.0,8,10.7,Rain,High,Morning,Bike,Suburban,Tuesday,54.5
14.27,3.9,4.2,4,7.3,Clear,High,Evening,Bike,Suburban,Tuesday,75.0
3.96,2.6,3.4,3,26.9,Rain,Medium,Afternoon,Bike,Urban,Tuesday,43.3
11.27,2.1,3.8,9,14.5,Cloudy,Medium,Afternoon,Bike,Urban,Monday,54.6
0.71,5.0,4.4,2,13.7,Fog,Medium,Morning,Bike,Suburban,Tuesday,34.1
16.05,2.4,4.6,1,8.2,Clear,Medium,Afternoon,Bike,Suburban,Sunday,52.9
11.48,2.0,4.2,2,15.1,Cloudy,Low,Morning,Bike,Rural,Thursday,49.6
2.04,1.1,4.4,4,9.1,Clear,Medium,Morning,Scooter,Urban,Wednesday,27.8
13.31,1.6,4.0,2,17.1,Fog,Medium,Morning,Scooter,Urban,Friday,64.7
0.53,1.3,,4,13.9,Cloudy,Low,Night,Bike,Urban,Thursday,21.7
1.51,1.0,3.7,6,19.8,Cloudy,Medium,Afternoon,Scooter,Suburban,Monday,31.4
,1.8,4.0,6,31.4,Rain,Medium,Afternoon,Bike,Suburban,Thursday,49.6
13.81,4.0,4.1,10,25.6,Clear,,Afternoon,Bicycle,Rural,Wednesday,75.6
4.98,3.2,3.6,7,43.0,Cloudy,High,Night,Bike,Urban,Friday,78.4
0.96,2.5,5.0,8,19.4,Rain,High,Evening,Scooter,Urban,Tuesday,43.4
2.21,4.3,3.9,5,17.7,Clear,Low,Night,Bike,Urban,Thursday,25.6
2.7,2.1,4.2,4,12.2,Fog,Low,Afternoon,Bike,Urban,Tuesday,25.2
5.38,3.8,3.7,1,5.0,Fog,High,Morning,Scooter,Urban,Wednesday,52.0
3.65,4.9,3.0,5,31.8,Storm,Medium,Evening,Car,Suburban,Friday,63.1
8.6,0.5,4.8,3,27.5,Rain,High,Afternoon,Bicycle,Urban,Tuesday,83.6
0.9,3.1,4.2,5,13.9,Clear,High,Evening,Scooter,Urban,Wednesday,38.1
6.13,4.2,3.3,4,,Cloudy,High,Evening,Bike,Suburban,Monday,58.3
1.52,4.0,3.8,3,18.0,Clear,Medium,Afternoon,Car,Suburban,Friday,37.9
10.14,,4.9,6,8.1,Rain,Medium,Night,Bike,Urban,Thursday,41.8
6.18,2.2,4.3,7,17.5,Clear,High,Evening,Scooter,Urban,Saturday,57.7
3.65,2.7,3.2,2,11.3,Rain,Low,Afternoon,Car,Suburban,Thursday,31.7
3.03,7.1,4.0,5,9.4,Clear,High,Afternoon,Bike,Suburban,Sunday,31.8
5.21,0.7,4.1,5,16.5,Clear,High,Morning,Scooter,Suburban,Tuesday,50.0
8.43,1.9,4.3,2,11.2,Clear,High,Evening,Bike,Urban,Saturday,66.8
5.03,3.1,4.1,4,14.6,Rain,Medium,Morning,Bike,Urban,Thursday,42.5
7.42,1.0,3.5,1,18.0,Clear,,Afternoon,Bicycle,Rural,Wednesday,57.8
1.87,2.6,3.9,2,13.7,Clear,High,Evening,Bike,Urban,Saturday,41.7
3.51,5.0,3.8,6,24.5,Clear,Medium,Morning,Bike,Urban,Sunday,43.8
11.99,4.5,4.4,6,15.3,Clear,High,Morning,Scooter,Rural,Saturday,86.8
6.83,3.1,3.9,6,20.5,Fog,,Evening,Bike,Urban,Wednesday,68.5
9.22,3.5,3.9,6,9.6,Cloudy,High,Morning,Bike,Suburban,Thursday,64.6
1.79,0.3,4.1,4,14.8,Clear,Medium,Afternoon,Bike,Suburban,Tuesday,30.6
0.95,1.3,3.8,5,19.7,Clear,Medium,Afternoon,Scooter,Urban,Friday,31.4
6.43,2.0,4.7,1,13.9,Clear,Medium,Morning,Scooter,Suburban,Wednesday,36.9
1.2,2.5,4.6,4,18.5,Clear,High,Morning,Car,Urban,Tuesday,42.9
9.21,5.2,4.6,4,8.9,Clear,Medium,Evening,Bike,Suburban,Monday,35.4
12.52,9.1,3.7,4,11.7,Clear,High,Night,Bicycle,Rural,Sunday,82.8
8.37,2.7,4.3,4,15.0,Clear,Medium,Morning,Bike,Rural,Monday,51.7
1.58,2.6,4.4,6,15.8,Clear,High,Night,Bike,Urban,Wednesday,34.2
3.99,3.1,3.8,6,22.5,Rain,High,Evening,Bicycle,Suburban,Tuesday,56.9
5.71,1.7,3.7,7,10.8,Clear,High,Evening,Car,Rural,Thursday,55.1
5.08,7.6,3.8,2,33.2,Cloudy,Medium,Evening,Bike,Suburban,Tuesday,52.6
11.07,1.6,3.6,6,15.4,Cloudy,High,Evening,Bike,Suburban,Saturday,78.2
1.82,1.6,4.5,2,26.4,Fog,High,Evening,Car,Urban,Tuesday,69.0
3.12,2.1,4.5,5,10.7,Clear,High,Afternoon,Bike,Suburban,Tuesday,34.2
3.71,8.3,4.0,3,17.7,Rain,Low,Afternoon,Bike,Urban,Tuesday,30.3
9.59,,4.1,8,31.9,Rain,Medium,Afternoon,Scooter,Urban,Wednesday,
9.26,3.1,3.9,5,20.3,Storm,Low,Morning,Car,Rural,Friday,62.2
11.76,2.5,5.0,3,15.2,Rain,High,Evening,Scooter,Rural,Tuesday,81.3
15.87,2.9,4.0,6,15.0,Clear,High,Morning,Scooter,Rural,Friday,88.9
4.92,1.4,3.9,3,5.8,Fog,Medium,Afternoon,Bicycle,Urban,Thursday,43.9
3.15,0.5,4.1,3,22.0,Rain,High,Morning,Bike,Urban,Tuesday,54.5
8.81,5.5,3.7,3,11.8,Clear,High,Morning,Car,Urban,Tuesday,66.1
10.82,1.1,4.3,3,19.4,Clear,High,Evening,Bike,Urban,Thursday,78.4
7.88,7.4,4.7,2,23.7,Fog,High,Evening,Car,Rural,Wednesday,84.9
2.39,4.2,4.1,6,19.5,Clear,Medium,Afternoon,Scooter,Urban,Thursday,30.4
2.92,2.7,4.5,5,17.4,Rain,Medium,Morning,Bike,Urban,Saturday,44.6
10.75,4.0,3.4,4,21.7,Clear,Medium,Afternoon,Scooter,Urban,Monday,55.7
6.55,3.4,3.8,5,26.3,Rain,Medium,Afternoon,Car,Urban,Wednesday,55.4
3.3,3.0,4.2,2,9.8,Clear,Medium,Evening,Scooter,Suburban,Wednesday,24.0
0.82,3.1,3.4,5,16.9,Rain,Medium,Evening,Bike,Suburban,Tuesday,38.5
6.65,5.5,4.3,6,20.5,Cloudy,Medium,Afternoon,Bike,Urban,Thursday,41.3
5.86,4.1,,2,30.3,Fog,High,Afternoon,Scooter,Urban,Friday,75.5
6.56,2.8,4.3,4,19.1,Clear,Medium,Night,Scooter,Urban,Friday,42.1
2.12,4.9,4.1,4,16.8,Clear,High,Evening,Bike,Urban,Friday,38.2
9.63,8.0,4.1,4,20.1,Clear,High,Afternoon,Bike,Rural,Monday,70.5
8.08,2.8,3.2,6,32.0,Clear,Medium,Afternoon,Scooter,Suburban,Thursday,55.1
0.5,1.9,3.7,2,16.4,Storm,Medium,Morning,Bike,Urban,Saturday,42.7
3.13,5.2,4.3,3,8.1,Clear,High,Night,Bike,Suburban,Thursday,35.2
1.11,2.8,3.6,3,7.2,Clear,Medium,Afternoon,Bike,Urban,Friday,17.5
1.91,6.2,3.8,4,11.9,Rain,High,Afternoon,Scooter,Urban,Friday,37.0
7.3,1.3,4.0,7,19.5,Clear,High,Night,Bicycle,Urban,Thursday,71.0
3.59,2.2,4.0,2,22.7,Clear,High,Evening,Scooter,Urban,Monday,50.7
1.62,9.6,4.4,4,14.3,Cloudy,High,Morning,Bike,Urban,Friday,33.5
5.54,2.2,4.2,4,23.2,Clear,Medium,Morning,Car,Suburban,Thursday,48.3
6.5,6.3,3.9,2,20.7,Rain,High,Morning,Bike,Rural,Monday,62.7
3.49,1.8,3.5,6,13.2,Cloudy,High,Evening,Bicycle,Urban,Tuesday,50.1
4.55,4.9,5.0,4,11.6,Clear,High,Morning,Bike,Suburban,Monday,34.5
9.26,1.6,4.2,2,5.0,Cloudy,High,Night,Car,Urban,Friday,63.2
4.55,5.3,4.5,7,26.3,Rain,Medium,Night,Car,Urban,Monday,50.1
2.97,2.6,3.2,3,12.1,Clear,High,Afternoon,Car,Urban,Saturday,44.3
5.33,2.2,4.0,6,15.2,Rain,High,Evening,,Urban,Sunday,54.3
5.57,2.6,,2,16.5,Clear,High,Afternoon,Car,Urban,Sunday,48.8
7.71,3.2,4.0,7,10.2,Cloudy,High,Morning,Car,Rural,Tuesday,66.0
5.77,3.6,4.4,4,13.4,Rain,Medium,Evening,Bike,Rural,Thursday,47.0
3.89,1.2,4.0,1,10.9,Clear,Medium,Morning,Scooter,Urban,Sunday,40.4
8.26,3.8,4.0,6,9.3,Cloudy,High,Morning,Scooter,Suburban,Friday,59.4
,1.0,4.1,4,17.2,Clear,High,Afternoon,Bicycle,Urban,Wednesday,37.5
5.13,5.8,4.2,4,26.7,Rain,High,Morning,Car,Suburban,Saturday,60.3
6.95,4.0,3.7,5,13.6,Cloudy,Medium,Afternoon,Scooter,Urban,Friday,39.8
8.1,4.0,4.5,4,22.1,Clear,High,Evening,Scooter,Urban,Friday,68.6
1.03,5.2,3.9,2,11.1,Clear,High,Evening,Bike,Suburban,Sunday,36.3
1.0,4.1,4.1,3,13.2,Fog,High,Evening,Scooter,Urban,Sunday,49.5
2.46,8.2,4.7,6,27.0,Clear,Medium,Evening,Car,Urban,Thursday,38.7
6.24,1.6,5.0,4,11.0,Clear,Medium,Afternoon,Scooter,Urban,Tuesday,32.0
7.48,1.2,4.3,3,14.0,Clear,Medium,Evening,Car,Urban,Friday,42.5
0.86,8.4,3.5,3,27.9,Cloudy,High,Afternoon,Scooter,Urban,Friday,45.5
4.63,4.1,4.0,5,13.1,Clear,High,Morning,Bike,Suburban,Friday,44.1
7.21,4.4,4.8,7,24.3,Rain,Medium,Night,Car,Suburban,Thursday,41.3
2.87,1.5,4.1,4,22.7,Rain,Medium,Afternoon,Bike,Urban,Friday,44.0
4.89,4.3,4.5,4,20.3,Clear,High,Morning,Bicycle,Urban,Thursday,56.3
1.41,2.9,4.5,4,18.7,Cloudy,Medium,Afternoon,Bicycle,Suburban,Sunday,33.9
5.82,4.9,3.9,8,25.8,Clear,High,Afternoon,,Suburban,Saturday,57.7
3.44,3.3,4.9,9,11.6,Clear,Low,Afternoon,Car,Suburban,Wednesday,23.4
3.18,2.9,4.3,3,26.1,Cloudy,High,Afternoon,Scooter,Urban,Friday,51.2
4.74,3.3,4.1,3,16.5,Clear,Medium,Evening,Scooter,Urban,Friday,39.3
0.73,2.0,4.1,4,17.8,Fog,Low,Afternoon,Car,Urban,Thursday,33.3
2.53,2.4,3.7,1,13.5,Cloudy,Medium,Afternoon,Bike,Urban,Monday,29.6
7.21,6.5,3.9,4,9.2,Clear,Low,Afternoon,Car,Urban,Friday,33.8
0.85,4.3,3.8,5,30.2,Storm,High,Evening,Bike,Urban,Saturday,62.9
0.96,2.8,5.0,4,8.5,Cloudy,High,Morning,Car,Suburban,Thursday,33.3
2.75,4.3,4.5,4,13.1,Clear,High,Morning,Scooter,Urban,Sunday,36.7
3.86,3.9,3.8,6,28.5,Cloudy,Low,Afternoon,Car,Suburban,Sunday,40.7
4.55,2.4,4.9,2,21.5,Fog,Medium,Evening,Scooter,Urban,Saturday,51.1
11.85,2.0,4.7,5,12.8,Clear,High,Evening,Scooter,Urban,Sunday,74.1
4.67,2.4,3.9,2,7.8,Clear,High,Evening,Bicycle,Suburban,Thursday,45.3
5.1,5.9,4.4,3,14.4,Cloudy,High,Evening,Bike,Suburban,Sunday,50.2
8.12,2.8,3.9,2,8.0,Clear,Medium,Afternoon,Bike,Urban,Sunday,34.8
2.01,6.4,4.5,2,6.2,Clear,Medium,Morning,Bike,Suburban,Friday,22.9
5.23,2.2,4.3,5,20.8,Cloudy,High,Morning,Scooter,Urban,Tuesday,54.1
6.19,1.9,4.0,9,45.2,Fog,Medium,Morning,Scooter,Urban,Tuesday,87.8
5.62,2.9,3.7,3,10.4,Rain,Medium,Afternoon,Scooter,Suburban,Thursday,33.2
4.56,3.7,4.1,4,25.7,Clear,Medium,Afternoon,Bike,Suburban,Saturday,43.3
4.33,3.3,4.3,4,19.8,Clear,High,Afternoon,Bike,Urban,Thursday,48.1
8.44,4.0,4.6,3,17.3,Clear,Medium,Evening,Car,Rural,Saturday,48.0
2.99,4.1,4.4,6,18.7,Clear,Low,Afternoon,Scooter,Suburban,Saturday,26.9
10.08,4.7,4.5,6,8.5,,Medium,Evening,Bike,Suburban,Tuesday,44.9
2.48,1.5,3.9,3,17.1,Clear,High,Evening,Bike,Urban,Monday,42.8
4.04,2.1,3.4,3,12.6,Rain,High,Afternoon,Bike,Urban,Friday,51.2
3.85,3.4,3.5,4,11.8,Cloudy,Low,Afternoon,Car,Urban,Wednesday,25.4
5.24,2.4,4.0,11,35.7,Cloudy,Medium,Evening,Car,Suburban,Sunday,60.6
3.83,2.9,3.9,6,21.6,Fog,Medium,Evening,Scooter,Urban,Saturday,47.2
3.39,3.2,4.1,5,11.6,Rain,High,Afternoon,Scooter,Suburban,Thursday,37.5
7.06,2.7,4.4,7,21.2,Fog,High,Afternoon,Car,Urban,Friday,76.0
4.66,2.4,4.4,3,,Rain,High,Evening,Bike,Suburban,Saturday,53.6
4.34,1.7,3.3,4,12.0,Cloudy,Medium,Evening,Bike,Suburban,Sunday,34.0
2.61,2.7,5.0,3,11.8,Clear,High,Morning,Scooter,Suburban,Thursday,33.8
3.05,2.3,4.3,5,20.5,Clear,Medium,Afternoon,Bicycle,Suburban,Sunday,38.6
11.09,5.0,4.3,8,29.4,Rain,Medium,Night,Scooter,Rural,Thursday,67.9
7.52,4.4,4.1,4,15.1,Clear,High,Morning,Scooter,Urban,Monday,55.7
9.19,1.5,4.0,6,22.5,Fog,High,Evening,Car,Suburban,Friday,82.5
7.98,7.6,4.6,3,15.7,Clear,Medium,Morning,Bike,Rural,Saturday,47.1
13.21,2.4,3.8,1,10.5,Rain,Medium,Afternoon,Bike,Urban,Sunday,58.1
3.25,1.2,4.3,3,9.4,Clear,High,Afternoon,Scooter,Urban,Monday,38.2
8.87,2.2,4.7,3,12.7,Fog,Low,Morning,Bicycle,Rural,Thursday,65.4
8.49,1.0,4.2,3,13.3,Clear,Low,Night,Bike,Urban,Friday,35.7
4.47,1.1,4.3,2,6.5,Clear,Medium,Afternoon,Scooter,Urban,Sunday,26.3
2.68,12.9,3.6,3,5.0,Rain,Low,Night,Car,Urban,Friday,20.8
3.95,4.9,4.5,3,24.8,Clear,Medium,Afternoon,Car,Urban,Tuesday,41.3
1.81,1.4,4.3,5,26.8,Clear,High,Evening,,Urban,Saturday,53.0
3.54,0.8,4.1,7,20.0,Fog,High,Night,Bike,Urban,Friday,57.6
7.61,2.9,4.4,4,28.5,Rain,High,Evening,Bike,Rural,Sunday,78.9
1.81,0.7,3.7,5,11.8,Clear,High,Morning,Bike,Urban,Saturday,42.8
4.76,2.8,4.8,3,9.0,Cloudy,Medium,Evening,Bike,Urban,Monday,34.3
5.56,3.9,5.0,9,24.3,Clear,Low,Afternoon,Car,Rural,Sunday,46.6
1.66,,3.9,3,11.5,Clear,Medium,Night,Car,Suburban,Thursday,24.7
2.22,1.4,4.6,3,30.9,Cloudy,Medium,Afternoon,Car,Urban,Sunday,49.0
2.96,3.6,4.1,9,20.4,Clear,Low,Afternoon,Bike,Urban,Tuesday,24.5
5.85,5.8,3.7,2,22.4,Cloudy,Medium,Morning,Bike,Suburban,Saturday,44.1
2.88,2.4,4.6,6,14.0,Clear,High,Evening,Car,Suburban,Wednesday,44.1
9.85,1.3,,1,10.0,Rain,Low,Night,Bike,Urban,Monday,49.6
2.46,2.3,4.4,7,23.8,Cloudy,High,Morning,Bike,Urban,Sunday,55.8
0.57,1.5,4.9,5,14.9,Clear,High,Evening,Bike,Suburban,Wednesday,38.9
1.74,15.0,4.4,5,15.6,Fog,High,Night,Bike,Suburban,Monday,39.4
4.71,5.2,4.2,5,12.2,Rain,Medium,Morning,Bike,Urban,Saturday,42.4
1.8,4.5,3.8,4,22.3,Clear,High,Morning,Bike,Suburban,Thursday,43.9
2.4,0.8,3.8,6,22.6,Storm,Medium,Evening,Car,Suburban,Friday,50.9
8.44,2.5,4.1,3,11.1,Clear,Medium,Evening,Bike,Suburban,Sunday,43.3
10.12,2.3,4.0,5,14.3,Clear,High,Morning,Scooter,Suburban,Thursday,68.2
1.22,1.9,4.4,3,12.8,Clear,High,Evening,Scooter,Suburban,Monday,30.9
3.36,6.2,3.7,5,13.6,Clear,Medium,Afternoon,Scooter,Urban,Friday,29.5
4.63,11.1,3.9,3,19.2,Rain,High,Night,Scooter,Urban,Friday,48.9
7.27,1.9,4.1,6,20.1,Cloudy,Medium,Evening,Bike,Suburban,Tuesday,45.4
2.86,0.5,4.2,4,11.9,Fog,Low,Evening,Bike,Suburban,Thursday,30.1
4.61,2.0,4.2,4,31.8,Clear,Medium,Afternoon,Scooter,Urban,Wednesday,49.3
8.11,6.1,4.1,2,16.9,Clear,Medium,Afternoon,Bicycle,Urban,Monday,49.8
4.04,5.2,3.9,4,13.9,Clear,Low,Afternoon,Bike,Suburban,Wednesday,22.4
0.5,3.1,4.4,3,11.8,Clear,Low,Morning,Scooter,Suburban,Sunday,23.3
3.34,4.5,4.6,4,13.0,Fog,Medium,Evening,Bicycle,Urban,Wednesday,52.1
2.09,2.4,4.3,3,7.8,Rain,High,Morning,Car,Urban,Tuesday,52.4
2.21,1.9,3.9,3,8.9,Rain,High,Afternoon,Car,Urban,Sunday,40.7
6.5,1.6,3.4,4,15.3,Rain,Medium,Morning,Scooter,Rural,Wednesday,49.6
0.5,3.0,4.8,1,14.3,Clear,High,Afternoon,Car,Suburban,Sunday,30.0
9.68,2.1,4.1,2,15.4,Clear,High,Morning,Scooter,Urban,Sunday,72.9
7.57,1.4,4.7,4,11.8,Clear,Medium,Evening,Scooter,Urban,Thursday,38.5
10.63,3.4,4.8,5,13.0,Rain,Low,Evening,Car,Suburban,Wednesday,50.4
13.85,2.2,4.5,3,23.0,Clear,,Morning,Bike,Urban,Monday,91.7
8.57,6.2,4.5,2,12.1,Clear,Medium,Evening,Bicycle,Rural,Tuesday,56.3
2.65,3.9,4.5,4,18.5,Cloudy,High,Evening,,Urban,Tuesday,53.0
5.4,9.1,4.1,4,18.4,Clear,Medium,Afternoon,Scooter,Urban,Thursday,35.5
5.56,4.1,3.7,3,10.8,Cloudy,High,Evening,Bike,Urban,Wednesday,47.8
2.64,2.9,4.5,2,26.6,Clear,High,Afternoon,Car,Urban,Saturday,53.3
2.59,5.6,3.6,4,50.8,Cloudy,Medium,Morning,Bike,Suburban,Wednesday,80.5
3.71,8.5,4.0,8,26.3,Clear,Medium,Afternoon,Scooter,Suburban,Thursday,35.9
2.44,0.7,3.9,3,18.6,Fog,Medium,Morning,Bike,Urban,Monday,45.2
5.6,5.6,4.4,3,22.4,Rain,High,Evening,Car,Urban,Tuesday,57.5
1.44,3.0,4.2,4,24.1,Clear,High,Night,Bicycle,Suburban,Saturday,44.4
6.45,4.2,3.9,4,17.9,Rain,High,Evening,Bike,Suburban,Friday,56.0
9.04,8.9,4.0,4,20.9,Rain,Medium,Evening,Car,Urban,Wednesday,54.8
10.23,3.2,4.9,5,18.3,Cloudy,High,Evening,Car,Urban,Friday,80.8
15.19,1.3,3.9,7,20.3,Fog,Medium,Night,Bike,Suburban,Thursday,67.2
5.66,0.9,4.1,3,27.9,Rain,High,Afternoon,Bike,Urban,Sunday,65.8
1.23,8.7,4.4,5,20.8,Clear,High,Morning,Bike,Suburban,Wednesday,36.8
4.27,3.9,4.2,3,20.4,Clear,High,Evening,Car,Urban,Friday,54.2
13.14,3.2,4.4,3,18.2,Clear,High,Afternoon,Scooter,Urban,Tuesday,77.3
10.03,8.1,4.6,3,18.1,Cloudy,Low,Afternoon,Bike,Suburban,Thursday,35.6
3.2,1.8,4.7,5,40.0,Fog,High,Morning,Bike,Urban,Thursday,87.1
0.66,1.8,4.2,3,22.0,Cloudy,High,Evening,Scooter,Urban,Monday,43.9
5.46,9.8,4.3,4,24.7,Clear,Low,Afternoon,Bike,Urban,Friday,37.7
7.38,1.6,4.2,4,18.9,Fog,Low,Morning,Scooter,Rural,Friday,55.1
5.36,1.1,3.8,3,19.9,Rain,Medium,Morning,Bike,Suburban,Tuesday,45.4
5.8,9.7,4.2,6,28.3,Clear,High,Afternoon,Car,Urban,Sunday,58.8
9.72,5.5,3.5,3,24.3,Fog,High,Evening,,Suburban,Monday,86.0
0.73,3.0,4.3,7,15.8,Clear,High,Afternoon,Car,Urban,Sunday,30.1
7.32,12.8,3.3,2,13.0,Cloudy,High,Evening,Bike,Urban,Thursday,54.4
3.73,2.2,3.8,2,7.9,,Medium,Evening,Scooter,Urban,Tuesday,29.5
11.38,4.7,4.5,2,12.0,Fog,Low,Afternoon,Car,Urban,Monday,52.0
7.0,4.4,4.3,6,10.9,Clear,High,Evening,Scooter,Urban,Friday,48.8
7.93,8.2,4.1,2,9.5,Clear,Medium,Evening,Bike,Rural,Saturday,44.6
2.03,1.8,4.0,2,17.9,Cloudy,Medium,Evening,Bike,Urban,Friday,38.5
4.01,9.7,3.8,7,16.0,Fog,,Morning,Scooter,Suburban,Wednesday,34.4
8.5,12.0,3.9,5,19.9,Clear,High,Morning,Scooter,Suburban,Tuesday,57.6
4.03,7.3,4.4,3,13.2,Clear,Low,Night,Bicycle,Urban,Saturday,31.6
3.93,1.9,4.1,6,27.1,Fog,High,Evening,Car,Urban,Sunday,68.0
4.08,3.8,3.4,3,8.7,Rain,High,Night,Car,Urban,Wednesday,43.1
2.65,4.4,3.7,6,17.7,,High,Night,Bicycle,Urban,Saturday,50.3
1.85,,3.8,4,13.8,Clear,Medium,Morning,Scooter,Suburban,Friday,26.9
6.83,0.9,4.0,4,9.7,Cloudy,Medium,Evening,Bike,Rural,Thursday,38.5
6.38,5.2,4.0,4,9.7,Cloudy,High,Afternoon,Bike,Rural,Friday,44.5
7.55,4.0,3.7,3,16.7,Cloudy,High,Evening,Car,Urban,Monday,69.7
4.78,2.9,4.4,4,16.9,Rain,Medium,Morning,Bike,Urban,Monday,46.3
8.61,3.1,3.4,5,10.6,Clear,Medium,Afternoon,Bicycle,Urban,Friday,46.9
16.36,13.1,3.9,4,6.0,Rain,Low,Evening,Bike,Rural,Sunday,57.1
13.68,7.4,4.4,4,21.0,Clear,Medium,Evening,Bike,Urban,Thursday,62.8
12.92,0.8,4.4,7,18.3,Fog,Medium,Evening,Car,Urban,Monday,66.1
1.3,2.9,4.0,4,24.4,Clear,Medium,Afternoon,Car,Suburban,Monday,35.8
6.09,6.5,4.5,4,13.8,Clear,High,Afternoon,Car,Urban,Thursday,44.6
3.01,7.5,4.2,3,26.2,Clear,Medium,Night,Bike,Urban,Friday,38.1
2.18,4.2,4.2,2,10.9,Clear,Medium,Afternoon,Bike,Suburban,Tuesday,26.0
3.53,1.4,4.4,2,8.4,Clear,Medium,Afternoon,Scooter,Urban,Monday,29.8
10.85,1.3,4.3,3,20.2,Cloudy,High,Evening,Car,Urban,Friday,80.7
8.53,5.1,4.7,10,13.7,Fog,High,Afternoon,Bike,Urban,Tuesday,72.9
4.38,2.5,4.0,4,25.1,Cloudy,High,Evening,Scooter,Urban,Thursday,57.4
11.35,1.6,4.1,2,14.4,Cloudy,Medium,Afternoon,Bike,Rural,Saturday,54.1
5.54,0.3,4.2,2,24.2,Clear,Medium,Evening,Car,Urban,Monday,46.5
3.53,1.0,4.2,3,27.4,Rain,High,Night,Bike,Suburban,Thursday,58.7
2.43,3.9,4.9,8,19.0,Clear,Medium,Night,Bicycle,Urban,Monday,35.8
4.01,2.8,4.3,7,19.7,Clear,High,Evening,Bike,Suburban,Wednesday,46.8
11.06,8.0,3.9,4,19.6,Clear,High,Afternoon,Scooter,Rural,Sunday,76.5
11.66,1.2,3.6,7,35.3,Clear,High,Evening,,Urban,Friday,107.0
8.9,1.9,4.7,3,13.7,Cloudy,High,Evening,Bike,Rural,Monday,63.1
2.8,2.2,4.0,3,13.1,Clear,Medium,Evening,Bike,Suburban,Monday,36.5
1.95,3.6,4.3,2,22.4,Clear,High,Evening,Scooter,Suburban,Wednesday,41.9
5.41,2.2,4.1,7,14.1,Rain,Medium,Evening,Scooter,Urban,Sunday,45.1
0.76,1.8,4.5,3,7.2,Clear,High,Evening,Car,Suburban,Saturday,29.2
,4.2,3.9,5,29.1,Cloudy,High,Evening,Scooter,Urban,Friday,108.4
10.1,3.5,4.2,4,11.7,Clear,Medium,Morning,Bike,Rural,Tuesday,51.5
13.79,5.6,3.9,4,31.7,Fog,High,Afternoon,,Rural,Sunday,122.2
8.18,2.7,5.0,5,20.1,Rain,High,Evening,Bike,Urban,Saturday,71.1
8.04,7.0,3.9,4,8.7,Clear,High,Morning,Scooter,Rural,Tuesday,55.5
9.66,1.6,4.4,6,13.8,Fog,High,Evening,Bicycle,Rural,Wednesday,86.7
7.33,5.1,5.0,3,11.8,Clear,High,Evening,Car,Suburban,Thursday,55.1
3.3,6.0,4.6,4,16.2,Clear,Medium,Morning,Bike,Urban,Friday,33.8
4.44,0.4,4.1,1,22.4,Cloudy,,Evening,Bike,Urban,Wednesday,58.1
7.61,5.1,4.2,2,13.4,Rain,Medium,Evening,Scooter,Urban,Tuesday,46.7
1.3,3.0,3.8,3,12.5,Clear,Medium,Evening,Bike,Urban,Friday,28.9
9.92,3.7,4.8,6,26.4,Clear,,Afternoon,Car,Rural,Friday,75.5
3.96,7.9,4.1,4,11.0,Clear,Medium,Evening,Scooter,Urban,Thursday,32.3
0.71,3.2,4.1,2,21.5,Cloudy,Low,Afternoon,Bike,Suburban,Thursday,23.9
6.4,1.5,3.8,5,24.1,,High,Evening,Bike,Suburban,Monday,72.4
5.06,,4.0,6,21.5,Clear,Medium,Morning,Scooter,Suburban,Thursday,37.8
4.33,2.8,4.2,4,7.1,Storm,Medium,Evening,Car,Urban,Saturday,49.1
8.58,,4.6,7,20.7,Clear,Medium,Evening,Bike,Urban,Friday,53.9
7.69,3.0,4.3,2,11.5,Rain,Medium,Evening,Bike,Suburban,Sunday,44.4
8.08,5.5,4.6,1,12.1,Fog,High,Afternoon,Bike,Urban,Friday,72.6
4.0,4.2,3.3,3,8.4,Rain,High,Evening,Scooter,Urban,Saturday,49.8
3.23,3.3,4.7,4,6.7,Clear,Medium,Evening,Car,Suburban,Thursday,33.4
4.97,4.0,3.6,5,16.7,Clear,High,Afternoon,Car,Urban,Tuesday,52.9
5.95,1.6,4.4,3,17.3,Clear,Medium,Night,Bicycle,Suburban,Sunday,44.7
6.95,5.2,3.0,1,15.2,Cloudy,High,Evening,Scooter,Urban,Friday,51.9
2.18,4.3,4.2,7,16.2,Storm,Medium,Night,Car,Urban,Sunday,45.8
5.68,8.5,4.5,6,10.8,Clear,Low,Night,Bike,Suburban,Friday,18.1
9.24,2.1,3.8,2,8.2,Clear,Medium,Night,Scooter,Urban,Thursday,42.4
8.22,2.2,4.2,3,35.8,Clear,Medium,Evening,Scooter,Rural,Monday,70.7
3.98,3.8,4.5,4,12.1,Cloudy,Low,Evening,Car,Rural,Wednesday,33.0
0.5,3.2,4.4,3,23.3,Cloudy,High,Morning,Car,Urban,Friday,44.7
3.2,1.5,3.6,5,7.6,Clear,Medium,Afternoon,Bike,Urban,Sunday,32.4
1.86,1.3,,3,15.9,Rain,High,Evening,Car,Urban,Saturday,50.7
10.74,6.8,4.8,4,16.9,Clear,Medium,Afternoon,Car,Rural,Thursday,51.4
5.53,1.9,4.6,8,18.5,Cloudy,Medium,Evening,Bicycle,Suburban,Thursday,46.4
0.85,2.7,3.7,5,20.7,Clear,Medium,Morning,Scooter,Urban,Monday,34.1
8.96,1.2,3.7,4,6.1,Clear,Medium,Afternoon,Bicycle,Urban,Wednesday,49.2
2.59,12.0,4.2,3,16.0,Cloudy,Low,Afternoon,Car,Urban,Sunday,27.1
2.07,2.0,4.4,3,13.1,Cloudy,High,Afternoon,Scooter,Urban,Saturday,34.6
5.34,3.0,4.5,4,13.8,Cloudy,Medium,Morning,Scooter,Urban,Thursday,40.1
3.02,0.9,3.8,7,16.1,Rain,Medium,Morning,Car,Urban,Saturday,42.5
5.01,3.7,4.1,4,9.0,Cloudy,Medium,Evening,Car,Suburban,Monday,35.4
3.87,10.0,3.8,4,18.7,Clear,Medium,Afternoon,Scooter,Urban,Sunday,26.7
9.64,1.3,3.8,6,15.6,Fog,,Morning,Bicycle,Urban,Friday,65.5
5.09,3.8,4.3,2,12.7,Fog,High,Morning,Bike,Suburban,Monday,55.4
7.44,2.4,4.1,5,13.9,Clear,Low,Afternoon,Scooter,Rural,Friday,33.8
4.22,3.3,4.3,6,38.4,Fog,Medium,Morning,Bike,Urban,Monday,68.0
13.01,2.5,3.9,3,5.8,Rain,Medium,Evening,Scooter,Rural,Friday,59.9
2.2,1.2,4.4,4,15.8,Clear,,Evening,Bike,Urban,Wednesday,31.5
6.44,4.0,3.7,4,12.3,Cloudy,High,Morning,Bike,Suburban,Tuesday,46.3
4.39,5.7,4.0,4,12.3,Clear,High,Evening,Bike,Urban,Friday,48.4
4.49,2.5,3.7,5,8.7,Cloudy,Medium,Morning,Bike,Suburban,Thursday,31.9
1.87,6.7,4.3,6,10.7,Fog,High,Afternoon,Bike,Urban,Monday,47.1
7.6,6.8,4.8,2,19.6,Clear,Medium,Evening,Car,Rural,Saturday,48.7
7.35,5.7,4.3,2,23.8,Cloudy,Low,Afternoon,Bike,Rural,Tuesday,48.3
4.38,1.5,4.1,5,9.6,Clear,Medium,Evening,Bike,Urban,Friday,36.5
1.35,4.8,4.1,3,18.0,Cloudy,Medium,Morning,Bike,Urban,Friday,35.9
0.61,4.5,3.9,3,18.3,Rain,Low,Afternoon,Bike,Suburban,Monday,27.2
3.0,1.7,4.6,4,17.8,Clear,Medium,Afternoon,Bike,Urban,Sunday,37.6
8.46,2.3,4.3,4,16.1,Cloudy,High,Afternoon,Bicycle,Suburban,Thursday,68.8
6.06,3.3,3.5,2,21.1,Clear,Low,Night,Scooter,Suburban,Tuesday,34.5
4.06,2.2,,2,9.2,Rain,Medium,Morning,Bike,Urban,Thursday,39.1
1.98,3.0,3.8,4,11.2,Rain,Medium,Evening,Scooter,Urban,Friday,38.6
,8.7,3.9,6,20.1,Rain,High,Evening,Bike,Rural,Monday,70.7
2.57,1.8,4.3,3,19.8,Clear,High,Evening,Scooter,Urban,Wednesday,45.7
3.66,1.8,3.9,3,15.2,Cloudy,High,Afternoon,Bicycle,Suburban,Thursday,45.0
1.66,6.5,5.0,3,15.7,Cloudy,High,Afternoon,Bike,Urban,Friday,34.4
5.75,3.5,4.1,1,20.8,Rain,Low,Afternoon,Bike,Urban,Wednesday,39.0
5.65,3.8,4.4,1,23.5,Cloudy,High,Evening,Scooter,Urban,Wednesday,57.1
2.97,2.8,3.6,5,36.5,Rain,High,Afternoon,Bike,Urban,Tuesday,68.1
3.83,2.8,3.9,5,11.5,Clear,Medium,Night,Bike,Suburban,Wednesday,29.2
3.77,3.1,4.1,5,11.6,Clear,High,Evening,Scooter,Urban,Friday,42.9
5.39,3.8,4.5,2,,Storm,Medium,Afternoon,Scooter,Suburban,Wednesday,72.1
2.14,5.7,3.7,3,16.0,Clear,Medium,Evening,,Suburban,Tuesday,26.0
17.73,1.6,4.6,3,19.8,Fog,Low,Afternoon,Car,Urban,Wednesday,69.5
1.34,1.9,4.2,4,13.1,Cloudy,Medium,Night,Bike,Urban,Friday,24.4
2.17,6.5,4.3,6,24.2,Fog,,Morning,Bike,Suburban,Friday,58.3
4.86,3.6,3.9,5,9.5,Cloudy,High,Night,Car,Suburban,Wednesday,36.5
11.77,2.5,3.8,6,11.0,Rain,High,Evening,Scooter,Urban,Friday,81.9
2.79,4.1,3.3,4,,Rain,High,Evening,Scooter,Urban,Friday,61.7
1.92,2.3,4.3,3,21.8,Cloudy,Medium,Afternoon,Scooter,Suburban,Monday,32.9
3.42,6.3,4.4,2,11.3,Clear,High,Evening,Scooter,Urban,Wednesday,35.0
6.57,2.0,4.0,2,21.2,Clear,Low,Afternoon,Car,Suburban,Tuesday,39.2
6.79,2.2,3.5,3,15.1,Clear,Medium,Evening,Scooter,Urban,Saturday,40.2
6.04,2.5,3.9,4,9.6,Fog,High,Morning,Bike,Suburban,Tuesday,61.5
12.59,4.5,4.3,1,15.4,Clear,Medium,Afternoon,Car,Urban,Wednesday,53.6
6.82,6.8,4.2,2,14.5,Rain,Medium,Afternoon,Bike,Suburban,Thursday,44.5
7.73,4.8,4.4,2,10.3,Cloudy,High,Afternoon,Car,Urban,Thursday,61.4
8.24,5.7,3.5,6,12.1,Clear,Low,Afternoon,Bike,Urban,Saturday,36.9
1.74,0.9,4.0,3,22.4,Storm,High,Evening,Scooter,Urban,Wednesday,65.6
3.73,0.9,4.1,7,19.7,Clear,High,Afternoon,Car,Suburban,Wednesday,51.6
2.2,1.2,4.4,6,18.5,Cloudy,High,Evening,Scooter,Urban,Friday,40.3
2.37,3.2,3.9,6,10.9,Cloudy,High,Morning,Bike,Urban,Friday,39.1
3.18,2.4,4.4,5,14.3,Clear,Medium,Evening,Scooter,Suburban,Sunday,32.2
5.3,1.2,3.8,5,18.5,Clear,Medium,Evening,Car,Urban,Friday,48.0
11.41,0.2,4.2,7,12.8,Rain,High,Afternoon,Bicycle,Urban,Thursday,86.9
6.38,4.7,4.0,3,23.9,Clear,High,Evening,Scooter,Suburban,Monday,56.7
5.64,7.5,4.0,4,30.9,Rain,High,Night,Bike,Suburban,Sunday,59.9
3.23,5.8,5.0,5,22.0,Cloudy,High,Evening,Bike,Suburban,Friday,43.9
12.16,3.0,4.0,3,21.0,Clear,Low,Afternoon,Scooter,Urban,Tuesday,52.1
1.26,3.8,4.0,7,19.4,Clear,Medium,Afternoon,Bike,Urban,Thursday,29.9
6.93,2.0,3.6,4,24.2,Clear,High,Evening,Car,Suburban,Friday,61.9
0.67,3.3,4.5,2,18.3,Rain,Medium,Afternoon,Scooter,Urban,Tuesday,30.6
4.61,3.1,3.9,4,18.4,Cloudy,Medium,Evening,Bike,Suburban,Saturday,44.5
8.3,4.3,4.1,5,21.3,Clear,Low,Afternoon,Bike,Urban,Friday,43.3
10.15,1.9,3.8,3,14.1,Cloudy,High,Evening,Bike,Rural,Tuesday,73.7
9.78,11.8,4.3,4,,Cloudy,Medium,Morning,Scooter,Suburban,Sunday,70.6
1.97,1.3,4.5,6,11.2,Cloudy,High,Morning,Scooter,Urban,Sunday,39.7
0.5,3.8,4.6,3,20.4,Clear,Low,Night,Bike,Urban,Tuesday,21.1
1.35,5.2,4.1,6,10.8,Clear,Medium,Evening,Scooter,Urban,Thursday,22.8
3.3,,3.9,2,13.7,Clear,Medium,Evening,Bike,Urban,Sunday,38.2
5.32,0.8,3.9,3,17.6,Rain,Medium,Night,Scooter,Suburban,Wednesday,44.4
2.54,5.2,4.2,4,14.0,Cloudy,Medium,Afternoon,Car,Urban,Sunday,36.6
4.63,12.0,4.2,6,18.9,Clear,Medium,Afternoon,Bike,Urban,Tuesday,34.9
6.08,0.6,4.4,4,7.5,Clear,High,Morning,Bike,Urban,Friday,48.4
2.08,11.9,3.8,3,15.4,Rain,Low,Afternoon,Car,Suburban,Friday,21.4
2.14,5.4,4.2,7,15.4,Clear,Medium,Morning,Bike,Urban,Wednesday,34.1
1.1,3.2,3.8,2,16.8,Cloudy,Medium,Night,Scooter,Urban,Friday,29.6
12.97,5.8,4.1,2,13.2,Clear,High,Morning,Car,Rural,Monday,85.3
9.93,6.9,4.7,8,12.1,Clear,High,Morning,Scooter,Urban,Tuesday,64.4
4.6,2.9,4.1,4,15.4,Cloudy,Medium,Afternoon,Bicycle,Urban,Tuesday,40.8
6.8,14.1,3.8,2,10.1,Clear,High,Morning,Scooter,Rural,Monday,46.5
11.06,11.7,4.3,3,16.1,Cloudy,High,Morning,Scooter,Urban,Monday,71.2
6.82,2.1,4.5,4,11.1,Clear,High,Evening,Bike,Rural,Wednesday,53.8
1.16,4.1,3.9,3,12.0,,Medium,Afternoon,Bike,Suburban,Tuesday,17.6
2.09,1.4,3.6,3,13.2,Cloudy,High,Evening,Scooter,Suburban,Monday,45.2
1.88,1.1,3.8,4,23.3,Clear,Medium,Night,Bike,Urban,Tuesday,33.6
1.52,2.6,4.0,2,10.6,Cloudy,Medium,Evening,Scooter,Urban,Saturday,24.4
2.51,,4.7,5,12.6,Rain,High,Evening,Bike,Urban,Monday,42.0
4.34,1.7,3.6,6,12.9,Fog,High,Afternoon,Bike,Urban,Friday,52.5
6.88,5.7,3.5,4,14.1,Clear,High,Morning,Scooter,Urban,Monday,60.8
3.47,4.2,4.3,4,35.8,Clear,Medium,Afternoon,Scooter,Suburban,Monday,49.0
3.49,3.4,3.9,5,20.7,Clear,Low,Night,Bike,Suburban,Thursday,32.1
3.4,1.9,3.8,5,33.0,Fog,Medium,Evening,Car,Urban,Wednesday,63.1
1.16,2.0,4.4,3,13.7,Clear,Low,Afternoon,Bike,Suburban,Thursday,12.1
11.81,2.7,4.2,3,14.7,Clear,High,Afternoon,Bike,Rural,Friday,78.9
8.34,2.1,4.5,1,14.3,Rain,High,Evening,Bicycle,Suburban,Wednesday,70.4
10.72,2.5,4.4,4,18.0,Clear,Medium,Evening,Bicycle,Suburban,Tuesday,62.5
3.08,1.9,3.7,4,19.5,Cloudy,High,Evening,Bike,Suburban,Saturday,44.6
10.31,4.5,3.5,4,9.2,Cloudy,High,Evening,Bike,Urban,Tuesday,68.7
7.34,1.2,4.6,1,11.8,Cloudy,High,Evening,Car,Urban,Saturday,62.8
7.84,6.2,4.1,2,11.2,Rain,Low,Evening,Scooter,Rural,Friday,41.7
2.14,2.2,5.0,5,,Clear,High,Morning,Bike,Suburban,Wednesday,44.7
4.41,4.6,4.5,5,19.7,Cloudy,Medium,Morning,Bike,Suburban,Wednesday,37.3
9.42,3.4,4.7,1,11.3,Cloudy,Medium,Night,Bike,Rural,Wednesday,38.7
1.36,1.1,3.8,2,17.5,Clear,High,Evening,Car,Urban,Friday,46.0
4.39,6.0,4.1,3,,Fog,High,Afternoon,Scooter,Urban,Sunday,61.9
4.47,9.3,,3,20.4,Rain,High,Evening,Bike,Suburban,Wednesday,51.5
7.28,2.9,4.1,4,11.6,Fog,High,Morning,Bike,Urban,Sunday,67.2
2.7,0.7,4.2,4,17.5,Rain,High,Evening,Bike,Urban,Tuesday,49.0
2.2,4.3,4.2,2,12.0,Clear,Medium,Morning,Car,Suburban,Monday,29.8
1.09,3.5,3.9,2,13.2,Clear,Medium,Evening,Car,Suburban,Thursday,25.4
4.98,1.7,3.8,2,10.1,Clear,Medium,Afternoon,Scooter,Urban,Sunday,34.7
4.57,3.5,4.1,5,21.0,Clear,Low,Afternoon,Car,Suburban,Thursday,36.3
11.66,7.7,4.0,8,24.9,Clear,High,Morning,Bike,Urban,Saturday,80.6
12.11,6.7,3.8,4,17.6,Clear,Low,Evening,Scooter,Rural,Thursday,55.7
2.72,2.6,4.1,5,22.0,Clear,Medium,Morning,Scooter,Urban,Saturday,38.0
4.18,2.6,3.7,5,11.4,Rain,Medium,Morning,Bike,Suburban,Saturday,38.8
1.33,1.6,4.4,1,23.8,Clear,Medium,Evening,Scooter,Urban,Friday,36.6
3.07,2.7,4.4,1,10.0,Cloudy,High,Afternoon,Car,Urban,Friday,42.7
4.72,3.9,4.4,6,22.2,Rain,Medium,Afternoon,Bike,Urban,Thursday,43.6
12.01,3.8,3.8,8,16.1,Cloudy,Low,Afternoon,Scooter,Urban,Sunday,52.8
1.87,4.1,3.8,3,26.8,Clear,Medium,Evening,Car,Urban,Thursday,40.1
9.58,4.1,4.7,4,17.3,Cloudy,Low,Afternoon,Car,Suburban,Wednesday,49.2
4.94,1.9,4.1,4,19.2,Rain,High,Morning,Scooter,Suburban,Sunday,52.0
6.85,5.9,4.4,5,16.2,Rain,Low,Afternoon,Bike,Urban,Friday,39.9
4.07,6.6,3.7,6,22.2,Clear,Low,Morning,Car,Suburban,Thursday,34.6
2.36,3.5,4.0,2,21.5,Clear,Low,Afternoon,Bike,Suburban,Friday,20.2
9.24,14.4,4.6,6,27.9,Cloudy,Medium,Morning,Bike,Suburban,Wednesday,52.1
2.9,4.4,4.2,3,8.6,Clear,Medium,Morning,Bike,Urban,Thursday,29.8
6.59,1.3,4.1,1,5.0,Rain,Medium,Afternoon,Scooter,Urban,Tuesday,39.0
8.2,2.8,4.4,3,8.1,Cloudy,High,Evening,Scooter,Rural,Saturday,61.4
1.77,2.6,4.3,6,20.8,Rain,Medium,Morning,Car,Urban,Friday,43.2
0.68,0.7,4.9,2,12.7,Storm,High,Morning,Scooter,Urban,Saturday,55.1
3.74,2.8,4.2,4,17.1,Cloudy,Low,Night,Bicycle,Suburban,Wednesday,32.9
,5.8,4.4,2,9.8,Fog,Medium,Night,Scooter,Urban,Sunday,34.9
4.18,6.4,4.1,3,13.5,Cloudy,High,Evening,Scooter,Suburban,Wednesday,42.5
1.07,9.7,3.8,6,25.3,Clear,Medium,Afternoon,Bike,Urban,Wednesday,35.8
1.8,4.7,4.3,5,14.4,Rain,Medium,Afternoon,Bike,Suburban,Sunday,29.2
9.03,5.4,3.6,7,13.8,Rain,High,Morning,Scooter,Rural,Friday,71.3
7.83,2.2,4.5,3,26.7,Storm,Medium,Morning,Car,Rural,Sunday,69.5
8.69,5.0,3.6,3,,Clear,Medium,Afternoon,Bike,Rural,Friday,
7.76,4.4,3.8,5,8.4,Clear,Medium,Evening,Scooter,Rural,Tuesday,44.5
6.26,2.6,3.8,7,21.5,Rain,High,Afternoon,Bike,Urban,Wednesday,55.0
5.35,10.0,,3,22.4,Clear,High,Evening,Scooter,Rural,Saturday,54.1
10.39,1.3,3.7,4,9.8,Cloudy,High,Afternoon,Bike,Rural,Thursday,72.9
7.97,3.6,4.3,3,14.2,Cloudy,High,Afternoon,Bike,Urban,Friday,58.0
4.24,7.7,3.9,5,20.5,Clear,Medium,Evening,Bike,Urban,Tuesday,37.0
1.98,1.7,4.1,3,8.6,Clear,High,Evening,Car,Urban,Wednesday,36.1
5.59,2.3,3.9,5,13.7,Rain,Low,Afternoon,Car,Suburban,Saturday,39.6
1.07,5.6,5.0,3,14.5,Clear,Medium,Evening,Bike,Suburban,Sunday,26.7
1.91,5.6,3.5,4,20.1,Rain,High,Afternoon,Bike,Urban,Wednesday,48.2
1.16,3.1,4.3,4,9.9,Rain,Medium,Morning,Scooter,Urban,Tuesday,28.4
6.37,4.1,4.1,4,15.2,Cloudy,Medium,Evening,Bike,Urban,Monday,43.1
5.32,3.5,3.9,3,15.0,Clear,High,Morning,Car,Urban,Monday,51.6
8.61,6.0,4.3,6,16.9,Clear,Medium,Afternoon,Scooter,Rural,Saturday,47.6
4.78,6.2,3.8,2,37.7,Rain,Medium,Afternoon,Car,Urban,Thursday,60.1
,8.1,3.7,3,12.5,Clear,High,Morning,Bike,Urban,Wednesday,62.8
4.7,8.1,3.7,8,19.9,Clear,High,Morning,Bicycle,Urban,Saturday,57.5
2.64,4.2,4.2,7,26.5,Fog,Medium,Afternoon,Car,Suburban,Saturday,36.9
2.05,1.5,,5,21.9,Clear,Medium,Night,Car,Suburban,Wednesday,33.4
4.65,2.0,3.8,2,13.7,Clear,High,Evening,Bicycle,Urban,Sunday,54.3
8.64,2.2,4.3,2,17.1,Storm,Medium,Afternoon,Scooter,Urban,Thursday,57.6
1.4,3.2,4.6,4,18.1,Clear,,Morning,Bike,Urban,Tuesday,36.2
5.81,3.7,3.6,8,25.4,Clear,High,Evening,Scooter,Urban,Sunday,67.0
3.52,1.7,4.3,2,8.9,Clear,High,Morning,Car,Suburban,Tuesday,40.8
7.8,0.6,4.3,5,20.4,Rain,Medium,Afternoon,Car,Urban,Sunday,57.2
0.94,4.8,4.6,6,13.2,Fog,High,Evening,Scooter,Urban,Friday,45.0
11.68,3.4,4.0,4,25.9,Rain,Medium,Afternoon,Car,Urban,Sunday,69.4
3.48,10.4,4.7,3,10.9,Storm,Medium,Afternoon,Bike,Urban,Tuesday,35.3
0.77,2.2,4.4,5,14.3,Clear,High,Morning,Bike,Urban,Wednesday,42.1
1.37,9.3,,6,12.7,Cloudy,Medium,Morning,Scooter,Urban,Sunday,32.7
12.74,1.8,4.3,3,9.5,Clear,Medium,Afternoon,Scooter,Urban,Saturday,49.7
5.79,3.3,4.1,5,17.3,Fog,High,Evening,Bike,Urban,Sunday,65.8
3.2,3.5,4.5,4,10.9,Fog,Medium,Afternoon,Car,Urban,Wednesday,36.7
18.15,1.0,4.6,5,15.2,Clear,Medium,Evening,Scooter,Rural,Friday,69.6
4.56,4.0,3.8,4,20.8,Rain,High,Evening,Scooter,Urban,Wednesday,56.7
7.49,2.0,4.5,2,16.0,Cloudy,Medium,Morning,Bike,Urban,Wednesday,43.1
1.78,7.0,4.1,2,9.9,Clear,High,Morning,Bike,Urban,Thursday,37.7
3.1,5.5,3.9,3,16.8,Cloudy,Low,Afternoon,Scooter,Suburban,Friday,23.0
6.94,4.4,4.7,4,11.7,Storm,Low,Evening,,Rural,Thursday,52.9
2.82,2.3,4.0,4,8.4,Clear,Medium,Afternoon,Bike,Suburban,Tuesday,16.9
9.05,1.4,4.2,4,11.7,Clear,Medium,Evening,Car,Suburban,Saturday,45.1
5.68,9.0,4.1,5,10.0,Storm,High,Evening,,Suburban,Sunday,68.1
1.36,8.6,4.3,2,8.9,Clear,Medium,Evening,Car,Urban,Wednesday,25.6
3.35,2.3,4.7,5,21.0,Clear,Low,Night,Scooter,Suburban,Saturday,34.2
2.09,6.1,4.8,4,15.1,Rain,High,Evening,Bike,Suburban,Saturday,42.3
5.77,1.7,4.5,3,17.5,Cloudy,High,Evening,Car,Urban,Tuesday,55.9
2.81,2.0,3.5,4,12.4,Clear,Medium,Evening,Scooter,Urban,Friday,35.1
0.77,3.4,4.7,2,16.1,Clear,High,Evening,Bike,Urban,Sunday,38.5
5.13,4.6,4.4,5,7.1,Rain,Medium,Evening,Bike,Urban,Saturday,37.7
2.69,1.3,4.6,5,10.9,Cloudy,Medium,Night,Scooter,Suburban,Monday,30.8
9.92,0.7,4.0,4,15.1,Cloudy,Medium,Afternoon,Scooter,Urban,Friday,53.4
1.56,1.9,4.1,3,11.9,Rain,High,Evening,Car,Suburban,Saturday,48.0
8.88,3.1,4.5,6,22.0,Clear,Low,Afternoon,Bike,Rural,Friday,45.5
3.24,1.2,4.9,5,30.3,Rain,High,Evening,Bike,Urban,Monday,52.6
5.33,2.5,4.2,7,14.4,Rain,Medium,Afternoon,Bicycle,Urban,Monday,43.9
7.96,2.5,3.7,4,13.0,Fog,Medium,Evening,Bike,Suburban,Saturday,50.6
3.1,11.7,4.4,6,16.1,Clear,Medium,Evening,Bike,Suburban,Thursday,25.6
4.6,4.7,4.1,3,10.6,Clear,Medium,Night,Car,Urban,Sunday,31.9
1.01,3.9,3.7,3,12.6,Cloudy,High,Afternoon,Bicycle,Urban,Wednesday,41.0
2.23,2.8,4.1,3,16.5,Fog,High,Evening,Scooter,Suburban,Saturday,49.5
5.11,8.1,4.3,6,33.4,Storm,Medium,Evening,Bike,Rural,Monday,66.0
3.23,1.3,4.6,3,14.1,Clear,High,Night,Scooter,Urban,Saturday,39.2
6.22,5.2,4.0,6,11.1,Cloudy,Medium,Night,Car,Urban,Saturday,38.7
17.14,8.4,4.0,2,8.7,Clear,High,Evening,Car,Rural,Wednesday,98.7
2.33,5.8,4.1,4,13.6,Rain,High,Evening,Bike,Urban,Wednesday,42.2
5.75,2.1,4.8,8,20.8,Rain,Medium,Morning,Car,Urban,Sunday,57.1
9.02,1.2,4.7,3,13.6,Rain,Low,Night,Scooter,Suburban,Saturday,41.8
8.73,6.0,4.4,4,24.4,Clear,Medium,Afternoon,Bike,Urban,Friday,50.5
1.86,5.3,4.4,3,16.3,Storm,Medium,Evening,Bike,Urban,Thursday,45.8
8.4,6.8,4.0,5,21.2,Clear,Medium,Evening,Bike,Suburban,Sunday,56.0
,5.6,4.4,4,18.7,Cloudy,High,Afternoon,Bicycle,Suburban,Saturday,39.8
1.39,7.1,3.8,1,23.7,Cloudy,Medium,Morning,Scooter,Urban,Wednesday,37.4
4.15,2.7,4.3,1,14.7,Cloudy,High,Morning,Scooter,Urban,Thursday,49.0
2.85,3.6,3.4,5,13.6,Rain,High,Evening,Bike,Urban,Monday,43.5
10.44,1.4,3.5,4,30.0,Cloudy,Low,Afternoon,Car,Suburban,Saturday,55.5
0.74,,3.4,5,12.8,Clear,Medium,Morning,Scooter,Suburban,Saturday,22.6
4.2,4.4,4.9,5,16.4,Clear,Medium,Evening,Bicycle,Suburban,Wednesday,33.0
7.58,2.3,4.1,5,27.0,Cloudy,Medium,Afternoon,Scooter,Suburban,Wednesday,47.1
3.15,8.6,3.6,2,21.3,Rain,High,Evening,Car,Rural,Tuesday,58.3
2.99,5.2,5.0,4,13.5,Cloudy,Medium,Afternoon,Scooter,Suburban,Tuesday,23.8
7.45,3.8,3.9,5,27.0,Clear,High,Morning,Scooter,Urban,Sunday,69.8
9.89,1.0,4.3,4,17.8,Clear,Medium,Morning,Bicycle,Rural,Saturday,64.6
5.97,1.6,3.9,5,22.5,Rain,Low,Afternoon,Scooter,Rural,Thursday,48.9
7.97,2.0,4.5,3,13.0,Cloudy,Medium,Afternoon,Car,Urban,Monday,45.8
5.46,2.6,4.1,2,11.4,Cloudy,Medium,Evening,Bike,Urban,Monday,39.7
2.25,6.3,3.9,8,14.9,Cloudy,Medium,Afternoon,Scooter,Suburban,Friday,30.4
11.64,1.1,3.6,3,6.9,Clear,Medium,Afternoon,Car,Urban,Tuesday,46.8
3.48,11.6,3.9,2,18.2,Clear,Low,Afternoon,Car,Suburban,Wednesday,26.6
1.34,5.7,3.8,4,22.5,Clear,Low,Afternoon,Scooter,Urban,Sunday,
4.05,1.5,3.5,4,16.4,Rain,High,Night,Scooter,Urban,Friday,46.1
3.71,8.2,4.4,4,15.5,Clear,Medium,Morning,Car,Urban,Saturday,38.0
9.87,5.2,4.6,1,5.2,Clear,Low,Night,Bike,Rural,Monday,34.6
,2.2,3.9,4,16.6,Storm,High,Afternoon,Bicycle,Urban,Wednesday,72.8
1.06,5.8,3.4,4,28.5,Clear,Medium,Morning,Bike,Suburban,Sunday,40.5
3.26,1.6,4.3,6,17.1,Cloudy,Medium,Afternoon,Bike,Urban,Saturday,37.0
5.49,3.6,4.2,4,13.9,Clear,High,Morning,Car,Urban,Friday,50.6
3.95,4.9,3.8,6,16.3,Clear,Medium,Evening,Bike,Urban,Friday,30.9
2.66,1.6,4.1,5,21.3,Clear,Low,Afternoon,Bike,Urban,Tuesday,28.2
6.66,3.9,3.1,5,14.6,,High,Afternoon,Bike,Suburban,Friday,53.4
6.63,4.5,4.2,6,19.2,Cloudy,High,Evening,,Suburban,Monday,62.4
0.5,2.6,4.1,6,25.3,Rain,High,Evening,Scooter,Urban,Tuesday,48.8
4.63,2.0,4.7,3,15.2,Fog,Low,Night,Bicycle,Urban,Thursday,38.2
5.31,3.7,4.2,6,24.8,Clear,High,Night,Bike,Suburban,Monday,50.5
3.28,2.9,4.2,2,12.7,Cloudy,Medium,Evening,Bike,Suburban,Tuesday,23.0
4.35,9.1,4.9,3,17.4,Clear,Medium,Evening,Bike,Urban,Tuesday,35.7
3.47,4.9,3.8,7,15.1,Cloudy,High,Evening,Scooter,Suburban,Wednesday,45.2
5.18,2.9,3.6,10,22.1,Rain,High,Afternoon,Bike,Urban,Saturday,62.6
2.72,3.4,4.5,1,22.1,Clear,Medium,Evening,Bike,Urban,Sunday,36.4
2.8,2.1,4.5,4,21.7,Storm,High,Morning,Scooter,Suburban,Tuesday,59.0
3.49,7.0,4.6,5,18.5,Cloudy,High,Evening,Car,Suburban,Tuesday,48.9
5.27,5.2,4.1,2,15.5,Clear,Medium,Night,Scooter,Suburban,Saturday,37.0
5.73,9.5,3.9,3,22.0,Clear,High,Morning,Scooter,Urban,Tuesday,51.3
9.54,3.9,3.7,4,16.9,Cloudy,High,Evening,Scooter,Urban,Saturday,72.4
,3.0,3.8,8,23.6,Cloudy,Medium,Night,Scooter,Suburban,Monday,34.6
0.57,4.0,3.6,5,17.7,Clear,High,Morning,Car,Urban,Friday,36.4
6.63,9.2,4.0,7,24.7,Cloudy,High,Afternoon,Car,Urban,Tuesday,59.7
4.12,2.5,4.8,4,15.2,Clear,Medium,Night,Car,Suburban,Saturday,37.1
0.7,2.3,3.9,2,13.0,,High,Night,Bike,Urban,Thursday,48.9
3.44,2.8,4.2,3,13.8,Clear,High,Morning,Scooter,Urban,Tuesday,47.6
7.93,2.1,4.4,4,14.6,Cloudy,Low,Afternoon,Car,Urban,Wednesday,39.1
7.73,4.2,4.0,8,19.0,Rain,Medium,Evening,Bicycle,Rural,Thursday,57.4
4.6,2.6,4.0,3,8.7,Rain,Medium,Morning,Scooter,Urban,Sunday,38.4
2.27,7.9,4.6,1,8.1,Fog,Medium,Afternoon,Scooter,Urban,Thursday,22.2
1.65,1.5,4.2,4,8.4,Fog,High,Morning,Car,Urban,Tuesday,50.6
7.15,5.3,4.6,5,8.8,Clear,High,Morning,Bicycle,Urban,Thursday,62.8
2.48,7.3,5.0,3,14.8,Clear,Medium,Evening,Scooter,Urban,Tuesday,24.7
3.18,1.4,3.8,1,5.0,Rain,High,Evening,Bike,Suburban,Sunday,44.0
4.05,4.8,4.1,3,13.2,Clear,High,Evening,Car,Urban,Saturday,49.1
2.24,6.4,4.1,2,22.4,Rain,High,Evening,Scooter,Urban,Monday,46.6
16.7,0.9,4.0,2,10.2,Clear,Low,Afternoon,Bike,Urban,Friday,53.5
6.55,1.9,4.0,7,15.2,Fog,High,Afternoon,Bike,Urban,Friday,63.7
1.22,7.0,4.7,7,21.2,Rain,Medium,Morning,Scooter,Urban,Tuesday,36.4
7.55,7.0,4.2,6,24.5,Cloudy,Medium,Morning,Car,Suburban,Friday,49.8
4.69,3.3,5.0,4,16.8,Clear,Medium,Afternoon,Car,Suburban,Thursday,32.4
,4.0,4.0,2,16.6,Storm,High,Morning,Bike,Suburban,Thursday,61.8
3.53,5.2,4.7,5,17.4,Rain,High,Morning,Bike,Urban,Thursday,46.6
3.13,6.3,4.8,4,16.9,Rain,High,Morning,Car,Suburban,Friday,45.4
7.56,3.8,4.1,4,28.0,Rain,Medium,Evening,,Suburban,Friday,59.6
1.61,6.3,4.3,4,18.1,Clear,Medium,Evening,Scooter,Urban,Thursday,25.0
8.68,0.6,4.5,4,15.4,Clear,Medium,Night,Scooter,Urban,Friday,43.2
4.28,3.0,3.9,6,17.3,Clear,High,Evening,Bike,Suburban,Thursday,51.2
1.13,5.1,4.8,6,41.0,Cloudy,Medium,Evening,Car,Urban,Friday,53.5
0.88,4.4,3.8,2,,Cloudy,High,Morning,Bike,Urban,Tuesday,45.1
2.3,8.4,4.0,5,14.7,Clear,Medium,Evening,Car,Suburban,Thursday,28.3
2.6,1.8,4.0,2,6.1,Storm,High,Morning,Scooter,Urban,Thursday,52.4
5.13,1.7,4.2,2,24.4,Clear,Low,Afternoon,Scooter,Rural,Wednesday,40.1
5.48,9.0,4.3,6,20.1,Rain,Medium,Afternoon,Car,Urban,Monday,47.3
6.07,1.0,3.9,4,36.7,Cloudy,Medium,Afternoon,Bike,Urban,Thursday,62.1
5.85,5.7,4.1,2,34.5,Clear,Medium,Afternoon,Car,Urban,Monday,56.5
7.07,5.3,3.7,6,16.9,Clear,High,Evening,Bike,Urban,Wednesday,59.1
9.47,2.5,4.6,3,11.3,Rain,High,Evening,Bicycle,Rural,Wednesday,82.5
4.94,8.8,4.4,5,16.0,Rain,High,Evening,Bike,Suburban,Friday,47.9
11.78,3.4,4.0,2,12.6,Clear,High,Evening,Scooter,Rural,Sunday,78.7
5.53,3.7,4.1,5,16.9,Cloudy,High,Afternoon,Bike,Urban,Saturday,53.5
4.62,1.9,3.9,5,27.3,Cloudy,High,Morning,Bike,Urban,Sunday,60.9
8.9,2.1,3.8,5,14.8,Clear,Medium,Evening,Bike,Urban,Sunday,47.2
2.99,1.6,3.7,7,17.5,Cloudy,Low,Afternoon,Bike,Urban,Monday,23.2
9.19,4.8,3.8,4,11.5,Clear,Medium,Afternoon,Bike,Rural,Wednesday,48.2
4.28,4.7,4.5,5,19.2,Rain,High,Afternoon,Bike,Urban,Wednesday,52.1
4.26,0.6,4.5,4,8.6,Rain,Medium,Night,,Urban,Monday,30.4
4.15,6.7,3.6,3,8.4,Clear,Medium,Evening,Scooter,Urban,Saturday,30.1
0.99,3.2,4.4,3,14.5,Rain,Low,Afternoon,Bike,Suburban,Sunday,30.5
7.65,1.0,3.7,4,16.9,Clear,Medium,Evening,Bicycle,Urban,Friday,52.1
4.93,8.5,4.4,5,20.7,Fog,Low,Afternoon,Scooter,Suburban,Sunday,39.6
0.5,2.7,4.2,4,18.0,Cloudy,Low,Afternoon,Bike,Suburban,Friday,26.9
0.65,,4.0,4,23.2,Clear,High,Afternoon,Scooter,Suburban,Thursday,35.5
8.84,3.3,4.3,2,26.5,Rain,High,Afternoon,Scooter,Urban,Tuesday,71.6
2.57,6.4,4.7,3,20.1,,Medium,Evening,Scooter,Urban,Sunday,35.7
4.06,2.4,3.4,2,23.5,Rain,High,Morning,Car,Urban,Friday,60.4
1.71,7.5,4.6,6,36.0,Fog,High,Evening,Scooter,Suburban,Wednesday,68.4
22.04,1.6,3.8,6,35.4,Rain,Low,Afternoon,Bicycle,Rural,Monday,114.8
3.63,2.6,4.7,3,10.0,Cloudy,Medium,Evening,Car,Suburban,Saturday,32.3
2.66,0.5,4.5,3,21.8,Cloudy,High,Evening,Bicycle,Urban,Saturday,58.0
7.28,2.8,3.7,5,14.0,Clear,High,Evening,Scooter,Urban,Thursday,53.1
1.48,1.2,3.9,6,20.8,Clear,High,Evening,Scooter,Suburban,Sunday,43.8
7.95,1.4,4.3,4,10.6,Fog,High,Night,Car,Urban,Wednesday,68.9
3.37,1.3,4.5,2,8.2,Clear,High,Afternoon,Car,Urban,Sunday,39.4
6.34,,4.3,4,24.2,Clear,Medium,Evening,Bike,Suburban,Friday,41.4
4.69,3.3,4.3,6,14.3,Clear,,Evening,Bike,Urban,Saturday,54.3
3.2,5.6,3.9,3,18.8,Storm,Medium,Morning,Bike,Urban,Sunday,50.5
0.98,2.7,4.2,7,21.0,Fog,High,Afternoon,Bike,Urban,Saturday,55.4
4.24,4.9,4.1,7,18.3,Clear,High,Afternoon,Car,Urban,Wednesday,43.5
2.04,3.7,3.6,2,19.2,,Medium,Afternoon,Car,Suburban,Saturday,31.6
4.16,2.3,4.3,4,27.7,Rain,Medium,Afternoon,Bike,Urban,Thursday,48.5
6.84,6.5,4.0,2,17.2,Clear,Low,Afternoon,Scooter,Urban,Monday,33.2
5.52,2.0,4.7,7,15.4,Storm,High,Evening,,Urban,Friday,69.0
0.5,0.9,4.6,3,14.9,Fog,High,Morning,Car,Urban,Thursday,50.5
2.97,0.5,4.2,4,17.4,Rain,High,Evening,Car,Suburban,Thursday,50.8
2.35,2.4,4.6,1,18.4,Clear,High,Afternoon,Bike,Suburban,Wednesday,38.3
2.59,3.0,4.4,3,17.0,Rain,High,Evening,Bike,Urban,Monday,47.7
4.45,3.0,4.1,3,16.9,Storm,High,Morning,Bicycle,Urban,Tuesday,70.2
2.7,0.4,3.6,6,14.7,Clear,Low,Afternoon,Scooter,Urban,Saturday,25.7
,4.3,4.1,5,18.1,Fog,Medium,Morning,Car,Urban,Tuesday,45.4
1.28,,4.0,4,10.9,Clear,Medium,Evening,Bike,Urban,Friday,24.6
6.52,5.4,4.1,5,22.8,Storm,Low,Afternoon,Bike,Rural,Thursday,49.6
6.5,3.4,4.1,4,17.7,Cloudy,Medium,Night,Scooter,Urban,Tuesday,40.9
6.72,4.8,4.6,3,24.7,Clear,High,Afternoon,Bike,Urban,Wednesday,57.8
4.75,1.1,4.6,3,16.8,Cloudy,High,Evening,Car,Urban,Wednesday,63.9
0.52,5.4,4.0,3,14.5,Clear,High,Afternoon,Car,Suburban,Sunday,30.3
4.43,4.1,3.6,4,25.5,Clear,High,Evening,Bike,Urban,Sunday,57.4
12.0,2.0,3.8,6,22.7,Fog,High,Afternoon,Scooter,Rural,Wednesday,94.0
1.38,8.3,4.6,4,15.8,Clear,High,Afternoon,Car,Urban,Monday,34.1
2.77,12.1,4.5,5,12.2,Fog,Medium,Morning,Bicycle,Suburban,Friday,37.7
6.54,2.1,3.7,4,9.8,Clear,High,Morning,Bike,Suburban,Wednesday,46.0
0.6,5.7,3.6,6,14.2,Cloudy,High,Morning,Car,Urban,Thursday,39.3
2.82,3.2,3.9,5,10.1,Storm,Medium,Night,Bike,Urban,Thursday,36.2
10.92,4.7,4.8,6,9.4,Cloudy,High,Afternoon,Car,Urban,Friday,65.7
10.14,3.9,4.3,5,12.2,Fog,High,Morning,Scooter,Suburban,Wednesday,79.5
10.19,5.5,4.1,1,24.9,Storm,Medium,Night,Bike,Suburban,Sunday,63.6
2.85,0.6,4.1,5,19.5,Cloudy,Medium,Morning,Car,Urban,Thursday,41.7
8.79,4.6,3.4,2,18.1,Rain,Medium,Afternoon,Car,Urban,Wednesday,56.4
4.55,4.0,4.0,3,12.0,Clear,Medium,Evening,Car,Urban,Sunday,44.8
1.95,3.5,4.6,3,13.5,Clear,High,Night,Bike,Urban,Wednesday,37.6
2.42,7.1,4.0,4,19.0,Clear,,Evening,Car,Suburban,Monday,33.9
5.23,1.4,4.1,5,14.0,Rain,Medium,Afternoon,Car,Urban,Tuesday,40.3
0.54,5.3,4.3,5,13.5,Cloudy,Low,Night,Bike,Urban,Friday,16.6
3.46,1.9,,7,14.3,Cloudy,High,Morning,,Suburban,Friday,41.4
4.21,2.3,4.3,5,24.0,,Low,Night,Car,Suburban,Thursday,40.4
5.91,2.1,3.8,5,22.4,Clear,Medium,Evening,Scooter,Suburban,Monday,44.3
0.75,3.5,4.0,6,33.0,Fog,Medium,Night,Scooter,Urban,Tuesday,48.3
9.86,5.4,4.0,2,8.1,Clear,Medium,Afternoon,Car,Rural,Wednesday,43.8
7.1,3.3,4.0,5,13.6,Clear,High,Morning,Bike,Urban,Thursday,59.8
12.79,6.0,4.2,4,21.0,Cloudy,Medium,Evening,Car,Urban,Wednesday,64.1
1.95,2.6,4.1,3,35.1,Clear,Low,Afternoon,Scooter,Urban,Thursday,43.8
12.48,1.0,4.1,4,23.9,Rain,Medium,Afternoon,Bike,Rural,Saturday,71.2
6.84,3.9,4.2,3,8.1,Rain,High,Night,Bicycle,Urban,Friday,64.8
9.69,2.9,3.8,5,32.3,Rain,High,Evening,Car,Suburban,Friday,92.6
0.58,8.2,3.3,4,24.8,Clear,Medium,Afternoon,Bike,Suburban,Thursday,32.3
6.16,1.6,,6,42.3,Clear,Low,Afternoon,Bicycle,Suburban,Tuesday,71.1
8.62,4.3,,3,15.7,Clear,High,Morning,Bicycle,Suburban,Friday,70.0
9.98,3.3,4.3,3,20.8,Cloudy,Medium,Morning,Car,Rural,Tuesday,63.2
3.06,1.0,3.9,5,29.4,Clear,High,Morning,Bike,Urban,Friday,54.8
4.24,0.7,3.4,3,14.0,Clear,High,Evening,Bike,Urban,Thursday,44.7
8.17,0.8,4.1,3,,Rain,High,Evening,Car,Suburban,Friday,77.9
2.03,5.4,4.5,4,34.3,Fog,High,Afternoon,Car,Urban,Saturday,76.7
1.91,3.2,4.3,2,7.4,Rain,Low,Afternoon,Bike,Suburban,Wednesday,18.6
0.5,4.7,3.6,4,22.1,Clear,Medium,Evening,Scooter,Suburban,Monday,32.7
3.55,4.9,3.9,1,24.2,Cloudy,High,Evening,Bike,Urban,Sunday,50.0
1.14,9.1,4.0,4,14.4,Clear,High,Evening,Scooter,Suburban,Wednesday,36.7
3.6,6.2,4.1,5,13.9,Clear,Medium,Afternoon,Scooter,Urban,Wednesday,27.6
1.71,3.2,3.9,4,9.7,Clear,High,Evening,Bike,Suburban,Wednesday,34.2
2.51,4.5,3.5,8,15.5,Fog,Medium,Afternoon,Scooter,Urban,Thursday,35.2
2.84,1.3,4.1,4,8.6,,Medium,Afternoon,Scooter,Suburban,Thursday,24.5
7.57,1.1,4.7,4,,Clear,High,Evening,Scooter,Rural,Saturday,56.7
4.63,2.9,3.9,5,14.3,Cloudy,Low,Afternoon,Car,Urban,Friday,30.1
3.22,2.0,3.7,3,9.1,Fog,Low,Afternoon,Bike,Urban,Thursday,29.7
2.72,3.3,4.7,5,16.9,Clear,Medium,Afternoon,Bike,Urban,Saturday,33.2
2.48,2.3,4.9,6,17.5,Rain,Medium,Afternoon,Scooter,Urban,Saturday,39.4
0.87,5.9,,3,8.0,Clear,High,Afternoon,Scooter,Urban,Monday,25.7
8.18,4.4,4.2,6,18.3,Clear,Medium,Evening,Bike,Urban,Friday,54.6
4.15,2.1,4.2,5,20.3,Fog,Medium,Afternoon,Bicycle,Rural,Monday,54.4
3.93,4.9,4.5,6,,Clear,Medium,Morning,Bike,Urban,Wednesday,45.9
1.33,1.3,3.7,7,30.3,Rain,Medium,Evening,Bike,Urban,Saturday,49.8
6.06,3.1,4.1,4,24.8,Clear,Medium,Afternoon,Car,Suburban,Saturday,49.9
4.01,6.0,3.7,6,20.8,Cloudy,High,Night,Bicycle,Urban,Sunday,55.6
4.88,0.6,4.3,4,17.9,Cloudy,High,Morning,Scooter,Urban,Thursday,56.9
3.86,7.3,4.7,3,20.1,Rain,High,Evening,Bike,Rural,Monday,50.3
5.05,2.4,4.3,5,15.0,Rain,Low,Afternoon,,Suburban,Monday,26.1
0.6,6.1,3.8,3,15.4,Rain,Medium,Evening,Bike,Urban,Tuesday,33.1
2.27,2.4,4.5,4,12.3,Clear,Medium,Morning,Scooter,Suburban,Wednesday,29.3
1.44,0.9,3.9,2,12.1,Clear,High,Night,Scooter,Urban,Thursday,36.1
3.96,2.1,4.3,3,13.5,Cloudy,Medium,Afternoon,Bike,Urban,Friday,33.6
8.55,,3.9,6,9.8,Cloudy,High,Evening,Scooter,Suburban,Tuesday,64.0
5.64,3.7,3.6,5,23.6,Clear,Low,Afternoon,Car,Urban,Tuesday,40.2
9.73,6.2,3.9,5,16.6,Fog,Medium,Morning,Bike,Urban,Tuesday,56.0
6.12,2.5,3.1,5,22.3,Clear,High,Afternoon,Bike,Rural,Saturday,61.6
6.15,1.8,3.7,7,15.4,Clear,Low,Afternoon,Car,Urban,Wednesday,33.3
7.47,5.9,5.0,2,12.9,Fog,High,Afternoon,Bike,Urban,Tuesday,65.5
7.41,3.2,3.1,4,15.9,Cloudy,Medium,Evening,Bike,Urban,Thursday,45.8
1.22,4.1,3.6,3,15.3,Rain,Low,Afternoon,Bike,Suburban,Tuesday,26.8
1.91,4.3,4.8,6,14.5,Clear,Medium,Morning,Scooter,Suburban,Wednesday,26.0
11.58,0.6,3.8,8,24.4,Clear,Medium,Morning,Scooter,Rural,Saturday,65.7
9.81,,4.0,2,6.6,Cloudy,Medium,Morning,Scooter,Urban,Wednesday,41.5
1.8,1.4,4.1,5,21.7,Clear,High,Morning,Bike,Suburban,Tuesday,45.0
2.03,0.7,,2,,Rain,Medium,Evening,Scooter,Urban,Tuesday,35.4
5.6,2.2,4.5,2,21.5,Clear,Medium,Morning,Bike,Urban,Monday,42.6
2.72,2.8,4.1,2,5.9,Clear,High,Evening,Car,Urban,Sunday,38.9
7.19,7.8,3.9,3,12.8,Clear,Medium,Morning,Bicycle,Suburban,Friday,46.5
5.93,5.2,4.5,4,17.4,Clear,Medium,Morning,Scooter,Urban,Thursday,41.1
7.86,0.7,3.6,3,13.7,Clear,High,Evening,Bike,Suburban,Friday,65.7
3.04,4.0,4.2,3,6.4,Rain,High,Afternoon,Car,Urban,Tuesday,33.4
,3.1,3.8,3,8.7,Cloudy,High,Afternoon,Bike,Urban,Wednesday,33.6
4.35,1.5,3.7,7,21.7,Clear,High,Night,Bike,Rural,Wednesday,52.9
9.65,4.9,4.9,7,16.9,Cloudy,Medium,Night,Bicycle,Suburban,Saturday,56.0
1.28,7.7,4.2,6,22.1,Clear,Medium,Evening,Bike,Urban,Saturday,34.0
1.14,3.4,4.5,3,16.6,Clear,High,Morning,Bike,Suburban,Wednesday,35.3
4.18,2.5,4.0,2,12.0,Fog,High,Evening,Scooter,Urban,Saturday,57.3
2.56,3.5,3.8,2,9.8,Rain,,Night,Scooter,Suburban,Monday,
7.51,4.0,3.0,4,27.9,Cloudy,Low,Night,Scooter,Urban,Tuesday,51.2
1.05,10.4,4.0,4,17.3,Clear,Medium,Morning,Bike,Urban,Monday,28.8
3.28,1.9,3.5,7,17.6,Clear,High,Afternoon,Car,Urban,Tuesday,45.5
0.71,1.9,4.2,5,30.4,Rain,High,Afternoon,Bike,Urban,Tuesday,53.1
2.9,5.8,3.7,4,,Cloudy,Medium,Morning,Bicycle,Urban,Sunday,43.6
4.11,2.3,4.3,3,30.4,Cloudy,High,Evening,Bike,Urban,Wednesday,60.0
10.14,0.5,4.9,3,21.7,Storm,Low,Afternoon,Bike,Rural,Wednesday,60.6
3.46,7.8,5.0,6,22.7,Clear,High,Afternoon,Scooter,Urban,Monday,45.5
5.97,7.5,4.3,7,20.6,Rain,High,Morning,Bike,Urban,Monday,62.5
1.72,1.2,4.1,2,18.0,Cloudy,Medium,Afternoon,Scooter,Urban,Tuesday,29.7
4.96,3.4,3.9,7,11.5,Clear,High,Morning,Bike,Suburban,Monday,47.8
3.37,0.7,3.9,5,11.1,Clear,Low,Afternoon,Scooter,Urban,Wednesday,24.7
2.93,5.5,3.8,3,8.6,Cloudy,Medium,Morning,Bike,Urban,Tuesday,28.9
5.34,5.3,4.7,5,,Clear,Medium,Night,Scooter,Suburban,Tuesday,32.1
4.34,3.2,4.0,5,18.7,Rain,High,Morning,Bike,Urban,Friday,54.2
9.79,6.4,5.0,2,17.7,Rain,Low,Afternoon,Bike,Rural,Sunday,49.0
12.34,0.8,,4,20.8,Cloudy,Medium,Morning,Bike,Urban,Monday,58.7
3.34,3.8,4.1,2,5.1,Cloudy,High,Morning,Car,Suburban,Friday,36.8
1.18,0.5,3.7,4,21.5,Cloudy,High,Morning,Car,Urban,Friday,48.5
1.76,1.5,4.4,6,20.2,Cloudy,High,Morning,Bike,Suburban,Friday,39.7
9.6,0.7,4.1,9,23.3,Rain,High,Morning,Bike,Suburban,Friday,77.9
2.85,8.5,4.1,5,14.4,Clear,Medium,Afternoon,Bike,Urban,Thursday,25.6
5.95,6.2,4.0,4,9.5,Storm,Medium,Evening,Bike,Urban,Sunday,44.4
3.63,0.6,4.4,3,13.1,Clear,Medium,Morning,Scooter,Urban,Tuesday,37.6
1.51,4.0,4.4,5,28.7,Clear,Medium,Afternoon,Bike,Urban,Thursday,37.6
8.11,0.6,4.5,2,8.5,Rain,Medium,Evening,Bicycle,Rural,Friday,51.7
2.16,5.0,3.8,4,13.3,Clear,High,Morning,Car,Suburban,Sunday,42.0
2.38,5.8,4.3,5,22.6,Clear,High,Afternoon,Bike,Suburban,Thursday,37.8
10.55,5.1,4.0,6,10.9,Clear,Medium,Morning,Bike,Rural,Sunday,47.4
0.84,3.9,4.7,6,25.9,Rain,High,Morning,Bike,Suburban,Friday,46.7
5.85,2.8,4.2,4,6.6,Cloudy,Low,Afternoon,Bike,Suburban,Friday,30.2
2.61,3.8,4.3,5,15.4,Clear,Medium,Night,Scooter,Urban,Saturday,29.8
6.4,1.6,4.0,2,17.8,Cloudy,Medium,Night,Bike,Urban,Saturday,42.5
6.24,4.0,3.8,2,24.3,Clear,High,Night,Bike,Urban,Thursday,58.2
3.25,2.5,4.2,6,,Storm,High,Afternoon,Bike,Urban,Saturday,58.0
4.11,0.7,4.6,6,23.8,Clear,High,Morning,,Urban,Monday,57.4
4.99,1.4,3.9,4,17.6,Cloudy,Medium,Afternoon,Bike,Urban,Sunday,41.1
2.83,5.8,4.7,5,21.7,Cloudy,Medium,Morning,Bicycle,Urban,Saturday,46.6
0.66,0.8,4.4,5,18.3,Cloudy,High,Morning,Bike,Urban,Friday,36.1
4.28,3.5,3.4,5,19.0,Fog,Medium,Morning,Bike,Urban,Monday,48.0
7.44,2.4,3.8,7,28.2,Clear,Medium,Afternoon,Scooter,Urban,Wednesday,47.5
2.09,1.3,5.0,3,14.4,Rain,High,Afternoon,Scooter,Urban,Tuesday,39.3
6.64,6.5,4.1,4,19.4,Cloudy,High,Morning,Scooter,Urban,Tuesday,56.3
1.34,7.2,3.8,4,8.6,Cloudy,High,Evening,Scooter,Suburban,Friday,28.6
3.08,0.9,,5,20.7,Clear,Medium,Afternoon,Bike,Suburban,Sunday,34.9
3.44,3.6,4.1,4,9.4,Clear,Medium,Evening,Bike,Urban,Friday,34.6
3.71,2.7,4.5,3,9.3,Clear,Medium,Afternoon,Bike,Urban,Wednesday,20.6
1.84,3.5,4.0,4,22.0,Clear,Medium,Afternoon,Scooter,Urban,Sunday,36.2
1.36,14.4,,5,21.0,Fog,High,Morning,Scooter,Urban,Saturday,49.4
3.17,2.4,3.3,5,11.7,Rain,High,Afternoon,Scooter,Urban,Friday,41.0
9.79,1.7,3.8,5,12.8,Clear,High,Morning,Bicycle,Rural,Wednesday,78.6
2.07,3.0,3.9,4,10.7,Cloudy,Medium,Morning,Scooter,Urban,Friday,30.3
3.37,4.1,4.3,5,29.1,Rain,High,Evening,Car,Urban,Wednesday,63.6
12.35,2.3,4.3,4,23.6,Clear,Low,Afternoon,Scooter,Suburban,Tuesday,48.6
4.53,13.6,4.7,4,10.8,Clear,High,Morning,Scooter,Urban,Friday,37.4
3.16,1.6,3.7,3,16.9,Rain,High,Night,Scooter,Urban,Friday,40.8
3.61,5.1,4.2,1,11.8,Clear,Medium,Morning,Bike,Urban,Wednesday,34.6
16.05,8.1,4.2,6,12.8,Cloudy,Medium,Evening,Bike,Rural,Sunday,65.5
5.57,0.3,3.8,1,11.1,Clear,Medium,Afternoon,Scooter,Urban,Saturday,31.4
2.16,4.4,4.5,2,14.7,Clear,High,Afternoon,Bike,Suburban,Friday,37.0
5.91,1.7,4.8,2,7.7,Rain,High,Afternoon,Bike,Suburban,Monday,46.2
1.61,1.4,4.2,6,14.2,Rain,High,Morning,Car,Urban,Monday,46.8
4.01,2.8,4.0,7,28.1,Storm,Medium,Evening,Scooter,Suburban,Friday,53.4
8.28,7.8,4.7,5,24.4,Clear,High,Morning,Bike,Urban,Saturday,65.6
4.04,6.0,4.3,3,17.3,Rain,High,Morning,Bike,Urban,Thursday,48.6
1.51,0.7,3.7,1,13.7,Fog,Medium,Afternoon,Car,Urban,Monday,45.5
6.08,5.9,4.1,5,14.5,Cloudy,Medium,Night,Bicycle,Rural,Tuesday,44.8
8.24,1.7,4.0,5,22.0,Storm,High,Evening,Scooter,Urban,Tuesday,88.5
2.04,7.0,3.8,3,9.1,Storm,Low,Night,Bike,Urban,Friday,31.4
11.48,0.4,3.8,4,16.3,Rain,,Evening,Bike,Rural,Thursday,91.5
8.54,4.6,3.9,5,7.7,Storm,High,Evening,Bike,Urban,Monday,77.4
7.58,1.5,4.5,2,11.3,Cloudy,High,Afternoon,Car,Rural,Thursday,58.0
3.89,5.9,4.0,5,18.5,Cloudy,Medium,Night,Scooter,Suburban,Saturday,32.8
2.18,9.1,4.2,1,28.6,Fog,Medium,Afternoon,Car,Urban,Thursday,43.1
2.4,2.9,4.5,5,19.2,Rain,High,Afternoon,Bike,Suburban,Tuesday,45.0
3.14,2.1,4.0,4,,Clear,High,Evening,Car,Suburban,Friday,51.0
5.94,2.6,3.7,7,29.4,Clear,High,Afternoon,Scooter,Urban,Sunday,64.1
18.45,3.1,4.5,6,16.4,Clear,High,Morning,Bike,Rural,Monday,106.5
6.98,4.5,4.0,2,8.8,Rain,Medium,Afternoon,Scooter,Rural,Tuesday,47.7
,0.8,4.8,3,11.9,Clear,High,Afternoon,Scooter,Rural,Friday,66.5
7.28,,4.5,5,20.1,Clear,High,Evening,Car,Suburban,Wednesday,60.3
3.84,3.5,4.4,2,12.0,Cloudy,Low,Afternoon,Scooter,Urban,Sunday,24.5
3.73,3.1,4.2,4,21.9,Clear,High,Evening,Bicycle,Urban,Friday,60.6
1.05,1.1,4.6,4,18.0,Storm,High,Afternoon,Bike,Urban,Tuesday,52.8
4.28,6.8,4.2,2,9.4,Cloudy,High,Evening,Bike,Urban,Sunday,44.0
3.61,1.9,3.3,5,15.1,Clear,High,Morning,Bike,Suburban,Friday,43.0
2.9,10.4,4.1,3,24.4,Clear,High,Night,Bike,Suburban,Thursday,36.7
4.77,4.4,4.4,7,19.0,Rain,High,Afternoon,Car,Urban,Tuesday,54.7
1.72,5.6,3.8,6,,Cloudy,High,Afternoon,Bike,Urban,Friday,49.8
2.01,3.8,5.0,2,8.7,Cloudy,High,Afternoon,Bike,Suburban,Sunday,30.5
4.34,2.1,4.1,5,,Clear,High,Afternoon,Bike,Urban,Monday,84.8
14.74,3.7,4.4,4,16.4,Fog,Medium,Afternoon,Car,Rural,Wednesday,68.8
3.32,2.8,4.6,6,25.1,Rain,High,Evening,Bicycle,Suburban,Sunday,60.1
3.85,0.9,,4,29.7,Rain,High,Night,,Urban,Wednesday,62.4
3.76,1.0,4.1,5,26.7,Cloudy,Medium,Evening,Bike,Urban,Monday,45.9
,2.4,4.3,2,13.8,Storm,Medium,Afternoon,Scooter,Suburban,Monday,31.1
3.03,4.6,4.1,2,20.4,Rain,Medium,Afternoon,Bike,Urban,Friday,36.7
4.2,2.4,4.1,6,29.2,Clear,High,Evening,Bicycle,Suburban,Friday,59.0
4.14,2.5,3.7,2,21.0,Storm,High,Evening,Bike,Urban,Monday,71.8
5.03,4.7,4.1,6,12.6,Fog,Medium,Afternoon,Bicycle,Urban,Tuesday,44.5
1.6,2.4,3.7,2,19.8,Rain,High,Night,Car,Urban,Friday,49.4
2.32,13.0,4.1,5,18.3,Rain,Low,Afternoon,Scooter,Suburban,Friday,22.2
4.8,1.9,4.0,2,12.4,Clear,Medium,Evening,Car,Rural,Tuesday,40.2
12.61,5.8,4.3,4,27.2,Cloudy,Medium,Night,Bike,Rural,Thursday,63.4
2.73,3.4,3.6,2,7.9,Clear,High,Evening,Bike,Urban,Friday,34.8
4.5,15.0,3.8,2,21.2,Cloudy,High,Morning,Bike,Suburban,Monday,47.3
3.7,2.3,3.8,4,15.9,Clear,High,Evening,Bike,Urban,Tuesday,41.2
0.5,5.2,4.1,5,26.0,Clear,Medium,Morning,Car,Urban,Sunday,38.5
5.62,3.1,4.1,6,15.6,Fog,Medium,Evening,Scooter,Rural,Sunday,49.8
3.58,,4.6,4,22.4,Clear,High,Afternoon,Car,Urban,Wednesday,49.0
8.76,3.3,4.2,9,16.2,Rain,High,Evening,Car,Rural,Saturday,78.9
5.1,2.3,4.2,2,15.7,Clear,Medium,Night,Bike,Urban,Friday,30.9
1.2,3.9,3.7,2,15.0,Clear,High,Morning,Bike,Urban,Sunday,40.7
1.66,1.8,4.0,2,19.9,Clear,Medium,Afternoon,Bike,Urban,Sunday,34.3
10.6,0.3,3.6,4,17.0,Clear,Medium,Evening,Bike,Rural,Friday,59.3
5.07,8.7,4.3,4,16.7,Cloudy,Medium,Afternoon,Scooter,Urban,Thursday,35.2
1.13,2.0,4.5,8,15.9,Clear,Medium,Morning,Car,Suburban,Tuesday,29.9
4.79,5.7,3.6,3,25.2,Cloudy,Medium,Morning,Car,Urban,Thursday,49.3
3.56,2.9,4.2,3,25.2,,Medium,Afternoon,Scooter,Suburban,Wednesday,42.4
3.1,3.9,4.1,2,28.6,Clear,Medium,Evening,Car,Urban,Friday,41.7
9.77,3.6,4.6,4,17.0,Clear,Medium,Evening,Scooter,Urban,Monday,53.3
3.33,2.4,3.8,6,13.3,Clear,Medium,Morning,Bicycle,Suburban,Saturday,45.5
2.48,3.3,3.9,4,13.7,Clear,Low,Afternoon,Car,Suburban,Sunday,27.7
6.19,5.5,4.3,5,25.2,Clear,Low,Afternoon,Car,Urban,Tuesday,40.5
6.03,3.4,4.0,6,24.8,Rain,High,Afternoon,Bike,Urban,Friday,61.0
8.4,6.2,4.0,3,7.0,Rain,Medium,Evening,Car,Urban,Saturday,50.1
9.58,2.2,4.0,5,8.7,Rain,Low,Afternoon,Bike,Rural,Thursday,46.5
5.62,3.1,4.3,3,9.0,Rain,High,Afternoon,Bike,Suburban,Sunday,47.8
3.77,1.2,4.6,2,12.2,Cloudy,Medium,Night,Scooter,Suburban,Thursday,26.0
13.46,4.1,4.1,4,14.0,Clear,Medium,Afternoon,Bike,Suburban,Tuesday,55.3
1.73,2.9,4.0,3,16.2,Clear,Medium,Evening,Bike,Suburban,Thursday,32.4
5.17,3.6,4.4,6,14.5,Cloudy,Medium,Morning,Bike,Urban,Thursday,40.8
1.58,8.4,4.2,3,13.2,Clear,High,Morning,Car,Urban,Tuesday,39.7
3.77,2.9,4.2,3,16.7,Clear,Medium,Morning,Scooter,Suburban,Saturday,35.3
3.69,7.7,4.6,5,19.1,Storm,Medium,Evening,Bicycle,Urban,Friday,53.8
3.76,1.6,3.7,4,14.6,Clear,Medium,Evening,Car,Urban,Wednesday,37.4
0.77,1.8,4.0,7,12.5,Clear,Medium,Morning,Bike,Suburban,Thursday,25.4
2.72,1.7,3.8,4,25.1,Fog,Medium,Morning,Car,Suburban,Wednesday,51.4
15.01,1.1,3.9,6,14.8,Clear,Medium,Afternoon,Scooter,Suburban,Thursday,56.1
4.06,3.4,3.7,3,25.3,Clear,High,Evening,Bike,Urban,Thursday,55.1
10.09,4.6,4.0,2,25.8,Clear,High,Evening,Bicycle,Rural,Wednesday,89.2
4.78,10.8,4.3,6,23.1,Clear,High,Evening,Bicycle,Urban,Saturday,51.1
12.51,2.9,3.2,6,27.6,Storm,Medium,Night,Bike,Urban,Sunday,80.6
9.56,8.1,4.0,2,16.2,Rain,Low,Afternoon,Car,Rural,Thursday,46.3
4.08,1.3,4.1,1,15.0,Cloudy,High,Evening,Bike,Suburban,Friday,49.4
5.06,1.9,4.0,5,22.2,Clear,Medium,Evening,Bicycle,Rural,Sunday,54.8
1.34,2.8,3.5,4,17.2,Clear,High,Afternoon,Scooter,Suburban,Tuesday,35.8
2.39,1.4,4.5,3,11.9,Cloudy,Medium,Night,,Suburban,Tuesday,26.1
3.25,3.7,4.5,3,,Clear,High,Morning,Car,Urban,Monday,45.6
1.46,1.0,4.6,3,14.8,Clear,High,Evening,Scooter,Urban,Thursday,35.0
7.71,3.2,3.9,6,29.4,Rain,Medium,Evening,Bike,Rural,Wednesday,69.1
3.95,3.1,4.2,3,13.0,Rain,Medium,Night,Car,Suburban,Friday,38.3
10.56,,3.9,3,5.4,Fog,High,Afternoon,Car,Urban,Thursday,76.7
11.53,7.7,3.7,4,26.7,Rain,High,Afternoon,Scooter,Urban,Tuesday,85.4
6.2,1.9,3.7,5,9.8,Cloudy,Medium,Evening,Car,Urban,Wednesday,43.3
6.32,9.6,4.2,2,7.9,Rain,High,Evening,Bike,Urban,Monday,45.1
7.82,6.3,4.5,7,16.5,Fog,Low,Afternoon,Bike,Suburban,Thursday,42.1
4.84,4.1,4.6,6,12.2,Clear,High,Evening,Scooter,Urban,Tuesday,42.7
8.09,1.1,4.1,5,15.5,Clear,Medium,Afternoon,Bike,Urban,Monday,45.1
4.77,3.7,3.9,4,14.4,Clear,High,Evening,Scooter,Rural,Monday,47.8
6.77,1.2,4.1,3,29.2,Storm,Medium,Evening,Bicycle,Urban,Friday,67.7
1.53,4.9,4.5,1,12.8,Fog,Low,Afternoon,Car,Urban,Tuesday,26.7
1.71,2.3,4.8,5,32.0,Rain,High,Afternoon,Scooter,Urban,Friday,53.9
7.76,7.1,4.6,6,9.5,Clear,Medium,Night,Scooter,Urban,Saturday,38.9
2.2,7.3,4.6,3,22.1,Fog,High,Evening,Car,Urban,Thursday,60.1
1.76,5.2,4.7,4,14.0,Clear,Medium,Evening,Car,Urban,Monday,39.5
5.07,1.4,4.2,5,24.4,Clear,Medium,Afternoon,Bike,Urban,Friday,43.7
2.03,2.6,4.3,3,24.4,Cloudy,High,Night,Scooter,Urban,Monday,44.3
1.76,7.3,4.6,6,21.5,Rain,High,Morning,Bike,Urban,Saturday,47.6
1.06,13.5,4.3,4,29.5,Fog,Medium,Afternoon,Bike,Urban,Saturday,41.2
5.36,2.2,4.5,2,14.8,Clear,Low,Afternoon,Bike,Rural,Wednesday,34.1
6.16,3.7,3.9,2,24.7,,High,Evening,Scooter,Urban,Tuesday,56.8
6.77,2.2,4.7,4,14.5,Cloudy,High,Night,Car,Urban,Friday,52.7
8.48,1.5,4.0,4,14.4,,Medium,Evening,Car,Rural,Friday,50.3
10.42,1.8,4.6,3,24.4,Rain,High,Evening,Scooter,Urban,Tuesday,82.9
5.27,3.2,4.1,6,12.3,Clear,Medium,Afternoon,Scooter,Urban,Saturday,39.3
7.86,0.8,3.9,4,18.6,Clear,Medium,Afternoon,Bike,Suburban,Wednesday,47.6
2.42,6.4,3.4,2,18.0,Clear,Medium,Afternoon,Bike,Urban,Sunday,41.7
2.95,2.7,4.1,3,24.4,Rain,High,Morning,Bike,Urban,Saturday,57.5
3.28,3.9,3.7,6,15.4,Rain,High,Afternoon,Bicycle,Suburban,Tuesday,52.9
2.92,3.8,3.8,7,25.9,Clear,Medium,Evening,Bike,Suburban,Tuesday,39.8
0.5,2.7,4.3,6,13.7,Clear,Medium,Evening,Car,Urban,Wednesday,31.2
3.9,2.1,3.6,3,20.7,Fog,High,Evening,Bike,Urban,Saturday,64.8
4.79,1.9,4.6,5,15.9,Cloudy,Medium,Afternoon,Scooter,Urban,Monday,42.6
4.58,6.2,5.0,5,14.7,Clear,Medium,Afternoon,Car,Suburban,Wednesday,30.9
11.16,1.1,4.0,2,21.4,Clear,High,Morning,Bicycle,Urban,Friday,88.3
11.72,5.1,4.6,4,,Storm,High,Afternoon,Bike,Urban,Monday,85.0
0.78,5.3,3.6,1,16.3,Rain,Medium,Afternoon,Car,Urban,Monday,31.9
13.89,1.9,4.3,4,8.9,Clear,High,Afternoon,Bike,Rural,Saturday,87.0
10.76,2.4,4.3,3,14.6,Clear,Medium,Morning,Car,Urban,Thursday,54.6
0.54,4.0,5.0,3,10.5,Clear,Medium,Evening,Bike,Urban,Thursday,29.7
6.0,3.8,4.0,4,14.9,Clear,High,Afternoon,Scooter,Urban,Tuesday,47.9
3.98,6.2,4.3,2,11.3,Clear,Low,Afternoon,Car,Suburban,Thursday,23.9
10.41,,4.1,4,14.1,Clear,High,Afternoon,Car,Urban,Thursday,69.0
14.17,1.8,4.0,3,10.3,Clear,High,Afternoon,Car,Rural,Wednesday,84.7
18.74,7.2,4.1,3,12.2,Clear,,Afternoon,Bike,Urban,Sunday,97.2
6.15,2.3,4.1,5,9.1,,Medium,Afternoon,Car,Urban,Monday,38.8
5.42,1.0,3.9,2,27.5,Cloudy,Medium,Evening,Bike,Urban,Wednesday,50.2
2.02,0.8,4.3,3,23.8,Rain,High,Morning,Bike,Urban,Saturday,54.9
2.59,5.0,3.8,9,15.1,Clear,Low,Night,,Urban,Tuesday,23.5
5.6,11.5,4.0,2,5.4,Fog,High,Morning,Bike,Suburban,Sunday,49.4
2.5,1.7,4.9,4,21.0,Fog,High,Afternoon,Bike,Urban,Thursday,50.5
3.96,,4.1,5,18.8,Fog,High,Morning,Scooter,Suburban,Tuesday,55.8
0.9,4.7,4.5,4,5.3,Clear,Medium,Afternoon,Bike,Urban,Monday,16.0
4.16,1.4,4.1,4,24.2,Clear,Medium,Afternoon,Scooter,Urban,Wednesday,39.6
0.63,5.7,4.4,3,18.7,Cloudy,High,Evening,Bike,Urban,Sunday,44.7
7.68,2.8,4.1,4,19.0,Clear,High,Afternoon,Scooter,Urban,Sunday,60.4
4.32,1.8,3.2,3,14.7,Clear,Medium,Evening,Bike,Urban,Friday,34.5
7.53,2.8,4.1,4,24.3,Clear,Medium,Afternoon,Bike,Rural,Monday,47.6
6.42,8.2,3.8,5,15.6,Cloudy,Low,Morning,Scooter,Rural,Thursday,38.2
2.52,0.6,4.0,3,19.0,Rain,Medium,Afternoon,Bicycle,Suburban,Wednesday,44.7
5.27,5.9,4.4,6,21.1,Clear,High,Afternoon,Bicycle,Rural,Tuesday,60.2
2.8,6.3,4.8,6,19.2,Fog,Low,Afternoon,Bike,Urban,Monday,32.3
2.81,2.3,3.6,3,9.2,Rain,High,Night,Bicycle,Urban,Wednesday,51.7
3.16,4.9,4.1,3,18.0,Clear,High,Evening,Scooter,Urban,Wednesday,42.5
2.57,4.0,4.2,3,13.0,Clear,Low,Night,Car,Rural,Friday,24.0
8.07,6.2,4.2,3,27.0,Clear,High,Afternoon,Bike,Urban,Wednesday,65.9
8.18,2.9,4.2,1,21.5,Fog,,Evening,Bike,Urban,Monday,77.6
3.72,1.0,4.4,4,23.6,Rain,High,Evening,Bike,Suburban,Monday,54.5
12.08,7.4,4.0,2,13.2,Rain,Medium,Evening,Car,Urban,Friday,57.2
2.96,1.8,4.1,2,32.4,Rain,Medium,Night,Bike,Suburban,Friday,55.8
4.09,2.3,4.3,3,15.3,Clear,Medium,Evening,Bike,Urban,Tuesday,34.0
5.37,2.7,3.9,4,13.0,Fog,Low,Night,Scooter,Suburban,Saturday,41.6
6.95,6.8,3.9,2,14.8,Fog,Medium,Evening,Bicycle,Rural,Friday,58.7
2.35,10.4,4.1,5,14.0,Rain,,Morning,Scooter,Suburban,Tuesday,44.3
3.88,2.5,3.9,4,19.1,Cloudy,Medium,Evening,Car,Urban,Wednesday,46.1
1.18,2.5,3.8,5,16.6,,Low,Afternoon,Bike,Urban,Sunday,23.4
1.93,3.9,3.7,4,34.8,Clear,Medium,Night,Car,Urban,Wednesday,49.6
7.06,1.5,4.1,7,11.3,,Medium,Evening,Bike,Urban,Tuesday,40.9
16.64,4.7,4.7,7,26.4,Cloudy,High,Morning,Bike,Urban,Thursday,101.5
2.29,4.8,4.3,5,33.4,Rain,High,Morning,Scooter,Urban,Tuesday,66.8
3.3,4.0,3.8,5,13.2,Fog,Medium,Morning,Bike,Urban,Saturday,40.8
3.16,1.1,,4,21.4,Clear,Medium,Afternoon,Scooter,Urban,Saturday,31.2
7.04,10.1,4.0,3,13.4,Clear,High,Morning,Scooter,Rural,Saturday,57.2
7.64,5.0,4.8,5,15.5,Clear,High,Evening,Bike,Urban,Friday,59.2
4.21,9.3,4.1,2,29.2,Storm,High,Evening,Bike,Urban,Friday,71.9
1.23,1.2,4.3,3,12.9,Rain,Medium,Evening,Bike,Urban,Wednesday,34.5
2.44,1.6,4.0,7,22.3,Cloudy,Low,Afternoon,Bike,Urban,Sunday,34.9
9.14,1.9,4.0,5,30.2,Cloudy,Low,Afternoon,Car,Rural,Tuesday,
2.89,10.5,4.7,3,26.4,Cloudy,Medium,Morning,Scooter,Urban,Tuesday,40.0
2.98,3.8,4.1,4,20.1,Clear,High,Evening,Bike,Suburban,Sunday,39.7
3.04,3.2,4.5,3,19.4,Clear,High,Morning,Bike,Suburban,Sunday,42.2
3.66,0.4,4.2,10,14.0,Clear,Medium,Morning,Car,Suburban,Thursday,35.2
1.81,2.5,4.1,3,21.3,Clear,Medium,Morning,Car,Suburban,Thursday,38.8
6.97,2.9,4.4,3,12.5,Cloudy,Medium,Evening,Bicycle,Suburban,Monday,47.8
1.23,4.1,4.1,11,21.5,Clear,Medium,Morning,Bike,Urban,Friday,31.5
4.88,10.6,3.9,4,25.5,Rain,High,Evening,Scooter,Urban,Monday,58.8
2.56,8.1,3.9,3,15.2,Cloudy,Medium,Evening,Bike,Suburban,Wednesday,32.1
3.99,2.8,4.4,3,25.9,Cloudy,High,Evening,,Urban,Wednesday,61.0
8.96,1.6,3.3,6,12.9,Fog,High,Morning,Bike,Urban,Sunday,79.1
8.83,2.7,4.3,4,9.6,Clear,Medium,Morning,Scooter,Urban,Sunday,45.6
7.51,3.5,3.6,4,10.6,Cloudy,Medium,Afternoon,Bike,Urban,Sunday,41.6
9.99,4.9,4.2,7,9.0,Clear,High,Morning,Car,Urban,Saturday,63.0
14.99,0.2,4.7,2,6.6,Rain,Medium,Evening,Bike,Urban,Wednesday,62.8
6.99,2.7,3.8,4,25.6,Cloudy,Low,Afternoon,Car,Urban,Monday,47.2
5.37,2.9,4.3,6,38.7,Clear,High,Afternoon,Bike,Urban,Thursday,74.2
1.83,2.7,4.6,3,23.9,Clear,High,Morning,Car,Urban,Wednesday,41.5
6.0,10.5,3.9,3,14.0,Rain,High,Evening,Bike,Suburban,Friday,49.8
4.15,3.0,3.9,6,15.1,Cloudy,High,Morning,Scooter,Urban,Wednesday,45.4
11.3,3.3,4.3,3,24.6,Cloudy,,Evening,Car,Suburban,Sunday,88.3
6.59,9.7,4.6,4,9.1,Clear,High,Morning,Bike,Urban,Wednesday,43.8
1.5,8.0,5.0,1,11.6,Cloudy,High,Night,Bike,Urban,Wednesday,30.3
4.77,7.3,3.9,5,40.3,Cloudy,High,Evening,Bike,Suburban,Saturday,74.9
7.15,4.0,4.4,4,35.5,Clear,High,Morning,Bike,Suburban,Friday,79.2
4.09,2.4,4.0,9,16.6,Cloudy,Low,Morning,Scooter,Suburban,Tuesday,31.9
14.73,1.5,3.7,8,19.1,Cloudy,Medium,Afternoon,Bike,Suburban,Friday,59.5
6.41,6.3,4.1,7,13.5,Rain,High,Morning,Bike,Suburban,Friday,54.5
1.88,9.2,4.1,3,16.4,Clear,High,Morning,Bike,Suburban,Monday,35.5
1.76,4.9,4.2,5,19.6,Clear,Low,Evening,Bike,Suburban,Thursday,25.5
2.12,1.3,4.3,3,16.8,,High,Evening,Bike,Suburban,Sunday,58.4
2.67,3.8,4.2,7,29.4,Fog,Medium,Morning,Scooter,Urban,Tuesday,53.6
3.95,7.1,4.6,6,12.4,Clear,High,Evening,Bike,Urban,Wednesday,41.9
5.0,1.7,4.9,3,17.6,Fog,High,Afternoon,Bicycle,Urban,Tuesday,60.5
8.97,1.7,4.2,4,14.3,Clear,Medium,Night,Car,Urban,Thursday,46.0
7.01,4.6,4.0,5,19.0,Rain,Medium,Morning,Bike,Suburban,Sunday,54.7
3.05,4.9,4.1,2,7.0,Clear,Medium,Evening,Car,Urban,Wednesday,27.1
3.07,4.5,4.1,7,15.5,Clear,High,Evening,Scooter,Urban,Saturday,43.8
6.76,7.7,3.9,4,8.9,Storm,Low,Morning,Scooter,Suburban,Saturday,38.2
2.65,3.3,3.6,5,19.0,Clear,High,Morning,Bike,Urban,Tuesday,44.6
5.64,2.3,3.6,9,17.2,Rain,Medium,Afternoon,Scooter,Suburban,Saturday,42.4
1.08,6.0,4.4,7,10.6,Cloudy,Medium,Evening,Bike,Urban,Sunday,29.2
5.16,11.9,4.4,4,16.6,Clear,Medium,Afternoon,Scooter,Urban,Sunday,30.4
4.69,2.4,4.3,4,17.0,Fog,Medium,Evening,Bike,Urban,Friday,51.2
2.68,5.4,4.1,4,13.9,Cloudy,High,Evening,Scooter,Urban,Tuesday,37.5
1.36,8.3,4.0,4,20.9,Fog,High,Evening,Scooter,Urban,Monday,52.6
1.18,4.2,3.6,2,21.1,Rain,High,Afternoon,Bike,Urban,Tuesday,39.7
4.45,1.4,3.9,5,28.7,Clear,Low,Afternoon,Bike,Urban,Friday,41.7
4.97,4.3,3.9,2,27.2,Clear,,Evening,Car,Urban,Wednesday,52.9
,4.8,3.6,3,22.9,Clear,Low,Afternoon,Bike,Suburban,Friday,25.3
0.65,2.8,4.2,2,20.9,Cloudy,Medium,Evening,Bike,Urban,Saturday,32.8
1.61,2.8,3.9,5,21.8,Clear,Medium,Morning,Bike,Urban,Tuesday,42.8
1.81,1.1,4.2,3,10.7,Clear,High,Morning,Bicycle,Urban,Sunday,46.9
8.37,2.0,3.6,4,21.6,Rain,Medium,Evening,Scooter,Rural,Monday,58.7
4.47,2.2,4.4,4,10.2,Clear,Medium,Afternoon,Scooter,Suburban,Tuesday,27.6
,,4.3,5,24.6,Rain,High,Morning,Car,Rural,Saturday,91.3
12.18,3.2,4.0,5,26.7,Cloudy,Medium,Morning,Scooter,Rural,Tuesday,62.8
6.05,6.6,4.7,6,13.9,Clear,High,Afternoon,Car,Urban,Tuesday,44.6
7.4,2.1,4.1,6,17.6,,Medium,Evening,Scooter,Suburban,Sunday,45.1
1.87,8.8,4.2,4,17.2,Clear,Medium,Morning,Car,Urban,Sunday,37.7
9.26,4.6,3.6,3,19.0,Cloudy,Medium,Morning,Scooter,Rural,Saturday,54.2
6.47,14.5,3.9,4,22.8,Clear,Medium,Afternoon,Bike,Urban,Tuesday,37.9
0.97,5.5,3.9,6,28.2,Rain,High,Night,Bike,Urban,Tuesday,50.8
12.3,0.9,4.4,2,16.5,Rain,Medium,Afternoon,Bike,Rural,Tuesday,63.5
6.68,7.8,4.5,3,12.5,Clear,High,Night,Scooter,Suburban,Tuesday,46.4
5.91,0.6,3.9,3,16.8,Fog,,Evening,Bicycle,Rural,Sunday,79.5
0.8,0.8,4.2,6,15.0,Fog,Low,Afternoon,Car,Urban,Tuesday,31.8
4.39,6.6,4.5,5,14.1,Clear,High,Evening,Car,Urban,Saturday,48.4
3.04,11.0,4.0,3,15.0,Fog,High,Evening,Scooter,Urban,Monday,54.4
1.32,11.1,3.6,1,,Clear,Medium,Afternoon,Car,Urban,Thursday,18.3
3.9,4.3,4.4,4,20.6,Cloudy,Low,Afternoon,Car,Urban,Monday,36.7
2.69,2.7,4.3,2,20.7,Clear,Medium,Evening,Bike,Urban,Monday,36.5
6.71,3.2,4.3,5,38.4,Rain,Medium,Evening,Scooter,Suburban,Tuesday,68.6
0.63,3.3,4.5,4,15.4,Rain,Medium,Evening,Bike,Urban,Sunday,35.6
7.17,3.7,4.5,4,11.1,Storm,Medium,Night,Bike,Suburban,Friday,46.1
3.69,1.9,4.4,3,25.9,Storm,Medium,Afternoon,Bike,Suburban,Friday,49.2
5.98,3.6,3.7,4,18.2,Clear,High,Evening,Bike,Suburban,Wednesday,52.0
9.54,2.4,3.6,4,5.8,Cloudy,High,Evening,Bike,Urban,Friday,63.6
,1.7,4.3,3,13.8,Clear,High,Morning,Bike,Urban,Friday,50.2
7.09,9.0,4.2,3,14.5,Clear,Medium,Morning,Car,Urban,Thursday,41.6
1.07,4.9,4.2,4,13.5,Clear,High,Afternoon,Bike,Suburban,Friday,30.9
1.19,4.9,4.8,4,25.0,Fog,High,Evening,Car,Urban,Saturday,60.7
3.0,3.8,4.5,3,11.8,Rain,Medium,Afternoon,Bike,Urban,Sunday,32.0
8.11,1.9,4.1,4,33.9,Clear,High,Evening,Bicycle,Rural,Sunday,95.6
5.35,3.5,3.9,6,22.9,Storm,High,Morning,Car,Suburban,Thursday,66.2
5.35,10.8,4.4,3,15.9,Rain,Low,Afternoon,Car,Suburban,Monday,37.7
8.21,4.9,4.3,3,6.9,Clear,High,Evening,,Urban,Tuesday,61.4
8.6,3.2,4.1,3,17.3,Cloudy,Medium,Morning,Scooter,Rural,Tuesday,52.6
1.07,4.5,3.1,3,19.6,Rain,Medium,Night,Bike,Urban,Wednesday,33.6
8.27,2.7,3.8,5,12.9,Cloudy,High,Morning,Scooter,Urban,Wednesday,64.7
14.45,2.6,4.5,2,12.3,Cloudy,Medium,Night,,Rural,Friday,56.5
7.26,6.8,3.7,4,21.5,Cloudy,Medium,Morning,Bike,Rural,Thursday,55.9
8.17,3.8,4.4,5,20.3,Clear,Low,Night,Bike,Urban,Friday,42.2
0.96,5.1,4.3,1,11.2,Cloudy,Medium,Evening,Car,Urban,Sunday,28.1
,3.6,3.8,3,15.3,Clear,High,Morning,Bike,Urban,Monday,40.5
1.57,5.8,4.5,3,9.7,Clear,High,Morning,Car,Suburban,Monday,25.6
6.97,2.6,4.1,3,12.8,Clear,Medium,Morning,Bike,Suburban,Friday,41.0
2.36,2.9,4.1,7,17.7,Cloudy,High,Evening,Bike,Urban,Thursday,40.2
7.56,10.2,3.7,8,17.0,Clear,High,Evening,Bike,Urban,Thursday,58.2
1.45,0.8,4.6,3,9.9,Clear,Medium,Afternoon,Scooter,Suburban,Saturday,22.1
13.16,5.7,3.7,6,33.2,Clear,Low,Afternoon,Car,Suburban,Tuesday,63.8
2.98,4.0,3.7,2,8.3,Storm,Medium,Evening,Car,Urban,Friday,38.8
2.75,3.0,4.2,4,17.8,Clear,Medium,Afternoon,Bike,Suburban,Sunday,31.8
12.51,2.0,3.8,9,32.0,Clear,Low,Evening,Bike,Rural,Thursday,70.7
5.05,7.5,4.9,5,13.4,Clear,Medium,Afternoon,Car,Urban,Friday,32.0
3.01,11.0,3.8,3,6.2,Rain,High,Evening,Bike,Urban,Monday,42.4
2.68,2.9,4.5,5,17.9,,Medium,Night,Bike,Suburban,Wednesday,35.4
10.69,5.3,,2,11.7,Clear,Medium,Afternoon,Scooter,Urban,Monday,41.6
3.52,5.2,4.4,2,11.8,Rain,Medium,Morning,Car,Suburban,Friday,38.7
3.62,5.5,3.9,4,22.0,Rain,Low,Morning,Bike,Suburban,Friday,36.5
1.46,1.3,4.3,6,23.4,Cloudy,High,Evening,Bike,Urban,Sunday,44.4
9.24,7.1,4.7,5,15.8,Cloudy,Medium,Afternoon,Bicycle,Urban,Friday,53.1
1.86,1.0,3.6,7,16.1,Fog,Medium,Night,Bicycle,Suburban,Monday,36.6
1.7,5.2,4.6,6,19.4,Fog,High,Evening,Scooter,Urban,Saturday,57.1
7.21,8.1,4.3,5,13.2,Rain,Medium,Afternoon,Scooter,Urban,Wednesday,39.5
0.5,2.4,4.9,5,15.9,Rain,Medium,Evening,Bicycle,Urban,Friday,37.5
4.33,4.0,4.3,5,17.1,,High,Afternoon,Scooter,Urban,Tuesday,52.8
6.42,5.9,4.2,4,31.5,Storm,High,Evening,Car,Rural,Saturday,90.6
3.28,3.0,4.4,5,13.5,Clear,High,Morning,Scooter,Suburban,Sunday,39.7
1.91,1.8,3.7,3,14.1,Storm,Medium,Evening,Bike,Suburban,Monday,37.4
2.33,5.4,3.8,6,24.1,Rain,High,Night,Car,Urban,Thursday,50.2
0.68,1.5,4.2,6,24.5,Cloudy,Medium,Evening,Scooter,Urban,Thursday,37.5
9.76,0.6,4.0,1,12.4,Clear,Medium,Evening,Bike,Rural,Wednesday,53.2
3.02,3.8,3.9,5,7.5,Clear,Medium,Afternoon,Scooter,Urban,Wednesday,22.1
7.57,3.0,4.9,5,25.1,Rain,High,Evening,Car,Suburban,Friday,72.7
14.27,5.5,4.8,2,23.2,Cloudy,High,Evening,Bike,Urban,Wednesday,89.5
1.5,4.0,3.2,4,18.2,Clear,High,Evening,Car,Urban,Monday,42.5
5.77,12.1,4.2,2,6.8,Cloudy,High,Morning,Bike,Suburban,Saturday,39.5
1.66,7.7,3.7,2,12.1,Clear,High,Morning,Scooter,Urban,Friday,34.7
2.1,4.3,4.6,3,10.8,Cloudy,High,Evening,Bicycle,Urban,Tuesday,41.3
3.5,7.1,4.2,3,11.8,Cloudy,Medium,Morning,Car,Urban,Sunday,34.4
12.83,8.5,4.7,4,15.7,Cloudy,Medium,Evening,Car,Urban,Sunday,60.9
2.85,8.5,3.8,2,29.8,Clear,Medium,Evening,,Urban,Sunday,44.6
5.54,1.7,3.8,5,14.2,Clear,High,Night,Scooter,Rural,Thursday,52.1
4.34,2.0,4.1,3,25.0,Clear,High,Morning,Scooter,Urban,Tuesday,49.6
3.37,9.4,3.9,2,22.7,Cloudy,High,Night,,Suburban,Tuesday,47.8
1.49,3.9,4.1,7,12.2,Fog,High,Morning,Scooter,Urban,Sunday,50.0
7.98,4.1,4.6,6,9.7,Rain,Medium,Afternoon,Scooter,Urban,Sunday,41.5
2.62,5.0,4.3,7,16.1,Rain,High,Evening,Scooter,Urban,Saturday,49.2
7.92,3.3,4.0,6,22.3,Clear,High,Morning,Bike,Rural,Thursday,76.0
4.62,10.0,4.2,3,23.5,,High,Morning,Bike,Suburban,Wednesday,45.9
12.39,4.6,3.5,3,25.3,Fog,High,Morning,Bike,Rural,Friday,96.2
1.89,6.7,3.4,3,16.5,Cloudy,High,Afternoon,Bike,Urban,Monday,38.7
3.05,2.8,4.6,2,23.2,Clear,High,Evening,Scooter,Suburban,Thursday,41.3
3.6,3.1,3.9,4,9.6,Cloudy,Medium,Morning,Bike,Suburban,Friday,28.0
8.58,1.9,4.7,5,11.3,Cloudy,High,Morning,Car,Rural,Saturday,75.9
3.7,6.1,4.0,3,14.7,Clear,High,Evening,Bike,Urban,Thursday,40.0
16.43,3.5,4.2,6,20.8,Clear,Medium,Morning,Car,Rural,Saturday,71.0
3.75,6.1,4.5,2,12.9,Cloudy,Medium,Evening,Bike,Urban,Monday,35.6
5.32,5.8,4.5,6,15.3,Clear,Medium,Night,Car,Suburban,Tuesday,36.3
2.76,1.8,4.0,5,16.6,Clear,Medium,Evening,Car,Urban,Tuesday,41.8
4.53,3.2,4.2,2,15.5,Rain,High,Evening,Bicycle,Urban,Wednesday,53.3
4.94,1.6,4.1,8,34.8,Storm,Medium,Afternoon,Car,Urban,Wednesday,69.0
6.37,1.8,4.3,7,12.1,Clear,Medium,Evening,Scooter,Suburban,Wednesday,38.8
2.55,1.5,4.2,3,12.0,Clear,High,Morning,Bike,Urban,Thursday,
3.15,2.0,3.9,6,15.4,Cloudy,High,Morning,Scooter,Urban,Thursday,49.3
6.82,2.3,4.2,5,29.0,Clear,High,Evening,Bike,Urban,Thursday,64.6
2.73,13.8,3.6,1,29.3,Fog,Medium,Morning,Car,Suburban,Saturday,47.9
1.49,3.0,4.2,5,29.0,Rain,Low,Night,Car,Urban,Tuesday,39.7
2.47,6.4,4.2,4,14.3,Clear,High,Evening,Bike,Suburban,Wednesday,40.5
6.67,5.3,3.8,3,13.0,Rain,High,Night,Scooter,Urban,Monday,53.0
7.35,4.6,4.0,5,19.1,Clear,Low,Afternoon,Bike,Suburban,Monday,34.8
5.88,6.9,4.0,5,33.9,Cloudy,Medium,Afternoon,Scooter,Suburban,Friday,50.1
8.15,4.4,4.0,4,20.0,Fog,High,Evening,Scooter,Suburban,Sunday,78.0
9.93,1.9,4.4,5,19.2,Clear,High,Afternoon,Scooter,Suburban,Wednesday,67.8
6.1,4.9,4.3,6,17.0,Clear,Medium,Afternoon,Car,Urban,Wednesday,40.6
3.37,5.7,4.5,2,17.6,Fog,High,Evening,Bike,Urban,Tuesday,56.7
1.12,1.6,4.9,3,7.2,Cloudy,Low,Night,Car,Suburban,Tuesday,17.4
1.4,4.3,4.6,4,22.6,Clear,High,Evening,Scooter,Urban,Sunday,41.6
2.0,6.7,3.6,4,16.8,Clear,High,Morning,Bike,Urban,Friday,40.8
7.53,3.7,3.9,3,22.5,Clear,Medium,Afternoon,Scooter,Suburban,Friday,43.2
2.11,11.2,4.7,5,18.7,Cloudy,,Evening,Bike,Urban,Sunday,37.9
2.1,2.4,4.0,4,30.4,Clear,Medium,Morning,Scooter,Urban,Friday,45.4
6.35,3.0,4.0,4,11.7,Clear,Low,Afternoon,Car,Rural,Tuesday,35.8
3.68,5.1,4.3,6,11.4,Clear,High,Afternoon,Bike,Urban,Friday,33.5
4.62,2.5,4.0,8,16.0,Cloudy,Medium,Morning,Bike,Urban,Saturday,44.8
,2.5,4.8,2,11.5,Fog,Low,Afternoon,Scooter,Urban,Wednesday,30.5
2.34,8.0,4.1,5,24.7,Cloudy,High,Morning,Bike,Urban,Friday,47.6
7.22,3.1,5.0,4,23.0,Cloudy,Medium,Evening,Bike,Suburban,Thursday,45.8
3.49,6.7,3.9,9,35.5,Rain,Medium,Morning,Scooter,Suburban,Wednesday,56.2
,1.7,3.9,5,11.4,Clear,Medium,Evening,Bike,Urban,Friday,46.8
3.86,3.0,3.8,4,18.7,Clear,Medium,Morning,Car,Urban,Tuesday,42.8
2.27,2.9,3.9,3,21.0,Clear,Low,Night,Scooter,Urban,Wednesday,27.3
2.82,3.1,4.4,4,8.1,Clear,High,Morning,Scooter,Urban,Wednesday,32.2
1.91,1.7,3.6,5,12.2,Storm,Low,Afternoon,Bike,Suburban,Friday,31.3
,2.8,3.8,1,14.3,Clear,High,Afternoon,Bike,Suburban,Saturday,31.9
4.19,3.6,4.3,4,8.9,Rain,Medium,Morning,Scooter,Urban,Friday,36.7
1.67,0.8,3.3,4,25.6,Clear,High,Afternoon,Car,Suburban,Friday,44.4
1.25,2.5,3.6,4,29.5,Cloudy,High,Evening,Bicycle,Suburban,Wednesday,58.1
6.35,5.0,4.1,5,30.1,Clear,Low,Night,Bike,Urban,Friday,44.7
8.5,2.2,4.3,4,15.3,Clear,Medium,Afternoon,Scooter,Suburban,Monday,36.1
2.11,4.2,4.0,1,,Clear,Medium,Morning,Scooter,Suburban,Thursday,24.0
22.26,2.1,4.3,2,9.1,Cloudy,High,Evening,Bike,Urban,Friday,110.1
6.22,3.4,3.8,5,14.6,Cloudy,High,Evening,Car,Urban,Tuesday,53.5
4.16,0.6,4.7,3,9.4,Rain,Medium,Morning,Bike,Suburban,Sunday,37.2
7.54,4.9,4.5,4,22.1,Fog,Medium,Evening,Car,Rural,Wednesday,61.5
5.26,2.5,3.8,5,8.3,Cloudy,Medium,Afternoon,Scooter,Urban,Friday,30.1
1.5,6.2,4.1,2,11.2,Storm,Medium,Evening,Bike,Urban,Thursday,40.0
1.71,3.2,3.4,4,12.4,Clear,Medium,Afternoon,Car,Suburban,Saturday,25.3
5.64,2.7,4.5,4,29.6,Clear,Low,Afternoon,Bike,Urban,Friday,47.2
12.12,2.3,3.7,7,15.2,Clear,Medium,Morning,Car,Urban,Monday,53.0
4.29,2.5,3.9,3,16.0,Cloudy,High,Evening,Car,Urban,Sunday,51.6
12.57,2.4,4.0,6,,Cloudy,High,Morning,Scooter,Rural,Friday,89.0
11.97,,3.6,2,15.4,Cloudy,High,Evening,Bike,Suburban,Thursday,76.5
6.06,2.2,3.8,7,25.7,Fog,Low,Evening,Scooter,Rural,Friday,53.0
5.7,10.8,4.3,4,15.5,Clear,High,Evening,Scooter,Urban,Tuesday,41.1
,3.3,4.0,2,20.6,Rain,High,Morning,Scooter,Urban,Saturday,77.9
7.82,0.8,4.5,5,13.1,Cloudy,Medium,Afternoon,Scooter,Suburban,Wednesday,39.0
8.27,0.9,4.4,6,19.1,Cloudy,Medium,Afternoon,Bike,Urban,Saturday,51.6
2.55,10.9,3.8,8,15.7,Clear,Medium,Evening,Car,Urban,Tuesday,32.8
4.73,3.2,4.0,3,12.2,Clear,Medium,Night,,Suburban,Saturday,28.6
8.75,1.5,4.0,3,13.2,Clear,Medium,Afternoon,Scooter,Suburban,Sunday,36.1
5.56,6.7,4.0,7,26.0,Rain,High,Evening,Bike,Suburban,Sunday,59.9
1.34,2.2,4.7,3,7.3,Cloudy,,Morning,Scooter,Urban,Saturday,39.2
1.58,3.6,4.2,3,7.8,Clear,Low,Afternoon,Scooter,Urban,Friday,14.4
7.97,4.0,3.5,5,16.8,Rain,Medium,Morning,Car,Urban,Thursday,59.1
0.5,1.6,3.9,6,26.0,Cloudy,High,Evening,Car,Urban,Monday,44.8
,2.2,4.0,4,,Fog,High,Morning,Car,Urban,Thursday,71.3
6.57,5.5,4.3,3,30.1,Cloudy,Medium,Afternoon,Bike,Urban,Friday,53.7
7.47,8.1,4.8,6,17.8,Cloudy,Medium,Evening,Car,Rural,Monday,45.1
6.59,5.8,4.4,1,5.0,Cloudy,Medium,Afternoon,Car,Urban,Friday,26.8
6.55,4.4,4.1,7,23.5,Rain,High,Morning,Bike,Urban,Tuesday,68.6
0.5,2.7,3.8,5,36.9,Clear,High,Morning,Bike,Urban,Friday,57.0
0.73,4.8,4.7,3,13.5,Clear,Medium,Afternoon,Bike,Suburban,Thursday,24.2
2.13,5.3,4.0,4,22.4,Storm,Medium,Afternoon,Scooter,Urban,Sunday,43.7
5.09,8.0,3.6,3,18.9,Rain,,Morning,Scooter,Urban,Tuesday,47.0
4.72,3.4,4.3,1,15.3,Cloudy,High,Evening,Bike,Urban,Tuesday,48.8
1.62,13.2,3.7,5,17.3,Cloudy,Medium,Morning,Scooter,Urban,Thursday,30.9
,6.4,4.4,4,18.0,Rain,Medium,Evening,Car,Suburban,Thursday,55.0
14.08,3.2,4.0,3,37.8,Clear,Medium,Afternoon,Car,Urban,Tuesday,86.6
6.55,7.2,4.0,4,7.9,Clear,High,Morning,Car,Urban,Friday,51.9
4.66,2.7,3.1,1,14.0,Clear,High,Morning,Car,Suburban,Sunday,52.3
5.15,2.2,4.6,4,9.3,Clear,Medium,Morning,Scooter,Urban,Saturday,33.9
2.3,0.9,3.7,5,21.2,Clear,High,Morning,Car,Suburban,Tuesday,42.3
1.28,10.6,3.9,6,13.0,Rain,Low,Afternoon,Bike,Urban,Tuesday,20.8
7.29,2.7,4.2,5,14.3,Clear,Low,Night,Car,Suburban,Thursday,34.0
6.51,5.3,4.1,5,10.5,Rain,Medium,Evening,Car,Urban,Friday,48.9
7.34,6.4,5.0,5,23.7,Fog,Medium,Afternoon,Scooter,Urban,Sunday,55.6
,2.7,,4,21.1,Clear,High,Evening,Scooter,Urban,Monday,53.9
5.52,2.9,4.0,6,16.5,Rain,Medium,Evening,Bike,Rural,Thursday,50.9
1.12,0.9,4.4,5,17.8,Cloudy,High,Evening,Bike,Urban,Sunday,48.9
7.01,1.6,4.0,2,5.0,Fog,High,Morning,Bike,Rural,Monday,65.7
14.57,1.1,4.1,5,19.6,Cloudy,Medium,Afternoon,Bike,Rural,Sunday,68.1
1.03,12.3,5.0,2,13.7,Clear,Medium,Afternoon,Bike,Urban,Thursday,16.6
3.43,3.1,4.2,4,11.2,Clear,High,Morning,Bike,Urban,Friday,43.4
2.5,2.1,4.7,6,29.6,Fog,High,Afternoon,Car,Urban,Thursday,63.3
3.88,2.6,4.4,1,11.6,Clear,Medium,Evening,Scooter,Rural,Saturday,31.5
5.39,3.5,4.4,4,6.6,Rain,Low,Night,Car,Suburban,Sunday,33.9
10.09,1.9,4.1,2,31.6,Clear,High,Morning,Scooter,Urban,Tuesday,85.2
3.66,5.2,3.5,5,16.2,Cloudy,High,Afternoon,Bike,Urban,Saturday,49.3
0.86,6.4,4.6,4,13.5,Cloudy,Medium,Afternoon,Bike,Suburban,Monday,25.4
2.99,3.1,4.4,4,41.2,Clear,Medium,Afternoon,Car,Urban,Tuesday,62.8
2.38,2.3,4.4,8,24.0,Clear,Medium,Evening,Bike,Urban,Thursday,35.4
3.01,2.7,4.1,4,17.9,Clear,High,Morning,Scooter,Urban,Friday,45.9
3.27,1.7,3.9,1,8.2,Rain,High,Evening,Bike,Urban,Wednesday,43.5
14.72,3.0,4.7,6,24.0,Rain,High,Night,Bike,Rural,Tuesday,104.6
5.17,5.5,4.3,4,13.3,Clear,High,Evening,Bike,Suburban,Tuesday,46.2
5.13,9.2,3.5,3,18.5,Cloudy,Medium,Evening,Scooter,Urban,Tuesday,44.1
2.34,4.4,4.1,5,16.9,Clear,High,Afternoon,,Urban,Monday,39.3
7.13,5.5,4.0,5,10.6,Rain,Low,Afternoon,Car,Suburban,Tuesday,39.6
7.73,3.2,3.2,3,24.1,Rain,High,Morning,Bike,Urban,Saturday,78.6
5.89,6.9,3.9,2,41.4,Fog,Medium,Evening,Bike,Urban,Wednesday,74.9
5.53,2.0,5.0,3,15.9,Fog,High,Morning,Bike,Urban,Sunday,68.0
1.11,1.3,3.3,5,16.1,Clear,High,Evening,,Suburban,Tuesday,38.9
7.69,3.1,3.7,2,17.3,Clear,Medium,Afternoon,Scooter,Rural,Thursday,50.0
9.5,4.7,3.2,2,18.4,Fog,Medium,Afternoon,Scooter,Suburban,Tuesday,57.0
5.19,1.2,3.5,3,12.7,Clear,Medium,Afternoon,Scooter,Urban,Monday,36.4
6.49,10.2,3.5,4,17.4,Clear,Low,Night,Car,Suburban,Friday,30.8
3.02,1.7,3.7,2,17.1,Clear,Medium,Morning,Bike,Urban,Wednesday,33.8
2.2,,4.8,4,16.4,Rain,Medium,Morning,Car,Suburban,Wednesday,40.4
1.5,4.7,4.5,3,22.0,Rain,High,Morning,Car,Urban,Wednesday,51.6
8.5,4.3,4.1,5,25.5,Storm,High,Evening,Bike,Urban,Saturday,85.3
3.52,7.0,4.8,8,21.1,Clear,Low,Night,Bike,Urban,Wednesday,27.2
7.79,5.6,4.0,6,25.7,Clear,High,Morning,Scooter,Urban,Monday,63.3
2.74,1.8,3.8,5,24.6,Clear,High,Night,Bike,Urban,Tuesday,47.3
8.13,2.6,4.0,4,13.3,Rain,Low,Afternoon,Bike,Urban,Friday,39.6
4.07,5.0,3.5,7,,Clear,High,Evening,Bike,Suburban,Sunday,47.4
3.0,3.2,3.4,2,24.9,Fog,Medium,Morning,Bike,Suburban,Tuesday,44.5
3.02,1.7,4.4,7,26.4,Cloudy,High,Afternoon,Scooter,Urban,Wednesday,53.4
6.95,0.6,4.3,7,15.9,Rain,Medium,Evening,Scooter,Urban,Thursday,43.7
5.18,8.1,3.7,5,14.5,Rain,High,Afternoon,Scooter,Urban,Sunday,51.6
6.98,2.5,4.3,3,8.5,Cloudy,Medium,Morning,Scooter,Urban,Monday,41.9
9.41,5.0,4.3,4,19.6,Rain,High,Evening,Bike,Urban,Saturday,72.7
6.15,1.8,3.9,3,10.5,Clear,Medium,Night,Scooter,Rural,Friday,35.8
8.05,4.4,3.8,2,11.1,Rain,Low,Afternoon,Car,Rural,Wednesday,43.8
,0.7,4.5,3,9.8,Rain,High,Evening,Bike,Urban,Saturday,42.8
2.84,1.8,4.3,7,19.7,Cloudy,High,Evening,Scooter,Suburban,Friday,44.5
5.23,2.8,4.8,2,10.3,Clear,Medium,Afternoon,Car,Suburban,Tuesday,26.7
1.1,2.0,4.3,4,12.8,Storm,High,Evening,Scooter,Urban,Wednesday,52.1
7.47,2.2,3.5,5,17.9,Fog,Low,Afternoon,Bike,Suburban,Wednesday,42.4
4.82,5.8,3.6,4,18.0,Cloudy,Medium,Evening,Bike,Urban,Wednesday,41.8
2.28,2.5,4.1,2,12.9,Storm,High,Morning,Scooter,Urban,Saturday,56.5
7.34,1.6,4.5,7,20.7,Cloudy,Medium,Afternoon,Car,Rural,Friday,52.6
0.81,2.5,4.3,3,6.6,Clear,Medium,Afternoon,Car,Suburban,Saturday,18.5
1.46,0.6,3.9,2,14.3,Cloudy,Low,Afternoon,Scooter,Urban,Thursday,13.6
1.46,2.9,3.5,3,15.7,Clear,High,Evening,Bike,Urban,Wednesday,39.2
4.68,2.7,4.7,3,18.9,Cloudy,Medium,Night,Car,Rural,Monday,38.9
3.4,2.9,4.7,4,19.3,Cloudy,High,Morning,Scooter,Urban,Saturday,51.7
8.59,1.1,3.6,6,13.3,Clear,Medium,Afternoon,Bicycle,Rural,Monday,50.6
17.45,4.0,4.4,4,23.8,Clear,Low,Afternoon,Car,Suburban,Wednesday,67.2
8.24,3.0,4.2,6,45.8,Rain,Medium,Afternoon,Scooter,Urban,Friday,84.5
0.6,7.9,4.4,1,12.5,Rain,Low,Afternoon,Scooter,Suburban,Saturday,19.1
11.37,6.1,4.7,4,23.0,Storm,Medium,Evening,Scooter,Suburban,Monday,69.3
2.3,1.9,4.7,4,15.1,Clear,Low,Evening,Bike,Suburban,Friday,17.9
5.66,1.8,4.3,3,10.3,Rain,High,Morning,Scooter,Urban,Monday,51.1
3.47,6.2,4.1,3,29.0,Clear,High,Afternoon,Bike,Urban,Saturday,52.2
11.85,1.6,4.0,4,14.0,Clear,High,Evening,Bike,Urban,Friday,75.5
7.78,1.7,4.1,6,36.8,Rain,Low,Afternoon,Car,Suburban,Saturday,66.8
10.76,4.2,5.0,6,14.1,Cloudy,High,Morning,Bike,Suburban,Monday,68.9
5.88,2.2,4.2,3,22.5,Rain,Medium,Afternoon,Car,Suburban,Thursday,44.1
2.73,4.2,4.4,6,26.3,Clear,Low,Afternoon,Scooter,Suburban,Tuesday,31.2
6.48,0.8,,6,11.8,Clear,High,Morning,Car,Urban,Thursday,52.0
9.41,2.5,3.8,3,9.6,,Medium,Evening,Car,Urban,Sunday,50.9
2.01,6.6,4.3,2,10.7,Clear,Low,Afternoon,Car,Suburban,Monday,17.9
5.38,1.8,3.9,4,12.8,Clear,Medium,Evening,Scooter,Urban,Friday,40.6
7.21,2.3,3.8,7,30.4,Clear,Low,Afternoon,Bicycle,Suburban,Tuesday,59.6
2.53,2.8,4.4,4,43.7,Clear,High,Evening,Bike,Urban,Thursday,69.6
3.03,2.4,3.7,3,,Rain,High,Morning,Car,Urban,Thursday,53.1
7.68,0.8,4.5,3,10.3,Clear,High,Morning,Scooter,Rural,Thursday,62.7
5.42,6.3,4.4,3,15.3,Cloudy,Medium,Afternoon,Bike,Urban,Friday,36.7
4.08,3.0,4.6,5,28.9,Cloudy,Medium,Afternoon,Scooter,Urban,Sunday,48.8
4.39,4.4,4.3,6,13.8,Cloudy,Medium,Afternoon,Scooter,Suburban,Saturday,37.1
12.68,6.9,3.8,5,10.0,Cloudy,Medium,Evening,Bike,Suburban,Sunday,49.5
8.1,2.3,4.6,3,15.9,Cloudy,Low,Afternoon,Bike,Rural,Tuesday,52.0
16.92,4.0,4.6,4,18.6,Rain,Medium,Morning,Bike,Rural,Sunday,72.7
16.34,0.2,4.5,7,15.8,Clear,Low,Afternoon,Bicycle,Suburban,Wednesday,67.8
,0.4,4.4,9,30.4,Rain,High,Evening,Scooter,Urban,Monday,61.3
7.93,3.3,3.6,8,18.8,Clear,High,Evening,Bike,Urban,Thursday,64.6
8.64,1.0,4.5,5,24.3,Cloudy,High,Evening,Car,Rural,Tuesday,79.1
7.69,4.5,3.7,4,7.6,Cloudy,Medium,Evening,Scooter,Urban,Saturday,42.4
9.75,5.1,3.9,4,12.1,Clear,Low,Evening,Car,Rural,Monday,46.9
0.53,2.0,3.8,6,18.6,Clear,Low,Evening,Scooter,Suburban,Thursday,29.6
6.93,4.8,3.6,4,17.0,Clear,High,Morning,Bike,Urban,Wednesday,59.9
4.48,2.7,4.2,3,23.8,Clear,Medium,Evening,Bike,Urban,Tuesday,42.9
,7.6,4.1,4,23.3,Cloudy,Medium,Evening,Car,Suburban,Sunday,57.1
2.76,1.2,4.7,5,14.4,Clear,High,Afternoon,Car,Urban,Thursday,43.5
3.93,3.0,4.6,3,11.1,Rain,High,Evening,Car,Urban,Wednesday,42.8
2.65,3.9,4.2,4,15.9,Fog,Low,Afternoon,Bike,Suburban,Saturday,32.1
1.41,5.6,4.4,6,20.2,Clear,Medium,Afternoon,Car,Urban,Saturday,31.7
5.27,5.3,4.1,2,10.8,Clear,Medium,Morning,Scooter,Urban,Thursday,33.6
3.95,2.4,4.1,2,22.2,Clear,Medium,Evening,Scooter,Suburban,Tuesday,44.9
0.77,2.7,4.2,6,23.2,Fog,High,Evening,Bike,Suburban,Sunday,57.7
9.87,1.7,4.1,3,12.0,Clear,High,Morning,Car,Urban,Wednesday,71.3
8.76,7.1,4.2,3,9.9,Clear,High,Afternoon,Bicycle,Rural,Tuesday,64.4
8.05,9.0,4.4,2,23.6,Storm,Medium,Morning,Bike,Rural,Monday,67.1
6.99,0.7,3.7,1,30.2,Cloudy,High,Morning,Car,Urban,Monday,70.1
8.4,6.1,4.0,3,20.3,Clear,Medium,Night,Scooter,Urban,Sunday,45.5
1.55,5.1,4.4,3,17.0,Fog,Low,Afternoon,Bike,Suburban,Sunday,30.2
1.34,0.3,3.9,5,23.5,Fog,High,Afternoon,Bike,Urban,Thursday,56.5
3.04,5.8,3.9,4,,Cloudy,Medium,Afternoon,Car,Suburban,Friday,
5.52,7.9,4.5,2,15.3,Clear,Low,Night,Bike,Suburban,Saturday,25.7
11.01,5.5,3.9,3,6.3,Cloudy,Low,Afternoon,Bike,Urban,Thursday,42.7
0.5,1.6,4.3,3,18.3,Clear,Medium,Evening,Car,Urban,Friday,29.9
13.23,10.0,4.2,5,,Cloudy,Medium,Afternoon,Scooter,Urban,Sunday,58.6
6.65,6.4,4.5,4,13.2,Clear,High,Morning,Car,Rural,Tuesday,54.1
9.39,1.7,4.1,2,14.1,Cloudy,Medium,Evening,Scooter,Urban,Monday,46.3
11.98,4.6,3.8,3,20.6,Rain,Medium,Morning,Scooter,Rural,Saturday,65.9
3.95,4.4,3.9,4,13.7,Storm,Medium,Evening,Car,Urban,Friday,48.1
2.98,1.2,4.8,4,15.4,Rain,Medium,Afternoon,Bike,Suburban,Tuesday,30.5
11.13,3.6,3.9,6,19.0,Clear,Medium,Evening,Bike,Rural,Wednesday,62.8
4.73,4.3,3.9,5,22.3,Clear,Medium,Evening,Scooter,Urban,Friday,43.2
2.47,2.3,4.0,4,26.8,Cloudy,Medium,Evening,Bicycle,Urban,Thursday,46.1
3.96,8.4,4.0,3,19.2,Clear,High,Morning,Bike,Suburban,Sunday,43.6
3.22,2.8,4.0,4,33.1,Clear,High,Evening,Bicycle,Suburban,Saturday,60.7
4.23,4.9,4.4,5,15.0,Rain,Medium,Night,Car,Urban,Thursday,39.9
8.38,3.5,4.2,7,19.4,Clear,Low,Afternoon,Scooter,Urban,Friday,38.7
3.2,2.0,3.9,3,15.9,Clear,Low,Afternoon,Scooter,Suburban,Friday,20.1
5.08,4.0,4.4,7,10.7,Cloudy,High,Evening,Bike,Urban,Monday,43.4
3.9,3.2,4.3,1,6.5,Storm,Medium,Morning,Scooter,Suburban,Thursday,36.3
3.87,9.9,4.7,7,12.6,Cloudy,High,Evening,Bike,Urban,Thursday,38.0
3.45,6.2,4.3,4,10.9,Clear,High,Evening,Scooter,Urban,Sunday,47.3
5.91,0.9,4.1,3,10.5,Cloudy,Medium,Morning,Bike,Suburban,Sunday,42.3
,1.9,4.1,2,5.8,Fog,High,Evening,,Urban,Monday,42.9
11.39,1.7,4.2,4,27.3,Clear,Medium,Evening,Bike,Rural,Saturday,69.5
4.85,0.3,4.3,3,16.6,Cloudy,Medium,Afternoon,Scooter,Urban,Friday,37.2
4.62,5.2,4.1,3,21.8,Rain,Medium,Evening,Bike,Urban,Monday,47.4
6.58,4.5,4.0,3,14.2,,High,Morning,Bike,Urban,Wednesday,56.0
0.87,1.4,4.4,7,15.7,Clear,Medium,Afternoon,Bike,Urban,Sunday,30.3
8.2,1.5,4.3,5,26.9,,High,Evening,Car,Suburban,Wednesday,89.9
3.37,0.6,4.2,3,23.3,Clear,,Morning,Scooter,Suburban,Friday,49.2
3.23,1.8,4.4,7,14.9,Clear,Medium,Evening,Scooter,Suburban,Friday,29.0
2.05,4.4,4.1,3,11.4,Clear,Medium,Morning,Car,Urban,Friday,30.6
2.27,10.7,4.2,4,31.2,Cloudy,Medium,Afternoon,Bike,Urban,Thursday,43.4
0.84,0.9,4.4,4,32.0,Clear,Medium,Morning,Car,Urban,Thursday,50.8
4.35,4.1,4.5,5,8.3,Rain,High,Evening,Bike,Suburban,Sunday,44.3
2.74,11.6,4.4,2,15.0,Rain,High,Evening,Car,Urban,Wednesday,39.9
7.34,3.0,3.9,7,14.5,Clear,High,Evening,Bicycle,Urban,Tuesday,70.5
5.27,2.9,4.3,6,15.3,Rain,Medium,Night,Car,Urban,Wednesday,42.3
4.74,3.4,4.2,2,15.0,Storm,High,Evening,Bike,Urban,Saturday,68.0
2.97,3.1,4.3,9,27.8,Clear,High,Evening,Scooter,Suburban,Thursday,55.6
3.58,5.3,4.8,4,19.8,Rain,High,Afternoon,Car,Suburban,Saturday,51.0
16.9,14.0,4.1,5,9.2,Storm,Medium,Night,Scooter,Rural,Tuesday,67.4
2.94,1.9,4.2,4,10.1,Rain,High,Evening,Bike,Urban,Friday,44.1
0.5,1.1,3.9,5,31.5,Cloudy,High,Evening,Scooter,Urban,Saturday,56.7
3.47,1.5,4.1,4,13.0,Fog,Medium,Morning,Bike,Urban,Thursday,35.0
1.83,5.6,3.9,6,13.9,Rain,Medium,Afternoon,Scooter,Suburban,Friday,21.2
3.26,3.8,3.7,3,25.1,Clear,High,Evening,Bike,Suburban,Friday,50.5
4.19,6.2,3.4,3,15.1,Clear,High,Morning,Scooter,Urban,Saturday,41.7
1.85,0.7,3.9,7,16.2,,High,Morning,Bike,Suburban,Wednesday,46.8
0.78,2.9,3.9,3,8.0,Clear,High,Night,Bike,Urban,Friday,31.2
3.52,5.2,4.1,6,13.2,Clear,Medium,Afternoon,Bike,Urban,Wednesday,34.1
9.84,0.7,3.9,2,10.1,Clear,High,Morning,Bicycle,Urban,Wednesday,74.7
4.04,4.1,4.5,5,23.3,Rain,Medium,Afternoon,Scooter,Urban,Thursday,43.3
11.57,2.9,4.2,5,15.2,Rain,Medium,Afternoon,Scooter,Rural,Wednesday,56.8
3.13,9.1,4.4,3,16.2,Clear,Medium,Evening,Car,Suburban,Monday,30.7
5.57,1.0,4.5,5,16.7,Clear,Medium,Night,Scooter,Suburban,Saturday,33.8
11.53,6.6,4.7,6,16.4,Clear,Medium,Night,Bike,Rural,Friday,50.2
8.67,2.4,4.5,5,8.1,Clear,Medium,Evening,Scooter,Suburban,Monday,35.9
10.38,0.6,3.8,3,10.9,Cloudy,Medium,Evening,Bike,Urban,Tuesday,52.3
5.17,2.0,4.5,3,19.9,Clear,High,Afternoon,Scooter,Urban,Friday,47.0
8.83,6.1,4.3,6,18.8,Storm,High,Evening,Bike,Urban,Thursday,88.1
12.45,5.7,4.7,3,11.1,Clear,Medium,Morning,Car,Rural,Friday,52.6
9.56,4.8,4.2,3,20.7,Clear,High,Morning,Scooter,Rural,Thursday,73.0
3.97,1.5,4.6,6,12.0,Rain,High,Night,Bike,Suburban,Saturday,45.8
0.57,9.2,4.2,8,18.7,Clear,Medium,Evening,Scooter,Urban,Monday,26.8
14.36,3.4,4.2,4,8.3,Clear,Medium,Afternoon,Bike,Urban,Friday,48.9
11.0,2.8,4.4,4,14.9,Clear,Medium,Evening,Scooter,Rural,Wednesday,56.1
2.89,3.4,4.0,6,24.5,Cloudy,Medium,Afternoon,Car,Urban,Wednesday,40.2
2.9,1.1,4.4,6,12.2,Clear,High,Afternoon,Car,Suburban,Sunday,42.5
6.58,0.7,3.6,5,8.9,Rain,High,Afternoon,Scooter,Urban,Saturday,52.4
1.49,3.0,4.3,2,18.3,Cloudy,Medium,Morning,Scooter,Urban,Tuesday,35.4
9.82,0.5,3.7,8,24.5,Rain,Low,Afternoon,Scooter,Suburban,Monday,53.7
8.22,5.9,4.4,6,39.1,Cloudy,Medium,Afternoon,Bike,Rural,Saturday,68.0
2.43,8.1,3.0,2,5.0,Rain,Medium,Afternoon,Scooter,Suburban,Tuesday,27.9
5.99,13.4,3.5,5,47.1,Rain,High,Morning,Scooter,Urban,Sunday,86.2
6.96,1.9,,4,,Cloudy,Medium,Night,Bike,Urban,Tuesday,40.6
8.67,5.7,4.2,7,29.2,Rain,High,Evening,Bike,Rural,Wednesday,82.3
5.85,0.3,4.1,1,23.8,Cloudy,Medium,Night,Bike,Urban,Monday,46.8
3.16,5.5,4.4,5,22.4,Clear,High,Morning,Bike,Urban,Thursday,45.7
3.2,3.0,4.5,5,24.4,Rain,High,Evening,Bike,Suburban,Tuesday,56.4
3.46,4.6,5.0,7,14.2,,Medium,Evening,Bike,Urban,Thursday,30.2
0.5,7.4,4.2,8,25.8,Cloudy,Medium,Afternoon,Scooter,Urban,Sunday,29.5
8.22,2.5,4.5,3,15.3,Clear,Medium,Morning,Scooter,Suburban,Tuesday,46.9
3.26,4.9,3.8,8,11.7,Clear,Low,Afternoon,Bike,Suburban,Friday,25.2
3.17,4.5,3.9,6,16.8,Clear,Medium,Afternoon,Scooter,Urban,Tuesday,30.6
8.97,3.9,3.8,3,16.8,Clear,Medium,Afternoon,Car,Urban,Friday,43.9
8.85,1.7,4.1,4,20.7,Clear,High,Afternoon,Bike,Rural,Wednesday,69.1
2.14,1.4,4.2,6,13.8,Clear,High,Afternoon,,Suburban,Friday,33.7
4.94,2.6,4.5,3,18.0,Cloudy,High,Evening,Scooter,Suburban,Saturday,53.7
5.57,5.9,4.3,5,24.3,Clear,Medium,Morning,Bike,Urban,Sunday,51.6
9.24,4.0,4.7,3,26.7,Storm,Medium,Afternoon,Bike,Rural,Sunday,70.7
18.2,4.9,4.7,3,19.5,Rain,,Evening,Scooter,Rural,Tuesday,107.6
3.49,4.6,4.2,3,12.1,Clear,Medium,Morning,Bike,Urban,Monday,28.7
4.07,12.8,4.1,3,15.1,Clear,Medium,Morning,Car,Urban,Monday,34.9
4.19,5.5,3.6,4,18.1,Clear,Medium,Morning,Car,Suburban,Friday,40.7
6.66,1.7,3.9,2,18.7,Clear,High,Morning,Bike,Suburban,Tuesday,51.5
1.97,3.0,3.8,3,25.9,Cloudy,Low,Afternoon,Scooter,Suburban,Saturday,31.8
10.31,6.3,3.9,6,24.9,Cloudy,Medium,Morning,Bicycle,Rural,Sunday,74.0
15.26,0.6,4.0,3,20.4,Cloudy,Medium,Afternoon,Scooter,Suburban,Tuesday,61.4
1.2,3.3,4.3,4,8.0,Clear,High,Night,Bicycle,Urban,Wednesday,33.6
2.09,2.5,4.3,2,16.0,Rain,High,Night,Car,Urban,Thursday,47.5
1.04,1.5,4.5,4,10.6,Clear,Medium,Morning,Bike,Suburban,Thursday,24.7
0.5,1.4,4.3,7,25.7,Rain,Medium,Afternoon,Bike,Urban,Thursday,32.1
2.04,5.4,3.9,5,17.3,Storm,High,Afternoon,Bike,Urban,Tuesday,58.6
2.16,5.9,4.4,7,28.3,Clear,High,Evening,Car,Suburban,Sunday,52.1
6.99,2.5,3.6,2,11.1,Rain,Medium,Evening,Bike,Urban,Friday,41.4
8.82,2.7,4.5,4,10.4,Rain,Medium,Morning,Scooter,Suburban,Tuesday,48.0
4.92,3.1,3.9,7,18.9,Cloudy,Medium,Morning,Scooter,Urban,Monday,39.7
8.13,0.3,3.3,3,11.5,Clear,High,Afternoon,Car,Urban,Saturday,65.8
6.59,10.1,4.4,3,19.1,Rain,Medium,Evening,Car,Urban,Monday,44.1
2.54,5.2,,3,15.7,Clear,High,Evening,Bike,Suburban,Sunday,42.5
5.35,6.3,4.6,3,12.4,Clear,High,Morning,Bike,Suburban,Thursday,44.1
1.83,2.5,4.5,3,20.0,Cloudy,Medium,Evening,Scooter,Urban,Sunday,34.1
4.07,5.1,3.8,3,11.9,Clear,High,Morning,Car,Urban,Saturday,46.7
4.72,1.2,4.7,2,19.4,Clear,High,Evening,Scooter,Urban,Sunday,56.8
6.08,5.0,3.4,7,14.3,Storm,Medium,Night,Scooter,Suburban,Saturday,53.2
13.47,3.4,4.3,3,10.7,Clear,Low,Afternoon,Car,Rural,Friday,49.5
1.41,1.2,4.7,4,6.6,Cloudy,High,Morning,Scooter,Suburban,Tuesday,33.7
3.99,8.9,3.8,2,14.5,Cloudy,High,Evening,Bike,Urban,Friday,
9.91,5.3,5.0,2,11.5,Clear,High,Afternoon,Car,Suburban,Friday,
2.39,13.6,4.2,4,15.7,Rain,Medium,Evening,Scooter,Urban,Thursday,34.4
1.9,1.7,4.3,1,23.9,Cloudy,Low,Afternoon,Car,Urban,Thursday,39.1
6.49,2.9,4.6,2,8.0,Cloudy,Medium,Evening,Bike,Urban,Tuesday,35.9
5.84,5.4,4.3,3,10.5,Cloudy,Low,Afternoon,Scooter,Urban,Wednesday,25.9
1.04,0.5,3.6,2,9.7,Fog,High,Morning,Bike,Urban,Monday,51.4
2.69,4.0,2.9,4,10.8,Fog,High,Afternoon,Bike,Suburban,Wednesday,48.1
1.65,5.4,3.8,6,10.7,Clear,High,Morning,Bike,Urban,Thursday,35.0
1.66,1.5,3.8,8,17.7,Clear,Low,Afternoon,Car,Suburban,Saturday,30.0
7.73,3.5,3.8,4,9.8,Cloudy,Medium,Evening,Bike,Rural,Thursday,47.5
5.54,2.0,3.9,7,35.5,Fog,High,Morning,Bike,Urban,Sunday,86.7
4.01,4.4,3.1,5,27.3,Rain,High,Morning,Bike,Urban,Sunday,65.7
1.39,5.1,3.7,2,18.2,Clear,Low,Morning,Scooter,Suburban,Monday,25.9
1.7,3.4,4.4,4,23.3,Fog,High,Morning,Scooter,Urban,Friday,56.7
5.23,5.9,4.5,5,9.7,Clear,High,Evening,Scooter,Urban,Wednesday,38.0
1.16,1.2,3.9,4,11.9,Clear,Medium,Night,,Urban,Saturday,24.7
0.75,6.0,4.4,5,17.2,Cloudy,,Morning,Scooter,Suburban,Thursday,28.1
2.85,10.1,3.2,8,15.6,Clear,High,Evening,Scooter,Suburban,Monday,33.1
4.02,1.3,4.3,3,9.9,Cloudy,Medium,Evening,Bike,Suburban,Tuesday,28.7
0.87,1.3,4.6,1,13.8,,Medium,Night,Scooter,Suburban,Friday,17.9
5.39,,4.3,7,13.4,Rain,High,Afternoon,Car,Urban,Monday,49.0
3.7,3.9,4.1,6,9.7,Fog,Medium,Afternoon,Scooter,Suburban,Wednesday,31.4
3.88,5.5,3.2,2,14.1,Clear,Low,Afternoon,Bicycle,Rural,Sunday,32.4
4.29,2.0,4.9,3,9.0,Cloudy,Medium,Evening,Bike,Urban,Monday,30.3
6.7,2.4,4.9,3,37.4,Rain,High,Evening,Car,Rural,Friday,90.6
9.29,7.1,4.4,5,25.0,Clear,High,Afternoon,Scooter,Rural,Friday,72.8
3.13,2.7,4.7,4,18.3,Rain,Medium,Afternoon,Scooter,Urban,Wednesday,38.5
4.06,2.2,4.2,6,19.7,Cloudy,High,Evening,Scooter,Urban,Monday,46.7
4.42,0.7,4.4,4,26.8,Clear,High,Evening,Bike,Urban,Monday,58.7
6.71,2.4,4.5,3,20.6,Rain,Medium,Afternoon,Car,Suburban,Sunday,48.3
3.89,1.3,4.1,1,29.2,Clear,High,Evening,Scooter,Urban,Friday,53.1
1.12,1.5,3.8,2,19.9,Clear,Medium,Afternoon,Scooter,Urban,Wednesday,26.7
1.91,1.9,4.5,2,10.5,Clear,High,Afternoon,Bike,Suburban,Saturday,35.5
24.76,,4.9,5,6.3,Rain,Medium,Afternoon,Bike,Rural,Monday,72.8
0.87,0.6,4.6,2,28.1,Fog,High,Evening,Car,Suburban,Monday,68.1
13.24,3.6,4.3,5,15.2,Clear,Medium,Night,Bike,Suburban,Tuesday,45.5
12.02,2.5,4.3,5,25.4,Clear,High,Afternoon,Bike,Urban,Saturday,86.5
1.1,4.2,4.3,4,27.2,Clear,High,Afternoon,Bike,Urban,Wednesday,43.5
7.53,4.6,3.3,3,18.5,Cloudy,Medium,Afternoon,Scooter,Suburban,Friday,44.6
5.33,1.8,4.1,3,14.5,Clear,High,Morning,Car,Urban,Tuesday,54.1
8.44,6.4,4.1,4,23.5,Clear,Low,Afternoon,Bicycle,Urban,Saturday,54.8
7.21,10.4,3.7,5,8.5,Clear,High,Morning,Scooter,Rural,Saturday,54.7
5.35,1.2,4.6,4,11.6,Cloudy,Medium,Afternoon,Bike,Urban,Wednesday,36.1
2.36,5.2,4.3,3,23.8,Cloudy,Medium,Morning,,Suburban,Tuesday,38.6
1.59,3.1,3.2,2,21.9,Cloudy,Medium,Afternoon,Bike,Suburban,Friday,35.2
4.26,3.4,4.2,6,17.6,Clear,Medium,Evening,Scooter,Suburban,Tuesday,36.2
6.56,6.5,4.6,2,22.9,Cloudy,Medium,Afternoon,Bicycle,Urban,Tuesday,53.1
6.15,5.2,3.9,6,12.8,Cloudy,High,Evening,Bike,Urban,Friday,47.4
7.89,2.7,3.8,5,21.8,Cloudy,High,Night,Bike,Urban,Thursday,68.3
2.1,7.1,3.7,6,9.8,Clear,,Evening,Scooter,Suburban,Saturday,31.8
11.96,3.1,4.2,4,22.3,Clear,High,Morning,Scooter,Urban,Wednesday,81.8
4.17,1.9,3.9,5,28.2,Cloudy,Medium,Afternoon,Scooter,Urban,Tuesday,51.9
1.52,3.8,3.6,4,26.9,Clear,High,Evening,Scooter,Suburban,Friday,49.3
7.51,7.7,4.8,4,11.0,Cloudy,Low,Afternoon,Bike,Urban,Friday,25.6
3.76,0.9,4.2,5,29.4,Clear,High,Morning,Scooter,Urban,Wednesday,56.3
2.6,4.9,4.0,6,16.9,Clear,High,Afternoon,Bike,Urban,Thursday,36.9
3.78,0.5,4.8,4,10.1,Cloudy,Medium,Afternoon,Scooter,Urban,Monday,31.5
0.72,5.5,4.3,6,17.5,Clear,Low,Afternoon,Bike,Urban,Thursday,24.4
10.44,4.4,4.1,2,22.1,Clear,High,Evening,Scooter,Urban,Sunday,73.8
8.28,8.7,4.2,3,30.3,Rain,Medium,Morning,Bicycle,Rural,Monday,71.1
8.84,1.1,3.9,8,23.9,Clear,Medium,Afternoon,Scooter,Rural,Friday,54.4
3.17,,4.1,4,31.1,Fog,Low,Evening,Bike,Suburban,Monday,46.9
8.15,1.8,4.4,1,18.0,Clear,Medium,Afternoon,Bicycle,Suburban,Wednesday,50.5
10.84,2.6,4.8,6,11.5,Rain,High,Evening,Bike,Suburban,Saturday,76.4
7.23,9.7,3.9,4,18.1,Rain,Low,Afternoon,Car,Rural,Friday,45.7
4.17,4.2,4.4,2,17.3,Clear,High,Afternoon,Bike,Urban,Monday,42.1
5.11,4.9,3.6,6,18.1,Cloudy,Medium,Night,Car,Urban,Thursday,45.6
8.1,2.5,4.3,2,12.1,Cloudy,Medium,Afternoon,Bike,Suburban,Monday,32.7
12.61,3.3,4.8,4,35.8,,Medium,Morning,Bike,Rural,Wednesday,74.4
5.34,6.6,4.2,5,11.8,Clear,Low,Night,Bicycle,Urban,Saturday,31.7
3.89,8.7,3.9,5,7.2,Fog,High,Evening,Scooter,Urban,Tuesday,49.2
1.22,3.4,3.9,3,17.8,Rain,Medium,Evening,Bike,Urban,Thursday,34.2
4.38,7.6,4.3,2,19.0,Storm,Medium,Morning,Bike,Urban,Thursday,56.8
3.28,3.3,4.2,1,11.5,Rain,High,Morning,Bike,Suburban,Saturday,45.9
1.36,1.9,4.0,6,13.5,Rain,Medium,Evening,Bike,Urban,Monday,34.6
15.4,3.9,4.4,2,27.9,Rain,Medium,Morning,Scooter,Rural,Thursday,81.2
4.12,1.8,3.8,5,15.7,Cloudy,Medium,Morning,Scooter,Suburban,Monday,32.2
6.26,4.1,4.5,3,12.1,Fog,High,Evening,Bicycle,Urban,Monday,71.9
3.39,1.2,4.0,4,9.8,Cloudy,Medium,Afternoon,Car,Suburban,Tuesday,26.5
1.75,5.3,4.4,6,16.1,Clear,Medium,Morning,Bicycle,Suburban,Friday,29.7
6.58,1.3,4.5,6,37.0,Cloudy,High,Morning,Scooter,Urban,Monday,78.2
11.33,1.9,3.4,3,,Clear,High,Afternoon,,Urban,Sunday,70.0
8.02,2.2,4.1,7,12.1,Fog,Medium,Evening,Scooter,Suburban,Thursday,49.9
5.5,1.4,3.6,3,21.0,Cloudy,High,Evening,Bike,Urban,Saturday,58.4
3.31,3.2,3.5,4,20.4,Cloudy,Medium,Morning,Bike,Urban,Tuesday,44.0
4.8,0.2,4.1,3,18.1,Clear,High,Morning,Car,Urban,Wednesday,56.2
6.44,3.0,4.3,3,16.1,Cloudy,High,Afternoon,Scooter,Urban,Friday,51.8
3.1,0.1,3.6,3,14.7,Clear,Low,Afternoon,Bike,Suburban,Wednesday,26.0
6.38,4.2,4.3,5,19.4,Cloudy,High,Afternoon,Scooter,Urban,Thursday,51.2
3.5,1.2,3.8,5,21.5,Cloudy,Medium,Night,Bike,Suburban,Saturday,38.7
0.53,4.5,4.2,1,21.6,Cloudy,Medium,Afternoon,Scooter,Urban,Friday,29.9
1.83,7.4,5.0,6,31.1,Clear,Low,Afternoon,Bike,Suburban,Saturday,36.0
3.64,2.2,4.0,5,17.5,Cloudy,High,Night,Car,Urban,Monday,48.0
6.69,3.5,3.7,5,22.4,Cloudy,Medium,Morning,Scooter,Rural,Friday,50.1
11.01,1.0,4.1,3,18.9,Rain,Low,Night,Bike,Rural,Friday,58.1
5.01,4.5,4.1,3,14.2,Fog,Medium,Afternoon,Car,Urban,Friday,41.3
0.93,5.2,4.0,4,13.3,Rain,High,Afternoon,Car,Suburban,Friday,40.6
6.43,0.9,4.2,7,15.9,Clear,High,Night,Car,Urban,Friday,54.9
3.19,5.3,4.1,3,9.2,Clear,Medium,Afternoon,Scooter,Suburban,Saturday,28.0
1.21,11.5,3.7,4,8.5,Fog,Medium,Afternoon,Bike,Suburban,Tuesday,22.4
6.39,2.6,4.5,4,22.7,Storm,Medium,Afternoon,Scooter,Urban,Monday,56.9
7.08,2.3,4.6,3,13.3,Clear,High,Evening,Car,Urban,Monday,59.7
4.55,6.5,4.0,4,5.7,Rain,Medium,Evening,Bicycle,Urban,Tuesday,36.8
5.18,2.1,4.3,8,24.8,Clear,Medium,Morning,Scooter,Suburban,Friday,46.0
4.45,1.1,3.4,6,15.2,Clear,Medium,Evening,Scooter,Suburban,Wednesday,34.9
6.25,3.0,4.1,3,17.4,Storm,High,Evening,Bike,Urban,Wednesday,70.1
3.57,5.6,4.9,4,14.5,Fog,Medium,Afternoon,Bike,Urban,Sunday,32.4
0.5,3.1,4.5,6,15.1,Storm,Medium,Morning,Bike,Urban,Sunday,45.5
1.86,2.7,4.2,8,19.9,Clear,Low,Afternoon,Bike,Suburban,Thursday,23.8
2.17,4.7,4.1,5,30.2,Cloudy,High,Morning,Scooter,Urban,Thursday,52.4
3.2,1.7,4.0,3,9.3,Fog,High,Morning,Bike,Urban,Tuesday,50.9
7.41,3.6,4.3,5,23.2,Cloudy,Medium,Afternoon,Scooter,Rural,Thursday,48.7
10.17,,4.5,4,11.5,Clear,High,Morning,Scooter,Urban,Wednesday,65.6
4.08,4.5,4.0,3,12.7,Cloudy,Medium,Afternoon,Bike,Suburban,Monday,26.7
5.18,6.8,4.4,3,20.9,Clear,High,Evening,Scooter,Urban,Saturday,53.9
3.67,8.4,3.8,5,22.4,Cloudy,Medium,Afternoon,Bike,Urban,Thursday,35.0
4.45,6.0,4.0,4,13.8,Rain,High,Night,Bike,Suburban,Tuesday,47.3
5.14,5.1,3.7,5,23.7,Clear,High,Night,Bicycle,Urban,Friday,57.4
8.05,3.1,4.2,4,18.7,Clear,High,Evening,Bike,Urban,Thursday,59.5
11.07,5.3,4.2,3,14.4,Cloudy,Low,Night,Bike,Rural,Wednesday,48.3
1.17,3.4,4.3,2,16.4,Cloudy,Medium,Evening,Scooter,Suburban,Tuesday,29.2
2.23,,4.3,3,27.8,Clear,High,Afternoon,Bike,Suburban,Monday,46.3
3.19,,4.4,2,20.6,Clear,High,Evening,,Urban,Thursday,47.5
7.52,0.5,4.9,8,18.2,Rain,High,Morning,Car,Urban,Wednesday,68.4
4.81,2.3,4.4,1,8.2,Clear,Medium,Evening,Scooter,Urban,Monday,35.7
10.05,1.8,3.4,6,17.3,Cloudy,High,Afternoon,Scooter,Rural,Saturday,74.0
1.47,3.5,4.1,2,19.5,Cloudy,Low,Morning,Car,Suburban,Saturday,36.9
6.61,5.8,4.1,3,20.5,Clear,Medium,Afternoon,Bike,Urban,Thursday,38.0
14.93,5.0,,4,10.4,Cloudy,Low,Night,Scooter,Rural,Saturday,50.6
1.93,0.8,4.5,3,21.5,Rain,High,Afternoon,Bike,Urban,Thursday,47.8
0.9,1.2,4.8,6,9.6,Cloudy,High,Morning,Bike,Urban,Tuesday,35.4
3.84,5.1,3.8,7,27.8,Cloudy,High,Morning,Bicycle,Urban,Thursday,61.1
3.91,12.4,4.6,3,8.0,Clear,Medium,Afternoon,,Urban,Wednesday,23.8
12.93,2.1,4.6,2,42.9,Clear,Medium,Evening,Bike,Rural,Thursday,94.3
2.55,1.1,4.3,2,24.4,Cloudy,Medium,Evening,Bike,Suburban,Sunday,41.4
2.22,2.5,4.5,5,13.7,Cloudy,Medium,Afternoon,Bike,Urban,Wednesday,25.9
2.15,1.0,3.9,3,40.9,Clear,Medium,Morning,Scooter,Urban,Tuesday,66.0
1.56,2.9,4.6,8,19.1,Clear,High,Morning,Bike,Suburban,Monday,43.0
3.52,3.5,4.6,3,23.0,Rain,Medium,Afternoon,Car,Urban,Sunday,48.6
6.88,6.7,4.3,6,13.4,Clear,High,Evening,Bike,Urban,Monday,47.1
7.08,4.7,4.3,5,20.8,Fog,High,Evening,Bike,Suburban,Sunday,72.2
1.63,5.7,3.8,7,35.0,Cloudy,High,Afternoon,Bicycle,Urban,Monday,63.1
7.73,2.9,4.5,9,19.0,Clear,High,Evening,Car,Urban,Saturday,73.3
4.12,9.8,4.2,8,18.1,Cloudy,High,Afternoon,Bike,Urban,Wednesday,47.3
6.56,1.0,,5,17.6,Clear,High,Evening,Scooter,Rural,Tuesday,58.1
6.37,3.0,4.5,4,28.4,Fog,High,Afternoon,Car,Urban,Tuesday,71.6
8.0,2.9,4.0,4,,Fog,Medium,Evening,Scooter,Suburban,Monday,54.7
2.68,1.9,3.9,6,12.9,Rain,Medium,Afternoon,Scooter,Urban,Monday,32.3
4.05,7.5,4.6,3,19.6,Cloudy,Low,Night,Scooter,Suburban,Tuesday,35.2
3.43,0.2,3.6,7,20.6,Fog,High,Afternoon,Bicycle,Urban,Friday,61.9
4.32,1.4,4.4,4,12.6,Cloudy,High,Morning,Scooter,Urban,Friday,46.0
3.35,3.5,3.7,3,10.8,Rain,Medium,Morning,Bike,Suburban,Wednesday,32.6
4.63,2.6,3.5,2,11.0,Clear,Low,Afternoon,Scooter,Suburban,Friday,25.1
0.5,3.1,4.4,2,15.7,Fog,Medium,Afternoon,Car,Urban,Saturday,30.1
2.6,1.5,4.3,2,12.8,Cloudy,,Evening,Scooter,Urban,Sunday,39.3
7.25,2.2,3.9,5,9.4,Clear,Medium,Evening,,Rural,Thursday,40.1
5.87,6.5,3.7,4,35.4,Storm,Low,Afternoon,Scooter,Urban,Wednesday,59.2
0.5,5.0,4.3,5,16.9,Rain,Medium,Evening,Scooter,Urban,Sunday,31.5
8.03,3.2,4.0,4,31.5,Fog,High,Evening,Bicycle,Urban,Sunday,99.5
4.07,5.5,4.5,9,15.5,Clear,High,Afternoon,Bike,Urban,Sunday,46.8
7.6,6.3,3.9,5,12.1,Cloudy,Medium,Afternoon,Scooter,Suburban,Friday,35.0
5.08,10.9,4.0,4,10.2,Rain,Medium,Morning,Scooter,Suburban,Friday,30.5
9.36,5.3,4.6,3,13.6,Clear,High,Afternoon,Bike,Urban,Sunday,64.1
5.3,6.1,3.8,4,,Rain,High,Evening,Scooter,Suburban,Thursday,52.8
0.96,1.8,3.6,4,11.1,Cloudy,Low,Night,Bike,Urban,Tuesday,17.3
6.06,4.4,3.8,4,26.7,Clear,High,Evening,Car,Suburban,Sunday,59.8
4.36,3.4,4.2,2,8.5,Rain,High,Afternoon,Car,Urban,Saturday,44.4
2.47,6.2,4.9,4,15.4,Clear,High,Evening,Bike,Urban,Monday,38.1
4.5,6.0,4.2,6,18.4,Rain,Low,Evening,,Suburban,Monday,34.7
5.39,5.9,3.8,3,29.5,Rain,Low,Afternoon,Bicycle,Urban,Sunday,54.4
4.67,7.2,3.8,4,8.6,Cloudy,High,Evening,Bike,Urban,Wednesday,41.5
1.19,4.7,,3,22.9,Cloudy,High,Morning,Car,Urban,Friday,48.0
9.94,1.9,3.5,5,21.7,Clear,Low,Morning,Bike,Suburban,Monday,48.5
6.66,5.1,3.4,6,17.7,Clear,Medium,Morning,Bike,Urban,Tuesday,39.5
3.89,6.2,4.2,4,19.0,Rain,High,Morning,Scooter,Suburban,Saturday,52.0
3.18,6.3,4.5,4,31.8,Clear,Medium,Evening,Bike,Suburban,Sunday,44.8
9.53,2.4,4.5,4,38.6,Clear,Medium,Afternoon,Car,Suburban,Thursday,69.5
4.64,0.6,4.3,11,20.9,Clear,Medium,Afternoon,Scooter,Urban,Monday,41.3
1.26,8.1,4.6,5,16.1,Cloudy,Medium,Afternoon,Scooter,Suburban,Tuesday,23.7
9.56,2.2,4.1,3,15.8,Rain,High,Afternoon,Scooter,Urban,Tuesday,68.3
7.07,3.0,4.0,5,30.5,Clear,Low,Afternoon,Scooter,Rural,Sunday,55.7
1.25,2.6,4.1,5,24.9,Clear,High,Morning,Car,Suburban,Wednesday,49.2
4.7,3.8,4.3,3,13.1,Clear,High,Evening,Scooter,Urban,Sunday,42.3
2.35,2.6,5.0,3,18.5,Clear,High,Morning,,Suburban,Saturday,35.7
3.61,3.6,4.1,2,14.0,Clear,Medium,Evening,Scooter,Urban,Thursday,33.3
5.23,1.8,4.2,2,19.3,Rain,High,Morning,Bike,Urban,Monday,57.9
0.5,7.5,4.8,6,20.1,Cloudy,Medium,Evening,Scooter,Urban,Sunday,33.6
4.3,4.9,4.4,4,12.4,Clear,Medium,Evening,Scooter,Suburban,Monday,34.8
8.26,3.6,3.5,4,10.4,Cloudy,,Morning,Bike,Suburban,Saturday,48.6
6.77,0.4,4.8,2,13.1,Rain,Medium,Morning,Bike,Rural,Wednesday,55.6
0.5,1.5,4.3,5,18.1,Clear,Medium,Night,Bike,Urban,Wednesday,24.8
6.82,5.5,3.1,3,18.5,Clear,Medium,Afternoon,Bike,Suburban,Wednesday,44.4
4.16,1.7,4.0,2,18.5,Rain,High,Evening,Car,Suburban,Wednesday,50.1
5.66,4.5,3.9,6,13.4,Clear,Medium,Morning,Car,Suburban,Friday,30.5
2.85,2.7,4.0,3,12.0,Rain,Low,Afternoon,Bike,Urban,Friday,24.4
4.61,3.6,4.1,5,15.5,Rain,Medium,Afternoon,Bicycle,Urban,Tuesday,44.6
9.63,,4.4,6,16.5,Fog,High,Evening,Bicycle,Suburban,Thursday,89.7
5.71,2.9,4.6,3,18.7,Clear,Low,Afternoon,Car,Urban,Wednesday,34.7
,5.4,4.6,5,16.4,,Medium,Evening,Bike,Urban,Sunday,31.1
7.81,5.5,4.8,4,16.4,Rain,High,Evening,Bike,Urban,Sunday,67.8
3.73,3.8,4.1,6,15.6,Cloudy,Medium,Morning,Scooter,Urban,Friday,36.2
0.51,5.6,3.4,7,25.5,Clear,Medium,Afternoon,Scooter,Urban,Sunday,30.0
2.03,1.1,3.2,3,23.9,Cloudy,High,Morning,Scooter,Urban,Wednesday,50.4
1.67,3.3,4.4,3,13.0,Clear,Low,Afternoon,Scooter,Suburban,Monday,22.0
6.35,2.4,4.1,5,14.9,Cloudy,High,Evening,Car,Rural,Monday,59.0
7.96,2.4,4.7,4,18.0,Fog,Medium,Afternoon,Bicycle,Urban,Saturday,55.3
6.61,2.2,4.3,11,39.5,Cloudy,Low,Afternoon,Scooter,Urban,Wednesday,66.8
2.42,6.9,3.5,4,26.8,Cloudy,High,Evening,Car,Suburban,Saturday,52.6
5.35,1.5,3.9,2,11.5,Storm,High,Evening,Car,Urban,Thursday,67.0
6.37,2.2,4.3,3,12.1,Rain,Medium,Afternoon,Bike,Rural,Monday,48.9
3.16,3.8,3.7,2,15.4,Clear,High,Evening,Car,Urban,Thursday,43.5
4.88,2.3,4.7,2,28.7,Cloudy,High,Morning,Bike,Urban,Friday,61.7
1.35,2.3,4.0,2,15.0,Clear,Medium,Evening,Bike,Urban,Thursday,25.7
3.37,2.5,4.0,4,26.2,Clear,Low,Afternoon,Bicycle,Urban,Saturday,39.9
3.4,4.9,3.5,9,31.2,Cloudy,Medium,Afternoon,Scooter,Suburban,Friday,40.3
2.19,7.2,4.9,4,16.8,Clear,High,Morning,Scooter,Urban,Wednesday,37.2
5.29,5.5,4.1,3,9.3,Clear,High,Evening,Bicycle,Suburban,Friday,48.7
5.32,10.4,4.3,4,9.2,Cloudy,Medium,Evening,Bike,Suburban,Wednesday,29.5
1.8,9.1,3.9,4,12.6,Clear,High,Afternoon,Bike,Suburban,Saturday,32.3
4.01,0.7,4.0,4,23.9,Cloudy,High,Evening,Bike,Rural,Wednesday,58.9
3.76,7.0,4.3,3,19.5,Clear,High,Evening,Scooter,Urban,Friday,42.3
1.97,9.0,4.3,3,6.4,Rain,Medium,Morning,Bike,Urban,Wednesday,29.4
2.88,4.8,4.4,6,21.8,Fog,High,Evening,,Suburban,Monday,59.1
0.5,3.0,4.5,6,10.9,Clear,Medium,Afternoon,Car,Urban,Friday,25.3
3.38,1.7,4.4,6,8.4,Rain,Medium,Night,Bike,Urban,Wednesday,29.8
2.99,5.2,4.4,5,21.7,Clear,Medium,Morning,Scooter,Urban,Friday,31.9
1.4,1.2,3.9,5,18.5,,Medium,Afternoon,Bike,Urban,Thursday,31.2
8.94,3.7,4.1,5,31.4,Clear,Low,Afternoon,Scooter,Rural,Monday,58.6
2.93,14.7,3.7,5,17.1,Clear,Medium,Afternoon,Scooter,Urban,Tuesday,23.9
4.09,1.0,4.0,4,18.5,Clear,Medium,Evening,Scooter,Suburban,Friday,35.6
12.1,3.7,4.3,3,14.6,Rain,Low,Afternoon,Bike,Rural,Thursday,54.1
5.52,6.3,4.3,2,15.0,Rain,Medium,Morning,Bike,Urban,Thursday,37.6
1.08,4.1,4.4,5,24.5,Storm,Low,Afternoon,Bike,Suburban,Monday,31.9
4.23,5.2,4.7,5,12.6,Fog,High,Evening,Bike,Urban,Wednesday,57.5
2.16,1.0,3.7,4,15.8,Clear,High,Evening,Scooter,Urban,Friday,42.4
7.55,10.2,3.4,7,25.7,Clear,Low,Afternoon,Bike,Urban,Sunday,44.0
10.97,4.0,4.1,4,28.7,Clear,High,Afternoon,Bike,Urban,Friday,81.0
8.2,1.3,4.7,8,26.5,Cloudy,High,Morning,Bike,Urban,Thursday,69.7
6.27,6.1,4.7,4,15.4,Rain,High,Evening,Car,Urban,Thursday,55.2
3.63,10.0,4.2,3,9.0,Clear,High,Evening,Scooter,Urban,Friday,34.2
6.62,2.8,4.0,6,15.8,Clear,Medium,Evening,Scooter,Urban,Saturday,45.2
0.77,3.2,4.2,6,24.1,Clear,Medium,Evening,Scooter,Suburban,Tuesday,31.5
2.36,7.1,4.6,4,9.6,Fog,High,Morning,Bike,Urban,Friday,48.0
5.36,5.9,3.9,1,21.8,Cloudy,Medium,Evening,Bike,Suburban,Tuesday,40.5
9.85,1.9,3.9,2,8.0,Rain,High,Morning,Bike,Rural,Monday,77.3
1.59,0.5,4.2,4,22.1,Cloudy,Medium,Morning,Scooter,Suburban,Monday,36.6
5.27,10.2,4.6,3,21.9,Clear,Medium,Afternoon,Bike,Suburban,Monday,35.6
9.23,2.5,4.5,5,19.0,,High,Afternoon,Bike,Suburban,Wednesday,67.5
8.71,1.4,3.4,3,24.1,Rain,Medium,Night,Car,Suburban,Monday,49.9
7.57,2.0,4.5,4,14.9,Rain,Medium,Afternoon,Car,Rural,Monday,51.9
15.33,8.1,,7,20.4,Clear,Medium,Evening,Bike,Rural,Tuesday,66.0
2.74,0.1,4.4,8,23.1,Clear,High,Evening,Car,Urban,Monday,50.9
4.3,7.0,4.1,3,24.5,Clear,Low,Evening,Bike,Suburban,Wednesday,36.4
7.31,4.8,4.3,4,14.9,Clear,Medium,Night,Bike,Suburban,Saturday,37.1
0.5,2.9,4.2,6,18.6,Clear,High,Afternoon,Bike,Urban,Thursday,39.0
4.12,3.8,3.9,3,39.8,Clear,Medium,Afternoon,Bicycle,Urban,Monday,71.0
1.92,5.7,3.9,7,19.2,Rain,Medium,Morning,Bike,Suburban,Wednesday,37.3
3.0,2.7,4.1,3,13.4,Rain,High,Afternoon,Car,Suburban,Thursday,45.8
7.31,2.0,3.7,2,10.5,Rain,High,Evening,Scooter,Urban,Tuesday,60.8
2.72,5.5,4.0,2,12.5,Rain,Medium,Afternoon,Scooter,Urban,Wednesday,27.5
3.64,4.1,4.0,3,23.6,Storm,Medium,Afternoon,Bike,Urban,Wednesday,51.5
3.78,8.5,4.5,3,17.7,Storm,Medium,Morning,,Urban,Thursday,43.1
12.13,8.0,4.4,4,41.1,Clear,Medium,Afternoon,Scooter,Rural,Friday,77.5
10.87,2.9,4.9,4,10.4,Clear,High,Evening,Bike,Rural,Thursday,71.4
4.71,3.4,3.5,1,19.6,Clear,Medium,Afternoon,Scooter,Urban,Monday,37.3
2.93,7.7,4.1,5,20.5,Fog,Medium,Evening,Bike,Urban,Monday,42.5
4.46,6.4,4.6,6,28.5,Clear,High,Evening,Car,Suburban,Sunday,60.4
2.83,4.9,4.3,2,11.1,Clear,High,Evening,Scooter,Suburban,Friday,38.2
10.82,7.1,4.1,3,11.9,Cloudy,,Afternoon,Scooter,Urban,Friday,68.2
3.65,1.1,3.8,3,19.7,Cloudy,Medium,Evening,Scooter,Urban,Sunday,43.3
8.07,4.9,4.4,3,6.6,Cloudy,High,Morning,Bike,Urban,Thursday,52.7
8.1,,4.2,3,19.0,Rain,Low,Afternoon,Bike,Suburban,Monday,42.8
4.72,6.1,4.0,7,16.7,Cloudy,Medium,Evening,Bike,Suburban,Friday,35.4
5.13,4.8,4.5,4,13.9,Rain,Medium,Evening,Scooter,Urban,Tuesday,40.9
9.96,6.9,5.0,6,29.8,Clear,High,Morning,Bike,Rural,Friday,85.6
5.84,8.1,3.8,2,,Rain,High,Evening,Bike,Suburban,Wednesday,58.5
5.34,1.3,4.4,7,27.6,Cloudy,,Morning,Bike,Rural,Monday,48.8
13.93,4.9,4.2,3,19.9,Clear,High,Evening,Bike,Urban,Monday,88.9
4.42,2.4,4.4,3,11.3,Storm,Medium,Night,Scooter,Urban,Wednesday,41.7
16.18,5.7,4.7,9,16.9,Fog,Low,Afternoon,Scooter,Rural,Friday,62.9
9.92,2.3,4.7,5,31.1,Rain,High,Evening,Scooter,Rural,Tuesday,93.1
7.99,2.4,4.0,4,14.9,Fog,Medium,Evening,Bike,Rural,Monday,57.1
2.48,4.0,3.5,3,13.4,Clear,High,Evening,Scooter,Suburban,Wednesday,35.7
2.77,1.3,4.1,4,15.8,Clear,High,Evening,Scooter,Urban,Saturday,40.2
0.66,1.8,4.1,2,13.3,Clear,High,Evening,Car,Urban,Saturday,39.7
12.31,5.2,3.1,3,16.2,Rain,Medium,Morning,Car,Urban,Friday,62.2
14.98,9.4,4.5,3,14.5,Rain,High,Evening,Car,Rural,Thursday,92.1
2.47,0.7,4.0,4,10.3,Storm,High,Morning,Car,Urban,Thursday,57.2
4.18,2.2,4.1,3,20.9,Rain,Low,Night,Car,Suburban,Tuesday,38.0
7.98,4.6,3.9,5,19.6,Cloudy,High,Morning,Scooter,Rural,Monday,69.3
6.5,0.9,4.1,5,17.0,Clear,High,Morning,Scooter,Rural,Monday,56.3
9.27,,4.6,7,17.7,Clear,High,Evening,Car,Rural,Saturday,72.8
3.78,4.3,4.2,4,16.1,Cloudy,High,Afternoon,Bike,Urban,Thursday,38.2
9.61,3.5,5.0,3,26.4,Rain,Medium,Afternoon,Bike,Urban,Monday,58.0
4.71,2.5,4.4,5,12.8,Clear,,Evening,Car,Rural,Thursday,53.4
6.0,1.1,4.4,1,13.0,Fog,Medium,Morning,Scooter,Urban,Tuesday,46.4
11.91,13.2,4.1,4,26.0,Rain,Medium,Morning,Bike,Urban,Thursday,57.9
10.38,2.1,4.1,6,16.0,Clear,,Afternoon,Bike,Rural,Friday,44.0
1.46,5.9,4.5,3,8.7,Fog,Low,Afternoon,Bike,Suburban,Saturday,18.5
2.84,,4.6,2,25.2,Cloudy,Medium,Morning,Bike,Urban,Friday,38.6
3.8,3.0,4.3,4,11.6,Rain,High,Morning,Scooter,Urban,Sunday,45.8
2.16,2.6,4.4,3,12.3,Clear,High,Afternoon,Scooter,Urban,Tuesday,31.9
10.13,1.2,4.1,2,29.6,Clear,Medium,Afternoon,Scooter,Rural,Friday,69.0
1.34,6.6,4.2,1,8.2,Clear,High,Morning,Bike,Suburban,Sunday,28.7
2.46,6.9,4.2,2,15.1,Cloudy,Medium,Evening,Scooter,Urban,Wednesday,25.3
5.1,3.1,4.2,4,35.2,Rain,High,Evening,Bike,Urban,Saturday,79.3
8.74,2.2,4.5,5,18.9,Storm,Low,Morning,Bike,Rural,Sunday,61.8
5.9,1.7,4.1,2,13.9,Fog,Medium,Afternoon,Scooter,Rural,Friday,48.6
10.29,3.3,3.9,2,42.2,Clear,High,Evening,Bike,Urban,Tuesday,102.1
1.71,1.9,4.0,4,9.7,Storm,Medium,Evening,Car,Suburban,Tuesday,43.9
6.76,3.9,4.0,6,18.4,Clear,High,Afternoon,Scooter,Urban,Friday,52.3
5.71,4.3,4.3,5,16.5,Clear,Medium,Afternoon,Bike,Urban,Saturday,41.3
5.93,4.4,3.9,4,20.3,Rain,Medium,Morning,Bike,Urban,Monday,52.1
1.0,1.7,4.6,5,15.7,Fog,High,Evening,Bike,Urban,Wednesday,49.2
3.83,1.9,4.0,5,19.5,Fog,Medium,Night,Bike,Urban,Tuesday,44.4
4.78,3.1,4.7,5,20.0,Rain,Medium,Night,Car,Urban,Thursday,48.2
5.27,6.5,4.2,5,21.2,Clear,Medium,Morning,Scooter,Urban,Saturday,44.0
3.51,4.4,4.4,6,13.4,Clear,Medium,Afternoon,Car,Urban,Thursday,34.4
6.02,1.6,4.5,4,14.3,Clear,Medium,Morning,Scooter,Urban,Thursday,46.9
3.66,4.4,4.6,6,11.9,Cloudy,Medium,Afternoon,Car,Suburban,Friday,28.3
2.05,0.1,4.4,4,11.4,Cloudy,High,Afternoon,Car,Urban,Thursday,37.7
2.16,5.6,5.0,5,19.6,Clear,High,Evening,Bike,Urban,Friday,36.9
12.0,7.1,4.2,2,17.5,Cloudy,High,Morning,Bike,Rural,Monday,78.1
2.24,2.4,,5,11.3,Cloudy,High,Night,Bike,Urban,Monday,34.9
10.72,3.7,4.1,2,9.5,Rain,Medium,Morning,Bike,Rural,Saturday,57.4
2.23,1.8,4.5,6,27.1,Clear,Low,Morning,Scooter,Suburban,Thursday,33.2
1.56,1.4,4.3,5,11.4,Clear,Low,Evening,Bike,Suburban,Wednesday,20.0
12.42,6.3,3.8,5,11.1,Cloudy,High,Evening,Car,Urban,Thursday,77.2
9.08,1.9,4.0,5,11.8,Rain,Medium,Afternoon,Bike,Urban,Friday,45.8
4.33,3.6,,2,,Clear,Low,Evening,Car,Suburban,Monday,39.4
2.76,5.0,3.9,3,12.1,Clear,Medium,Morning,Bike,Suburban,Thursday,24.1
6.41,4.0,4.1,7,19.1,Fog,High,Morning,Bike,Urban,Monday,72.3
14.16,1.1,4.3,4,24.3,Rain,High,Afternoon,Car,Suburban,Saturday,95.3
3.01,3.1,3.9,6,16.2,Clear,High,Afternoon,Scooter,Urban,Friday,38.0
16.98,5.5,3.9,3,21.1,Cloudy,Medium,Evening,Car,Rural,Saturday,76.5
2.75,3.1,4.4,4,16.2,Cloudy,High,Morning,Car,Suburban,Friday,41.7
1.17,3.3,3.8,7,14.1,Clear,High,Evening,Bike,Urban,Saturday,42.2
9.05,6.0,3.8,2,11.7,Clear,Medium,Evening,Bike,Rural,Wednesday,42.7
7.85,5.2,5.0,3,7.6,Fog,,Morning,Bike,Rural,Monday,47.1
6.2,2.5,3.9,1,8.4,Cloudy,High,Morning,Bike,Suburban,Sunday,53.6
1.47,8.2,3.5,8,26.8,Clear,Medium,Afternoon,Bicycle,Urban,Sunday,38.6
5.61,1.9,3.7,4,33.4,Rain,High,Evening,Car,Suburban,Sunday,70.1
7.12,2.4,3.4,4,17.9,Cloudy,,Evening,Bike,Suburban,Sunday,63.8
11.39,3.6,4.8,5,12.4,Cloudy,High,Evening,Scooter,Urban,Friday,71.6
5.31,5.0,4.1,9,24.0,Clear,Low,Afternoon,,Rural,Thursday,41.4
2.46,7.5,3.8,3,14.1,Clear,High,Morning,Bike,Urban,Saturday,38.4
3.14,2.5,4.4,2,29.3,Clear,High,Afternoon,Bike,Suburban,Monday,50.7
5.83,3.6,4.8,3,17.6,Storm,Medium,Morning,Car,Suburban,Saturday,57.2
3.65,8.2,4.1,5,12.5,Cloudy,Medium,Evening,Car,Urban,Saturday,34.0
6.45,6.3,4.8,3,22.9,Rain,Medium,Morning,Bike,Rural,Friday,53.9
2.73,4.5,4.0,1,13.4,Clear,High,Afternoon,Scooter,Urban,Wednesday,33.7
4.7,4.0,3.7,8,25.3,Rain,High,Afternoon,Bike,Urban,Friday,63.9
2.99,1.0,4.8,5,10.9,Cloudy,High,Afternoon,Scooter,Urban,Sunday,41.6
10.38,4.9,3.9,6,27.2,Cloudy,High,Evening,Scooter,Urban,Tuesday,86.4
5.24,2.6,3.9,4,9.9,Clear,Low,Afternoon,Bike,Suburban,Wednesday,27.9
1.8,6.8,4.5,4,24.3,Cloudy,High,Night,Car,Urban,Friday,40.3
8.34,3.8,4.2,1,8.7,Clear,High,Evening,Scooter,Rural,Saturday,59.8
8.13,1.2,4.1,1,22.7,Clear,Medium,Evening,Scooter,Rural,Friday,56.7
4.93,1.6,4.1,4,16.1,Rain,High,Evening,Scooter,Suburban,Friday,51.4
2.85,11.2,3.9,4,22.9,Clear,High,Evening,Scooter,Urban,Monday,45.6
3.49,5.1,4.2,9,15.7,Clear,Medium,Evening,Bike,Suburban,Thursday,31.9
3.83,2.4,4.3,4,12.1,Fog,High,Afternoon,Bike,Urban,Sunday,56.2
7.65,4.0,4.1,4,18.3,Clear,Medium,Afternoon,Car,Suburban,Wednesday,49.0
6.18,3.0,4.4,9,16.0,Cloudy,High,Evening,Scooter,Urban,Wednesday,49.2
4.63,6.7,4.3,4,12.7,Rain,High,Morning,Bike,Rural,Wednesday,46.9
10.05,5.5,4.3,2,11.8,Rain,High,Morning,Bicycle,Urban,Wednesday,79.0
12.06,14.6,4.0,2,15.5,Clear,Medium,Evening,Car,Urban,Wednesday,50.5
8.03,4.4,4.0,5,11.5,Cloudy,,Morning,Bike,Rural,Saturday,64.0
5.62,1.4,4.3,4,17.7,Cloudy,Low,Afternoon,Bike,Urban,Thursday,36.9
17.49,0.7,3.7,4,15.4,Clear,Medium,Evening,Scooter,Suburban,Friday,64.9
7.4,0.4,5.0,4,11.1,Rain,High,Morning,Bike,Rural,Thursday,63.4
4.68,6.3,3.2,3,21.0,Storm,High,Night,Bicycle,Urban,Sunday,73.4
6.47,3.8,3.9,3,31.7,Clear,High,Morning,Scooter,Urban,Tuesday,70.0
9.23,3.0,4.3,3,11.5,Clear,Medium,Evening,Bike,Urban,Monday,45.8
0.84,1.7,4.4,3,18.1,Rain,High,Evening,Scooter,Suburban,Wednesday,47.3
10.29,3.4,3.8,4,16.2,Cloudy,,Afternoon,Bike,Rural,Sunday,53.2
9.21,5.5,3.9,2,25.7,Rain,High,Morning,Scooter,Urban,Friday,75.7
6.62,3.1,4.2,2,10.2,Clear,Medium,Afternoon,Bike,Suburban,Friday,33.7
5.26,7.0,3.6,2,21.3,Clear,High,Afternoon,Car,Urban,Wednesday,46.3
4.7,9.6,3.7,4,17.4,Rain,High,Afternoon,Car,Suburban,Wednesday,54.3
8.92,4.0,4.5,4,18.2,Storm,Low,Night,Car,Suburban,Sunday,58.9
8.15,2.9,4.5,2,,Clear,High,Morning,Bike,Rural,Thursday,70.3
11.49,2.7,4.2,3,20.7,Rain,Medium,Evening,Bike,Urban,Friday,55.8
3.62,3.8,4.4,6,11.2,Clear,High,Morning,Car,Urban,Saturday,43.3
0.53,4.0,4.2,4,16.8,Clear,High,Night,Bike,Urban,Friday,33.1
8.22,4.4,3.9,4,9.3,,Medium,Morning,Bike,Urban,Tuesday,42.7
3.35,1.0,3.7,8,14.3,Clear,Medium,Afternoon,Bicycle,Urban,Wednesday,39.6
10.91,4.2,4.4,5,22.1,Rain,Medium,Evening,Car,Rural,Monday,69.6
4.91,4.2,3.9,4,17.2,Clear,High,Morning,Car,Urban,Sunday,58.4
2.8,5.4,4.5,5,17.6,Cloudy,Medium,Evening,Bike,Urban,Saturday,39.1
1.42,5.9,4.0,3,9.9,Clear,Low,Afternoon,Scooter,Suburban,Wednesday,13.3
7.88,7.3,4.6,2,14.7,Rain,,Afternoon,Scooter,Urban,Sunday,38.7
0.5,4.5,3.8,4,15.9,Fog,Medium,Afternoon,Scooter,Urban,Tuesday,33.5
20.63,5.9,3.7,2,22.3,Clear,High,Evening,Bike,Rural,Monday,112.4
4.34,4.5,4.2,4,18.4,Cloudy,Medium,Morning,Car,Urban,Monday,41.9
0.54,7.3,4.0,8,14.0,Storm,High,Morning,Bike,Urban,Sunday,56.9
8.66,3.4,4.2,5,17.7,Clear,High,Morning,Scooter,Urban,Tuesday,67.9
0.82,2.4,4.1,5,13.9,Rain,Medium,Afternoon,Car,Urban,Monday,35.4
2.72,3.7,4.0,1,,Cloudy,High,Morning,Car,Urban,Tuesday,44.8
12.29,8.3,4.0,2,11.1,Fog,High,Night,,Urban,Wednesday,84.4
5.78,2.5,3.3,6,17.3,Clear,High,Afternoon,Scooter,Urban,Thursday,51.4
9.18,8.2,4.7,4,12.0,Clear,High,Evening,Scooter,Rural,Tuesday,68.6
5.7,4.6,3.9,6,14.2,Clear,Low,Afternoon,Bike,Urban,Saturday,30.8
2.05,6.3,4.3,2,10.6,Clear,Medium,Afternoon,Bike,Urban,Sunday,22.3
5.92,4.9,3.4,4,18.0,Clear,Medium,Afternoon,Scooter,Urban,Wednesday,33.3
8.28,3.9,3.8,5,23.1,Storm,Low,Afternoon,Car,Rural,Sunday,62.2
3.79,2.4,4.2,6,22.3,Clear,High,Afternoon,Bicycle,Urban,Saturday,57.0
16.26,13.7,4.8,3,15.9,Clear,Low,Afternoon,Bike,Rural,Sunday,57.6
7.15,1.1,4.3,4,7.7,Clear,Medium,Afternoon,Bike,Urban,Monday,35.2
7.39,6.9,4.4,6,7.5,Clear,Low,Night,Bike,Rural,Saturday,35.7
3.15,0.8,4.0,5,9.2,Cloudy,Medium,Morning,Bicycle,Urban,Friday,38.7
2.69,9.1,4.1,3,24.4,Clear,Low,Afternoon,Car,Urban,Monday,27.5
2.1,5.5,4.1,4,35.8,Rain,Medium,Morning,Bicycle,Urban,Saturday,66.7
9.35,1.9,4.3,4,18.9,Rain,High,Afternoon,Scooter,Urban,Tuesday,69.8
3.13,2.0,4.6,2,24.7,Clear,Medium,Evening,Bike,Suburban,Saturday,40.1
7.24,3.7,4.0,3,13.3,Rain,High,Morning,Scooter,Suburban,Friday,64.4
6.01,0.8,4.2,4,18.3,Clear,Medium,Evening,Bike,Suburban,Thursday,46.5
1.59,7.2,4.0,6,12.2,Clear,High,Afternoon,Bike,Urban,Monday,32.5
9.35,2.2,4.0,8,26.6,Fog,High,Morning,Bike,Suburban,Sunday,87.1
4.07,1.3,4.6,2,19.9,Fog,Low,Night,Bike,Urban,Tuesday,35.9
6.83,6.4,4.3,3,28.9,Clear,Medium,Afternoon,Bike,Rural,Saturday,54.6
1.23,0.6,4.3,4,8.4,,High,Evening,Bicycle,Suburban,Friday,39.2
2.2,3.5,4.1,2,18.3,Clear,Medium,Afternoon,Car,Suburban,Monday,30.2
1.82,1.6,3.8,3,15.8,Cloudy,High,Night,Car,Suburban,Thursday,41.1
,4.8,4.4,2,8.5,Rain,High,Afternoon,Bike,Suburban,Sunday,32.2
5.72,7.3,4.5,4,13.9,Clear,Medium,Afternoon,Car,Urban,Sunday,34.9
1.89,0.7,4.5,2,10.0,Fog,Medium,Evening,Bike,Urban,Tuesday,32.3
4.53,7.3,4.1,4,13.3,Rain,Medium,Afternoon,Bike,Suburban,Tuesday,33.3
8.73,3.1,3.9,1,11.0,Clear,High,Afternoon,Bike,Urban,Tuesday,58.0
6.7,1.5,4.4,4,10.3,Rain,Medium,Night,Bike,Urban,Saturday,41.2
5.02,1.4,4.6,4,14.3,Rain,Low,Evening,Car,Suburban,Tuesday,38.1
0.6,3.2,4.5,3,6.7,Clear,High,Evening,Car,Urban,Monday,31.0
0.96,0.6,3.9,5,24.5,Cloudy,High,Evening,Bike,Suburban,Wednesday,44.1
2.58,3.1,4.3,4,22.8,Rain,High,Evening,Scooter,Urban,Sunday,55.0
5.3,3.4,3.4,2,28.7,Storm,High,Evening,Bike,Urban,Wednesday,78.2
1.86,5.0,4.7,2,11.1,Clear,High,Evening,Bike,Suburban,Friday,33.8
1.82,6.9,4.2,3,6.0,Cloudy,Medium,Afternoon,Scooter,Urban,Tuesday,16.6
8.46,5.3,4.2,6,33.8,Rain,High,Morning,Car,Suburban,Friday,85.3
3.46,8.3,4.7,3,14.1,Storm,Medium,Evening,Car,Suburban,Friday,44.3
1.01,1.7,3.9,3,13.3,Clear,High,Evening,Bike,Suburban,Sunday,32.5
5.39,4.6,4.2,4,11.9,Cloudy,High,Afternoon,Scooter,Urban,Friday,47.4
1.39,4.9,3.8,6,47.5,Rain,Medium,Morning,Bike,Suburban,Monday,73.6
5.3,8.2,3.6,6,15.4,Clear,High,Afternoon,Bike,Urban,Wednesday,44.6
3.06,4.8,4.3,1,26.1,Clear,High,Afternoon,Bike,Urban,Monday,48.7
4.24,2.1,4.2,5,11.1,Cloudy,High,Evening,Bike,Urban,Tuesday,41.9
1.77,3.5,3.3,7,13.9,Cloudy,Medium,Morning,Bike,Urban,Sunday,35.5
2.92,4.7,4.4,3,23.2,Rain,Medium,Evening,Bike,Urban,Thursday,38.9
2.6,1.0,4.1,2,16.2,Clear,Medium,Evening,Scooter,Urban,Saturday,38.6
1.97,8.9,4.4,7,22.5,Rain,Medium,Night,Bike,Urban,Monday,32.8
3.0,3.6,4.2,6,17.7,Clear,High,Morning,Bike,Suburban,Sunday,46.7
0.61,11.4,4.5,5,19.4,Rain,High,Night,Bicycle,Urban,Sunday,39.5
6.42,1.2,4.6,5,20.4,Clear,High,Evening,Car,Urban,Friday,59.7
6.17,1.8,4.2,2,16.9,Clear,High,Evening,Bike,Urban,Monday,54.6
3.13,5.0,4.5,2,9.9,Storm,,Morning,Bike,Urban,Sunday,57.0
3.2,2.7,4.5,3,16.5,Rain,Low,Afternoon,Bike,Suburban,Sunday,33.1
5.8,6.7,3.7,3,19.5,Clear,Medium,Evening,Bicycle,Rural,Tuesday,47.9
6.41,3.8,3.8,6,16.2,Clear,High,Afternoon,Bike,Urban,Sunday,46.4
2.5,3.6,3.8,2,14.4,Cloudy,Medium,Afternoon,Bike,Suburban,Sunday,28.0
7.43,3.5,4.4,3,17.8,Storm,Medium,Evening,Car,Urban,Tuesday,62.8
7.11,1.3,3.9,7,25.5,Clear,High,Evening,Scooter,Rural,Wednesday,69.8
7.45,3.8,3.4,5,14.4,Fog,High,Morning,Bike,Urban,Wednesday,71.5
0.5,1.7,3.8,4,19.3,Clear,Medium,Afternoon,Bike,Urban,Thursday,35.0
2.83,11.7,4.0,4,19.2,Rain,High,Morning,Bike,Urban,Sunday,44.6
6.49,0.5,4.3,3,19.7,Clear,High,Night,Bike,Urban,Sunday,58.8
7.18,4.2,4.6,2,24.6,Clear,Medium,Night,Bike,Suburban,Tuesday,41.1
1.32,4.5,4.5,9,25.5,Fog,Medium,Afternoon,Car,Urban,Thursday,39.5
5.49,5.0,4.2,5,13.5,Clear,Medium,Morning,Car,Urban,Thursday,41.9
5.09,5.9,3.8,6,15.7,Fog,High,Morning,Scooter,Urban,Thursday,62.0
10.44,0.9,3.4,4,15.1,Clear,Low,Afternoon,Scooter,Rural,Friday,44.1
16.27,4.7,,2,,Clear,High,Evening,Scooter,Suburban,Friday,86.5
20.31,3.4,4.0,3,15.2,Fog,Medium,Afternoon,Bike,Rural,Tuesday,79.3
8.68,3.0,4.2,2,14.0,Cloudy,High,Morning,Car,Suburban,Wednesday,65.3
4.31,6.4,4.5,6,19.3,Clear,High,Morning,Bike,Rural,Sunday,58.1
2.7,7.7,4.4,5,32.1,Cloudy,Medium,Morning,Bike,Urban,Wednesday,44.5
4.36,1.1,4.2,4,11.3,Clear,High,Evening,Bike,Urban,Thursday,44.3
2.84,3.6,4.0,4,13.3,Rain,High,Evening,Car,Urban,Sunday,49.3
1.9,5.7,3.6,6,21.1,Clear,High,Evening,Scooter,Urban,Saturday,44.2
7.27,3.8,3.8,6,8.6,Cloudy,High,Afternoon,Scooter,Suburban,Friday,48.3
1.29,7.4,3.8,5,15.5,Clear,Medium,Night,Scooter,Urban,Wednesday,22.7
0.5,2.0,5.0,9,26.2,Rain,Low,Afternoon,Car,Urban,Friday,34.5
6.2,7.0,4.9,8,21.1,Fog,High,Evening,Bike,Suburban,Friday,65.2
6.05,2.8,3.7,2,16.5,Rain,High,Night,Bike,Urban,Wednesday,58.0
1.0,1.6,4.3,5,19.3,Clear,Medium,Afternoon,Car,Urban,Monday,32.9
0.98,3.8,3.6,6,14.2,Clear,Low,Night,Scooter,Urban,Wednesday,18.1
3.67,3.2,4.2,3,16.9,Clear,Low,Afternoon,Scooter,Suburban,Thursday,28.7
4.61,1.0,4.0,5,32.1,Rain,Medium,Evening,Bike,Urban,Sunday,62.6
2.91,3.6,4.1,5,19.6,Clear,,Morning,Bicycle,Urban,Friday,43.1
2.46,6.3,4.5,8,25.1,Cloudy,Medium,Afternoon,Bike,Urban,Monday,34.0
3.51,8.0,4.3,2,23.3,Clear,Medium,Morning,Car,Suburban,Wednesday,42.3
5.87,5.7,4.5,2,15.9,Storm,Medium,Morning,Car,Urban,Thursday,53.5
1.05,1.9,4.3,4,17.5,Cloudy,High,Morning,Car,Urban,Thursday,45.9
10.68,4.5,3.9,4,18.5,Cloudy,Low,Afternoon,Bike,Rural,Monday,48.4
3.91,0.9,3.7,4,18.2,Fog,Medium,Evening,Scooter,Rural,Sunday,48.7
14.96,5.2,4.0,8,,Storm,Low,Afternoon,Bike,Urban,Sunday,61.0
4.28,4.9,4.0,3,14.6,Cloudy,Medium,Afternoon,Bike,Urban,Sunday,35.6
9.77,1.9,4.0,7,10.7,Rain,Medium,Night,Bike,Urban,Thursday,45.3
5.66,2.7,3.9,2,20.5,Cloudy,,Night,Bike,Suburban,Saturday,34.4
12.14,4.2,4.2,4,10.4,Clear,High,Morning,Bike,Urban,Friday,75.9
10.5,4.9,4.7,7,16.7,Clear,Medium,Afternoon,Scooter,Rural,Thursday,50.5
3.92,6.4,3.4,4,17.0,Rain,Medium,Evening,Bike,Suburban,Monday,37.3
3.19,0.9,3.7,3,10.4,Rain,Medium,Evening,Bike,Suburban,Tuesday,27.6
2.12,0.8,4.2,3,16.3,Clear,Low,Afternoon,Bike,Urban,Tuesday,22.1
3.2,,3.4,2,19.5,Clear,High,Evening,Scooter,Rural,Sunday,57.3
4.63,5.6,3.6,2,16.9,Rain,High,Morning,Bike,Suburban,Friday,51.9
7.09,2.9,5.0,4,32.3,Clear,High,Afternoon,Car,Suburban,Sunday,70.7
3.41,2.6,4.4,7,20.1,Rain,High,Evening,Bike,Urban,Friday,55.4
2.57,1.6,5.0,4,15.4,Rain,Medium,Evening,Scooter,Suburban,Monday,32.9
9.55,5.9,3.5,1,11.2,Clear,,Evening,Car,Suburban,Thursday,61.6
4.89,4.0,4.9,4,14.1,Clear,High,Morning,Scooter,Rural,Monday,48.9
3.79,4.8,3.7,3,26.9,Clear,Medium,Morning,Scooter,Suburban,Sunday,43.6
6.24,3.0,4.5,2,25.4,Clear,Medium,Morning,Car,Urban,Tuesday,47.0
1.87,2.7,3.3,6,23.9,Cloudy,High,Morning,Bike,Urban,Tuesday,48.6
3.83,3.4,4.3,4,9.0,Rain,High,Morning,Bike,Suburban,Thursday,40.1
13.32,3.2,4.3,2,11.5,Rain,Low,Afternoon,Bicycle,Rural,Saturday,67.4
1.84,7.6,4.0,4,15.6,Clear,,Afternoon,Car,Suburban,Thursday,33.8
5.76,1.5,3.6,7,16.3,Rain,Medium,Evening,Scooter,Urban,Monday,50.0
0.82,5.9,4.0,3,17.9,Clear,Medium,Afternoon,Bike,Urban,Saturday,24.4
3.36,2.2,4.2,3,19.0,Rain,Medium,Morning,Bike,Suburban,Monday,42.3
8.08,2.7,3.7,8,22.8,Clear,High,Evening,Car,Suburban,Friday,68.0
5.92,4.3,4.1,2,6.7,Cloudy,Medium,Morning,Scooter,Urban,Friday,36.2
8.42,5.5,4.1,3,7.3,Cloudy,High,Evening,Bike,Urban,Tuesday,51.8
2.62,3.1,4.3,3,16.4,Clear,Medium,Morning,Bike,Rural,Thursday,40.7
3.45,1.4,3.5,3,17.8,Storm,High,Afternoon,Car,Urban,Monday,67.0
,9.4,3.9,5,11.9,Clear,High,Night,Scooter,Urban,Wednesday,30.5
3.59,1.0,4.2,9,24.8,Clear,Medium,Evening,Bicycle,Urban,Friday,
7.5,1.4,4.0,4,13.5,Cloudy,High,Evening,Bike,Urban,Wednesday,60.9
10.37,8.2,3.7,4,16.0,Cloudy,High,Evening,Bike,Urban,Monday,75.5
13.53,6.9,4.5,5,10.6,Clear,High,Morning,Bike,Suburban,Friday,76.7
2.63,8.7,4.5,4,11.6,Clear,Medium,Evening,Scooter,Suburban,Saturday,24.9
0.71,2.2,4.4,4,11.3,Clear,High,Evening,Bike,Suburban,Saturday,37.9
0.52,1.8,4.0,10,25.0,Rain,Medium,Night,Bike,Suburban,Sunday,39.2
1.26,6.3,4.1,4,25.7,Cloudy,High,Afternoon,Bike,Urban,Thursday,41.7
7.0,1.4,4.6,6,35.5,Clear,Medium,Afternoon,Bike,Urban,Wednesday,63.6
5.21,,4.5,3,12.2,Clear,High,Evening,Car,Urban,Friday,48.3
5.45,1.0,4.6,5,8.8,Fog,High,Afternoon,Bike,Urban,Saturday,53.0
3.54,2.1,4.2,3,22.8,Fog,High,Afternoon,Scooter,Suburban,Thursday,58.2
2.62,1.6,4.4,3,7.7,Clear,High,Morning,Scooter,Urban,Sunday,38.1
9.46,1.2,4.4,3,22.6,Cloudy,High,Morning,Bike,Suburban,Friday,74.3
0.5,3.6,4.7,5,14.9,Clear,Low,Afternoon,Scooter,Urban,Wednesday,17.7
1.36,2.6,3.3,4,22.2,Clear,High,Morning,Car,Urban,Saturday,
6.09,4.7,4.2,4,14.3,Rain,High,Morning,Scooter,Urban,Tuesday,52.0
2.84,1.4,4.5,5,19.1,Fog,High,Morning,Scooter,Urban,Sunday,62.3
6.82,2.1,4.6,5,16.4,Clear,Low,Night,Car,Suburban,Wednesday,35.6
6.35,0.9,4.0,2,13.7,Rain,High,Morning,Bicycle,Suburban,Friday,62.4
5.88,2.5,4.3,3,17.5,Rain,High,Morning,Car,Urban,Friday,56.2
5.66,6.3,4.4,3,11.3,Rain,High,Afternoon,Bike,Suburban,Monday,47.6
7.28,5.5,4.6,6,12.2,Rain,High,Afternoon,Scooter,Suburban,Friday,52.4
7.28,3.1,4.3,3,19.2,Cloudy,High,Night,Scooter,Urban,Wednesday,58.6
3.86,11.3,4.2,3,14.7,Fog,Medium,Night,Bike,Urban,Wednesday,36.4
3.15,0.9,4.0,4,13.7,Clear,Medium,Afternoon,Scooter,Urban,Monday,28.1
4.93,6.9,4.6,4,15.8,Cloudy,High,Afternoon,Car,Urban,Saturday,48.0
12.41,1.5,4.6,5,19.3,Clear,Medium,Afternoon,Bike,Rural,Saturday,60.2
2.01,3.3,4.5,2,13.8,Rain,Medium,Morning,Car,Urban,Monday,37.9
3.35,5.0,4.4,2,20.2,Clear,Medium,Afternoon,Bicycle,Urban,Saturday,40.9
2.53,1.9,,4,20.7,Clear,Low,Morning,Bike,Suburban,Sunday,33.5
1.71,2.2,3.9,1,19.3,Rain,High,Morning,Bike,Urban,Monday,51.3
2.72,6.9,3.9,4,16.1,Clear,,Evening,,Suburban,Sunday,46.6
1.2,3.6,4.5,8,20.0,Clear,High,Morning,,Urban,Monday,45.5
1.04,1.0,4.6,2,10.8,Clear,Medium,Morning,Car,Urban,Saturday,29.7
11.13,2.6,4.2,3,10.7,Rain,Low,Afternoon,Bike,Urban,Thursday,45.7
1.55,2.0,4.2,3,17.2,Clear,Medium,Afternoon,Bike,Urban,Sunday,37.8
5.84,0.8,4.2,4,12.6,Clear,High,Morning,Bike,Urban,Wednesday,48.4
13.51,1.0,4.6,2,11.1,Cloudy,Medium,Morning,Bike,Suburban,Wednesday,53.0
8.16,4.2,4.4,3,21.0,Fog,Medium,Morning,Car,Suburban,Saturday,56.9
5.68,1.6,4.0,2,16.7,Rain,Medium,Morning,Bike,Suburban,Friday,
6.38,11.9,4.3,7,17.4,Clear,Medium,Evening,Bike,Urban,Friday,40.1
7.97,4.4,3.5,3,23.6,Fog,Low,Night,Scooter,Rural,Friday,55.2
8.29,6.4,3.9,1,17.5,Rain,High,Afternoon,Bicycle,Urban,Friday,72.4
11.8,0.6,3.5,5,25.1,Rain,Low,Afternoon,Bike,Suburban,Monday,56.0
2.96,4.4,3.8,4,20.3,Cloudy,High,Evening,Car,Suburban,Monday,45.4
1.0,3.7,3.9,3,17.7,Clear,Medium,Evening,Bike,Suburban,Tuesday,28.8
7.09,4.9,3.4,3,9.0,Rain,High,Morning,Car,Urban,Tuesday,64.9
16.08,0.3,4.6,1,19.3,Cloudy,Medium,Morning,Car,Suburban,Saturday,70.3
1.7,9.9,4.0,3,13.9,Clear,Medium,Afternoon,Car,Suburban,Wednesday,24.4
0.5,,4.0,7,26.7,Clear,High,Evening,Scooter,Urban,Thursday,38.1
3.39,3.1,,4,36.7,Clear,Medium,Morning,Bicycle,Suburban,Monday,60.3
2.41,3.5,4.4,4,20.4,Cloudy,,Afternoon,Bike,Urban,Sunday,33.9
4.47,1.8,4.7,4,12.5,Clear,Low,Afternoon,Car,Urban,Monday,29.6
2.11,8.9,4.3,4,9.1,Cloudy,Medium,Afternoon,Car,Suburban,Monday,27.1
3.3,0.5,4.3,3,7.8,Rain,High,Afternoon,Bike,Suburban,Saturday,43.5
1.59,2.4,3.4,6,15.4,Clear,High,Evening,Bicycle,Urban,Monday,44.3
0.54,2.5,4.1,5,18.8,Clear,Medium,Afternoon,Car,Urban,Saturday,27.9
3.58,1.8,4.4,6,10.5,Clear,High,Morning,Car,Urban,Wednesday,44.8
6.13,2.9,4.6,6,18.9,Clear,High,Morning,Bike,Urban,Saturday,56.5
1.24,2.4,,4,18.3,Rain,High,Evening,Car,Urban,Monday,48.1
14.43,1.6,4.9,9,29.7,Cloudy,Low,Afternoon,Bike,Urban,Wednesday,63.6
5.41,3.3,3.9,2,8.2,Rain,High,Morning,Bicycle,Suburban,Thursday,55.4
2.56,3.8,3.9,2,20.1,Storm,Medium,Afternoon,Bike,Urban,Friday,44.8
9.18,13.0,4.3,8,35.4,Clear,High,Evening,Scooter,Urban,Saturday,79.1
7.28,1.6,4.6,6,21.4,Rain,High,Evening,Bike,Urban,Tuesday,74.3
5.93,4.4,4.7,4,18.7,Cloudy,High,Evening,Scooter,Urban,Friday,54.3
4.34,4.3,3.4,4,14.6,Cloudy,Medium,Evening,Bike,Urban,Tuesday,42.3
2.62,6.0,4.2,5,19.1,Clear,Medium,Afternoon,Car,Urban,Saturday,37.2
5.04,5.5,4.5,6,11.5,Clear,High,Afternoon,Car,Urban,Sunday,46.7
4.33,0.7,4.5,4,29.0,Cloudy,High,Morning,Bike,Urban,Monday,67.6
8.86,2.8,4.4,2,18.1,Cloudy,Medium,Evening,Car,Urban,Monday,55.3
8.19,1.5,4.1,1,11.2,Clear,High,Evening,Scooter,Rural,Saturday,60.9
3.04,1.7,3.0,3,24.5,Clear,Medium,Morning,Scooter,Urban,Sunday,41.4
3.0,1.0,4.9,3,9.7,Cloudy,High,Evening,Bike,Urban,Friday,39.6
2.06,2.8,4.4,5,14.2,Rain,Medium,Afternoon,Bike,Urban,Thursday,28.3
4.5,4.5,3.8,2,11.4,Cloudy,High,Morning,Bike,Urban,Saturday,43.6
2.73,8.1,4.0,4,10.6,Clear,Medium,Afternoon,Scooter,Urban,Wednesday,26.9
1.36,3.5,4.2,5,12.9,Clear,Medium,Evening,Scooter,Suburban,Sunday,29.4
6.85,1.7,4.3,6,17.1,Rain,Medium,Night,Scooter,Urban,Saturday,49.3
2.53,3.8,3.6,4,11.2,Rain,High,Afternoon,Bicycle,Urban,Sunday,45.1
3.17,4.8,3.8,5,14.4,Clear,Medium,Night,Bike,Urban,Saturday,28.8
10.1,7.4,4.3,2,19.2,Cloudy,High,Evening,Car,Urban,Sunday,75.1
11.82,1.5,3.9,2,8.7,Clear,High,Evening,Car,Rural,Monday,80.7
5.56,1.0,,1,19.3,Cloudy,High,Evening,Car,Urban,Sunday,60.3
4.47,4.0,3.8,4,11.4,Clear,High,Afternoon,Scooter,Urban,Tuesday,42.2
11.57,3.3,4.1,3,12.1,Cloudy,High,Evening,Bike,Urban,Wednesday,79.7
3.25,2.6,3.5,3,14.0,Fog,High,Evening,Car,Urban,Wednesday,57.7
2.11,3.1,4.8,1,15.5,Clear,High,Evening,Car,Urban,Tuesday,38.5
8.83,1.5,4.6,4,31.2,Clear,High,Morning,Car,Urban,Thursday,88.3
5.57,0.6,4.5,6,17.6,Clear,Medium,Evening,Bike,Urban,Thursday,44.3
1.75,5.4,4.2,6,13.1,Clear,Low,Night,,Urban,Tuesday,16.2
5.58,5.1,3.7,3,40.3,Fog,Medium,Afternoon,Bike,Suburban,Wednesday,66.9
1.02,1.1,3.8,4,15.5,Storm,High,Night,Scooter,Urban,Wednesday,55.4
7.69,3.0,4.7,6,27.8,Clear,Low,Afternoon,Car,Urban,Friday,46.7
4.6,5.0,3.8,4,22.4,Fog,,Morning,Bike,Suburban,Friday,44.7
5.1,4.6,4.1,3,11.1,Clear,Medium,Morning,Bike,Urban,Friday,31.5
9.78,,4.0,3,16.3,Cloudy,High,Evening,Bike,Rural,Saturday,79.2
7.84,3.7,4.1,5,28.8,Cloudy,Low,Evening,Bike,Rural,Friday,57.2
,,4.1,6,24.4,Clear,Low,Afternoon,Bike,Urban,Tuesday,40.5
4.01,5.7,4.1,4,12.5,Cloudy,High,Evening,Bike,Urban,Thursday,36.5
2.7,2.8,4.0,3,34.8,Cloudy,Medium,Afternoon,Bike,Suburban,Thursday,50.2
4.48,3.8,4.0,4,16.9,Clear,High,Afternoon,Scooter,Urban,Monday,41.6
3.72,4.3,4.1,8,16.1,Storm,High,Evening,Car,Urban,Sunday,62.0
4.18,2.9,3.8,2,37.8,Clear,High,Evening,Bike,Urban,Monday,71.2
1.25,4.3,3.6,5,34.7,Clear,High,Evening,Bike,Urban,Sunday,60.7
2.35,5.8,4.0,2,18.3,Fog,Low,Evening,Car,Suburban,Monday,39.0
0.5,1.5,3.8,2,22.1,Clear,Low,Night,Bike,Suburban,Friday,30.1
8.36,6.7,4.1,6,26.4,Clear,Low,Afternoon,Bike,Rural,Wednesday,44.5
1.56,2.3,3.7,3,14.8,Clear,High,Afternoon,Scooter,Suburban,Sunday,35.5
0.76,4.4,3.4,4,22.3,Clear,Medium,Morning,Bicycle,Suburban,Saturday,38.0
4.48,2.8,4.7,3,8.4,Clear,Medium,Evening,Bike,Urban,Monday,27.7
5.5,4.0,3.9,4,15.1,Clear,High,Evening,Bicycle,Rural,Monday,62.1
4.68,6.4,3.3,1,21.1,Cloudy,Medium,Evening,Bike,Rural,Friday,49.5
5.01,3.3,4.4,4,16.3,Cloudy,High,Afternoon,Bike,Suburban,Tuesday,46.4
6.66,4.3,4.0,4,24.2,Rain,Medium,Morning,Bike,Suburban,Monday,53.6
2.77,7.6,4.1,4,8.8,Fog,Medium,Evening,Car,Urban,Sunday,35.6
7.69,2.4,4.2,4,8.4,Clear,Low,Night,Scooter,Urban,Friday,31.3
14.03,1.7,4.5,2,19.5,Fog,Medium,Afternoon,Scooter,Rural,Monday,68.7
3.59,6.1,4.2,4,21.9,Rain,Medium,Morning,Bicycle,Urban,Thursday,48.3
3.58,2.9,3.6,3,22.9,Fog,High,Afternoon,Scooter,Urban,Tuesday,62.0
2.25,2.6,3.7,5,21.8,Rain,Medium,Afternoon,Bike,Urban,Saturday,39.8
4.25,6.8,,2,34.7,Clear,Low,Afternoon,Scooter,Suburban,Monday,47.3
6.69,1.9,3.9,5,23.0,Clear,Medium,Afternoon,Bike,Urban,Wednesday,49.9
8.58,4.5,4.3,3,17.0,Fog,Medium,Evening,Scooter,Urban,Tuesday,54.9
1.76,8.4,3.8,2,11.6,Cloudy,Medium,Afternoon,Car,Urban,Sunday,28.1
3.77,1.4,3.9,6,24.2,Fog,Medium,Afternoon,Scooter,Urban,Monday,46.1
5.9,8.6,3.8,4,10.7,Rain,Medium,Morning,Bike,Urban,Friday,38.5
0.8,2.5,3.9,6,25.8,Clear,High,Night,Scooter,Urban,Thursday,42.3
0.5,2.6,4.4,3,15.0,Clear,Low,Afternoon,Bike,Suburban,Saturday,16.7
3.65,1.0,4.0,8,17.4,Storm,Medium,Afternoon,Bike,Urban,Tuesday,44.3
1.81,3.9,4.5,3,7.8,Clear,Medium,Morning,Scooter,Urban,Saturday,22.5
1.59,1.5,3.9,4,13.3,Rain,High,Evening,Bike,Urban,Sunday,44.1
1.89,4.6,4.1,6,30.3,Storm,High,Evening,Bike,Urban,Tuesday,67.4
1.91,3.1,4.0,7,12.7,Clear,High,Morning,Scooter,Suburban,Tuesday,31.7
4.94,3.9,4.2,4,11.4,Clear,Medium,Morning,Bike,Urban,Sunday,34.4
0.5,5.1,4.3,3,10.6,Cloudy,High,Morning,Bike,Urban,Thursday,32.2
4.69,9.9,4.1,5,12.7,Rain,Medium,Evening,,Suburban,Saturday,41.0
2.91,3.3,5.0,4,19.4,Cloudy,High,Night,Bike,Urban,Saturday,45.0
1.12,4.7,4.7,3,15.5,Clear,Medium,Afternoon,Bike,Suburban,Wednesday,26.1
,4.2,,3,22.3,Clear,Medium,Afternoon,Car,Rural,Tuesday,53.3
4.88,3.8,4.6,4,13.2,Clear,Medium,Evening,Bike,Suburban,Wednesday,30.6
6.01,1.1,4.6,5,14.3,Clear,Medium,Evening,Car,Rural,Friday,48.8
5.34,1.8,3.6,8,44.4,Clear,Medium,Afternoon,Scooter,Urban,Thursday,70.4
8.17,1.2,3.3,6,18.9,Rain,High,Morning,Scooter,Urban,Saturday,74.8
0.5,7.9,4.2,3,28.9,Clear,Low,Afternoon,Bike,Urban,Thursday,29.8
1.62,8.0,4.1,1,5.8,Rain,High,Evening,Bike,Urban,Saturday,36.4
0.5,5.1,3.2,4,16.6,Fog,High,Evening,Car,Urban,Monday,57.1
6.25,6.1,4.2,5,15.0,Cloudy,High,Evening,Bike,Urban,Thursday,51.8
3.27,1.2,4.2,5,11.6,Cloudy,Medium,Evening,Car,Urban,Monday,39.4
2.7,4.6,3.9,6,24.4,Clear,Low,Afternoon,Car,Urban,Monday,33.8
5.97,2.1,4.7,4,12.6,Cloudy,Low,Afternoon,Scooter,Suburban,Wednesday,28.9
2.37,1.5,4.1,6,27.3,Clear,Medium,Morning,Bike,Urban,Sunday,43.7
6.04,6.1,4.0,4,14.2,Clear,High,Evening,Car,Urban,Wednesday,47.2
1.35,4.6,4.1,2,17.1,Cloudy,High,Evening,Car,Urban,Tuesday,44.4
3.66,1.3,3.6,4,14.9,Clear,Low,Afternoon,Bike,Suburban,Friday,28.8
6.78,7.4,3.8,7,21.0,Clear,High,Morning,Car,Urban,Friday,50.5
0.91,3.1,3.1,6,22.6,Cloudy,Medium,Evening,Bike,Suburban,Thursday,36.1
1.92,5.3,4.3,3,31.5,Cloudy,High,Evening,Bicycle,Urban,Wednesday,60.6
2.69,2.3,4.5,6,23.4,Clear,High,Evening,,Urban,Wednesday,48.5
16.64,3.9,4.2,2,10.4,Clear,High,Morning,Bike,Rural,Tuesday,94.0
4.53,5.5,4.2,6,21.3,Clear,High,Night,Scooter,Urban,Wednesday,45.3
1.15,1.4,4.1,7,20.2,Cloudy,High,Evening,Bike,Urban,Tuesday,44.7
12.03,8.7,4.7,7,17.2,Cloudy,High,Evening,Bike,Urban,Friday,81.8
10.26,5.1,4.1,1,10.6,Clear,High,Evening,Bike,Urban,Sunday,62.9
4.28,4.2,4.5,2,31.6,Cloudy,High,Night,Car,Urban,Tuesday,62.6
14.25,0.4,4.4,4,21.1,Storm,High,Night,Bike,Urban,Tuesday,104.1
2.24,3.3,3.6,5,10.5,Cloudy,High,Evening,Scooter,Urban,Sunday,38.4
6.32,6.2,4.4,4,11.4,Cloudy,Low,Afternoon,Scooter,Rural,Friday,35.6
1.64,0.6,3.7,2,26.9,Cloudy,Medium,Afternoon,Scooter,Urban,Friday,39.5
5.99,8.0,3.9,9,26.5,Rain,High,Evening,Bike,Urban,Sunday,64.2
12.82,0.9,4.1,4,6.8,Fog,Medium,Evening,Bike,Suburban,Friday,56.4
7.41,3.9,4.6,6,15.3,Clear,Medium,Morning,Bicycle,Urban,Saturday,48.1
5.15,9.0,3.9,5,16.9,Clear,Low,Morning,Car,Rural,Wednesday,41.2
2.37,4.4,4.3,1,12.6,Clear,Medium,Night,Bicycle,Urban,Sunday,34.5
6.82,5.7,3.5,2,19.2,Rain,Medium,Evening,Car,Suburban,Friday,
5.26,6.1,4.1,4,25.3,Clear,Low,Night,,Rural,Monday,40.6
3.62,4.8,4.0,2,7.1,Fog,Medium,Afternoon,Bicycle,Urban,Friday,37.2
0.84,1.7,4.6,7,17.6,Clear,High,Evening,Scooter,Suburban,Monday,38.5
2.95,2.8,3.8,3,18.6,,Medium,Evening,Car,Suburban,Thursday,36.2
4.27,1.8,3.5,8,24.9,Clear,High,Afternoon,Bike,Suburban,Monday,48.1
4.42,8.5,4.0,4,19.7,Cloudy,Medium,Morning,Bike,Urban,Friday,41.3
5.52,2.8,3.9,3,8.1,Cloudy,Medium,Night,Scooter,Urban,Thursday,30.2
9.8,6.5,4.2,3,11.4,Rain,Medium,Morning,Scooter,Urban,Thursday,47.5
10.69,5.2,4.6,5,14.9,Cloudy,High,Evening,Scooter,Rural,Friday,75.0
7.31,3.8,4.0,2,21.7,Clear,High,Evening,Scooter,Urban,Tuesday,59.5
6.6,1.7,4.3,4,15.8,Rain,Medium,Evening,Scooter,Urban,Wednesday,49.9
11.25,2.0,4.1,7,19.3,Fog,Medium,Afternoon,Car,Rural,Thursday,63.1
3.66,2.2,4.3,4,24.7,Rain,Medium,Evening,Bike,Urban,Friday,54.2
8.0,1.3,3.8,3,18.2,Rain,High,Morning,Bike,Suburban,Sunday,76.7
6.76,10.5,4.1,3,10.9,Cloudy,Medium,Evening,Scooter,Urban,Wednesday,40.0
2.11,5.0,4.5,3,20.7,Fog,High,Morning,Scooter,Suburban,Friday,50.5
5.84,3.8,3.8,2,32.6,Cloudy,Medium,Evening,Car,Urban,Sunday,59.3
4.52,0.7,4.1,2,9.8,Fog,Medium,Evening,Bike,Urban,Friday,41.1
5.25,3.0,4.1,2,26.6,Rain,High,Morning,Bike,Urban,Wednesday,66.2
8.76,3.2,3.6,3,13.6,Clear,High,Morning,Bicycle,Urban,Wednesday,75.3
2.23,3.6,4.4,6,16.9,Clear,Medium,Evening,Bike,Urban,Sunday,34.1
2.05,3.7,3.9,6,16.7,Rain,High,Morning,Scooter,Urban,Thursday,38.3
4.82,4.8,4.1,2,20.2,Rain,Medium,Morning,Bike,Suburban,Tuesday,44.8
2.42,1.2,4.4,3,16.7,Cloudy,High,Afternoon,Scooter,Urban,Thursday,35.7
1.02,2.4,4.4,7,13.9,Storm,Medium,Night,Car,Urban,Tuesday,40.1
1.5,4.6,3.7,4,38.2,Cloudy,Medium,Evening,Bike,Urban,Friday,57.1
14.3,4.7,4.3,2,18.2,Clear,Medium,Afternoon,Bike,Urban,Sunday,55.8
4.24,3.9,4.5,2,15.6,Cloudy,High,Night,Car,Suburban,Sunday,51.0
5.95,5.8,3.9,8,23.7,Clear,High,Afternoon,Bike,Urban,Friday,53.9
9.94,2.8,4.4,3,9.4,Cloudy,High,Afternoon,Bike,Rural,Sunday,69.7
8.21,3.3,4.3,5,20.1,Fog,,Afternoon,Scooter,Suburban,Saturday,49.6
0.5,5.8,4.3,3,16.1,Clear,Low,Afternoon,Scooter,Suburban,Sunday,15.3
10.82,1.3,4.5,6,12.2,Rain,Medium,Afternoon,Scooter,Suburban,Sunday,50.7
4.18,8.6,3.8,4,11.5,Rain,Medium,Evening,Bike,Urban,Sunday,33.6
8.69,5.4,3.8,5,17.2,Clear,High,Morning,Bike,Rural,Tuesday,68.8
9.81,2.2,4.6,3,17.2,Rain,Medium,Evening,Bike,Suburban,Tuesday,51.8
5.69,6.0,4.0,4,21.8,Rain,High,Morning,Car,Urban,Monday,61.4
3.74,1.4,3.6,4,8.9,Cloudy,High,Afternoon,Bike,Urban,Friday,39.6
1.14,7.8,4.1,2,14.2,Clear,High,Morning,Bicycle,Urban,Sunday,38.6
3.84,0.7,4.1,5,16.5,Clear,High,Evening,Bike,Suburban,Sunday,50.3
4.55,1.2,4.2,1,11.4,Cloudy,High,Evening,Bike,Urban,Saturday,50.2
4.98,1.9,4.0,3,12.5,Clear,High,Afternoon,Car,Suburban,Saturday,45.3
2.15,2.0,4.8,5,25.1,Clear,High,Morning,Bike,Urban,Thursday,55.8
2.21,4.2,3.8,3,10.1,Fog,Medium,Morning,Scooter,Urban,Thursday,30.9
1.46,5.7,3.4,7,18.4,Rain,Medium,Evening,Car,Urban,Friday,36.1
2.36,0.9,3.6,6,29.9,Rain,High,Afternoon,Car,Urban,Monday,64.0
6.38,8.1,3.9,5,12.7,Fog,High,Evening,Scooter,Urban,Saturday,64.3
12.39,4.6,4.3,5,18.8,Clear,Low,Afternoon,Scooter,Suburban,Friday,49.0
3.33,10.4,4.1,3,19.4,Clear,High,Morning,Bike,Urban,Tuesday,47.8
8.3,3.2,4.3,7,23.7,Cloudy,High,Evening,,Rural,Friday,81.0
1.39,8.7,3.9,6,10.3,Clear,Medium,Afternoon,Bike,Suburban,Friday,16.1
1.42,11.0,4.3,4,12.0,Clear,High,Morning,Bike,Suburban,Saturday,30.6
7.9,2.0,3.5,1,8.2,Rain,Medium,Night,Scooter,Urban,Saturday,45.4
0.5,1.8,4.2,6,25.3,Clear,Medium,Morning,Bike,Suburban,Tuesday,31.1
7.82,2.7,4.4,4,15.6,Cloudy,Low,Afternoon,Car,Rural,Saturday,42.6
5.9,2.5,3.8,7,25.5,Cloudy,Medium,Afternoon,Bike,Suburban,Tuesday,51.0
8.05,4.1,4.8,8,39.3,Cloudy,High,Afternoon,Bike,Urban,Wednesday,82.8
5.3,2.6,3.4,4,13.6,Clear,Low,Evening,Scooter,Suburban,Thursday,33.0
1.08,6.0,4.4,4,27.7,Clear,High,Morning,Scooter,Urban,Saturday,46.1
9.26,5.0,4.5,4,15.2,Fog,Low,Night,Bicycle,Urban,Sunday,56.3
2.68,1.9,3.8,3,9.7,Fog,Medium,Evening,Bike,Suburban,Monday,31.6
8.81,3.2,4.3,3,13.1,Cloudy,Low,Night,Bike,Suburban,Saturday,39.4
7.57,6.2,3.8,3,5.6,Clear,High,Evening,Bike,Urban,Sunday,49.0
5.16,4.4,4.3,4,,Cloudy,High,Night,Scooter,Urban,Sunday,55.4
12.44,5.2,4.1,9,9.4,Clear,High,Evening,Bike,Rural,Tuesday,75.9
10.09,1.8,4.1,4,26.5,Clear,High,Afternoon,Car,Urban,Tuesday,79.2
5.72,3.5,3.9,5,,Clear,High,Afternoon,,Urban,Thursday,54.2
7.05,1.3,3.9,4,20.0,Clear,High,Evening,Bicycle,Suburban,Sunday,68.0
1.93,3.8,3.8,5,16.3,Clear,Medium,Afternoon,Scooter,Suburban,Wednesday,29.0
,3.1,4.4,1,,Clear,Medium,Evening,Scooter,Urban,Thursday,57.9
1.9,4.0,4.8,2,14.2,Rain,High,Morning,Bike,Urban,Sunday,42.1
4.79,1.7,5.0,5,,Cloudy,Medium,Evening,Bike,Urban,Thursday,40.7
2.42,4.7,4.5,6,14.9,Clear,High,Morning,Bike,Urban,Friday,38.9
2.9,6.3,4.1,2,15.6,Clear,Medium,Night,Scooter,Suburban,Sunday,31.1
10.94,0.5,4.5,4,6.9,Rain,Medium,Morning,Scooter,Suburban,Wednesday,52.3
4.1,1.1,4.3,5,16.0,Clear,Medium,Morning,Bike,Urban,Tuesday,36.0
4.76,2.0,4.0,3,18.5,Clear,High,Evening,Bike,Urban,Wednesday,52.1
6.89,2.7,4.9,2,19.4,Cloudy,High,Evening,Bicycle,Urban,Friday,67.0
4.52,2.2,4.5,5,23.3,Rain,High,Evening,Bike,Urban,Tuesday,61.9
6.61,1.3,3.9,4,18.7,Rain,Low,Night,Bike,Urban,Tuesday,45.1
7.04,4.0,4.5,4,19.6,Clear,High,Afternoon,Bike,Urban,Tuesday,62.6
2.73,3.9,4.4,4,17.5,Clear,Medium,Evening,Bike,Suburban,Thursday,35.0
1.62,2.2,3.8,4,24.7,Clear,High,Afternoon,Scooter,Urban,Saturday,44.4
4.48,4.4,4.2,1,16.3,Cloudy,Medium,Afternoon,Scooter,Suburban,Thursday,33.4
2.92,3.0,4.1,7,25.9,Clear,Medium,Afternoon,Scooter,Urban,Saturday,40.2
7.44,8.9,3.2,6,12.7,Clear,High,Morning,Scooter,Suburban,Sunday,57.6
7.08,0.9,3.6,3,19.2,Clear,,Evening,Bike,Rural,Saturday,64.9
10.04,1.8,4.6,2,14.2,Fog,High,Evening,Bike,Urban,Friday,80.2
10.29,2.8,3.9,3,7.5,Clear,High,Morning,Car,Urban,Monday,68.7
9.48,6.5,4.4,3,8.4,Clear,Medium,Night,Bike,Suburban,Thursday,38.4
6.23,5.4,4.6,2,8.6,Fog,Low,Afternoon,Bike,Urban,Tuesday,35.8
2.49,4.6,3.4,2,14.3,Rain,High,Morning,Scooter,Urban,Thursday,38.1
3.29,1.1,4.8,3,,Cloudy,High,Evening,Scooter,Urban,Sunday,48.0
12.06,2.1,4.1,3,21.3,Cloudy,High,Morning,Bike,Rural,Wednesday,87.8
3.79,,4.3,3,23.6,Clear,Medium,Morning,Car,Urban,Tuesday,39.9
3.62,6.0,4.9,5,18.8,Rain,High,Evening,Bike,Urban,Saturday,49.6
9.78,3.2,4.5,5,27.8,Clear,Medium,Morning,Bicycle,Urban,Sunday,64.0
1.34,4.9,4.1,3,13.1,Fog,High,Morning,,Suburban,Saturday,48.8
6.41,4.5,3.9,5,20.0,Clear,High,Evening,Car,Urban,Monday,57.2
9.32,4.9,4.0,1,10.9,Cloudy,High,Morning,Bike,Rural,Thursday,66.5
4.7,1.9,3.9,4,19.9,Cloudy,High,Evening,Car,Suburban,Wednesday,61.1
1.83,5.5,4.6,7,24.9,Clear,High,Evening,Scooter,Urban,Friday,46.1
3.33,4.7,4.4,2,22.4,Clear,High,Morning,Car,Urban,Friday,53.6
4.64,8.5,4.2,4,17.2,Rain,Low,Afternoon,Car,Suburban,Saturday,33.7
1.65,2.5,4.1,5,13.5,Clear,Medium,Morning,Scooter,Suburban,Tuesday,27.4
8.56,3.8,4.4,9,20.6,Storm,Medium,Evening,Bike,Urban,Sunday,63.5
4.28,1.3,3.4,3,18.0,Clear,Medium,Morning,Bike,Urban,Tuesday,44.2
4.05,0.9,4.9,4,13.7,Cloudy,Medium,Night,Bicycle,Urban,Monday,41.4
6.67,9.3,4.0,6,25.2,Cloudy,Medium,Morning,Bicycle,Urban,Saturday,56.7
11.12,4.3,3.8,4,44.0,Cloudy,High,Evening,Bike,Urban,Thursday,106.5
3.26,0.8,4.6,6,13.5,Cloudy,High,Morning,Bike,Urban,Thursday,48.8
1.51,4.7,4.6,8,26.8,Rain,Medium,Morning,Bike,Urban,Wednesday,43.8
11.99,2.5,4.1,5,15.3,Cloudy,Medium,Afternoon,Bike,Suburban,Monday,45.5
4.99,4.9,4.7,6,13.0,Cloudy,Medium,Evening,Bike,Suburban,Tuesday,42.2
14.99,5.7,4.5,7,12.4,Cloudy,High,Night,Car,Suburban,Saturday,84.5
10.16,4.1,4.3,3,18.4,Clear,Low,Morning,Bike,Suburban,Tuesday,45.4
2.27,2.7,3.5,5,12.8,Clear,High,Morning,Car,Suburban,Sunday,36.3
3.7,3.4,4.2,2,14.9,Clear,High,Afternoon,Bicycle,Urban,Saturday,50.2
0.5,5.0,4.2,4,14.2,Cloudy,High,Afternoon,Bike,Suburban,Saturday,27.4
2.48,5.5,4.1,3,14.8,Fog,Medium,Evening,Scooter,Urban,Sunday,44.4
1.3,1.9,4.0,8,14.0,Clear,High,Night,Scooter,Urban,Friday,27.0
8.67,1.1,4.4,2,29.5,Cloudy,Medium,Evening,Bike,Rural,Thursday,67.0
7.82,1.4,3.7,3,18.2,Clear,Medium,Morning,Car,Rural,Sunday,60.0
2.1,2.8,4.6,6,15.1,Cloudy,Medium,Afternoon,Scooter,Urban,Thursday,29.4
2.59,5.4,4.1,5,13.4,Rain,High,Evening,Bike,Suburban,Monday,42.8
4.05,3.0,3.8,4,21.8,Rain,Medium,Afternoon,Car,Urban,Friday,46.7
1.11,1.2,4.0,4,22.5,Rain,Medium,Evening,Bike,Urban,Monday,36.6
8.81,4.0,4.2,6,12.3,Rain,High,Morning,Bike,Urban,Friday,66.3
2.5,3.2,4.7,5,12.7,Clear,Medium,Afternoon,Bicycle,Urban,Sunday,34.2
5.19,5.6,4.4,3,32.7,,Medium,Evening,Bike,Suburban,Friday,56.5
2.42,1.6,4.6,2,11.7,Clear,Medium,Afternoon,Bike,Urban,Tuesday,29.5
4.23,4.3,4.1,2,14.2,Fog,Low,Night,Bike,Urban,Monday,31.1
6.9,3.9,4.1,3,13.1,Rain,Medium,Afternoon,Bike,Rural,Wednesday,47.8
9.07,4.8,4.9,3,16.4,Clear,High,Morning,Scooter,Urban,Tuesday,66.8
3.47,6.1,4.1,3,9.8,,Low,Afternoon,Scooter,Urban,Friday,13.8
3.62,0.6,3.9,6,27.9,Cloudy,Medium,Morning,Bike,Urban,Saturday,45.6
1.74,2.1,3.9,3,14.9,Storm,Medium,Afternoon,Scooter,Urban,Friday,42.3
0.88,3.0,4.3,2,7.8,Clear,High,Morning,Bike,Urban,Friday,31.1
4.97,2.1,3.7,2,14.5,Cloudy,High,Evening,Bike,Suburban,Thursday,52.4
11.85,3.7,4.2,6,23.3,Clear,Medium,Evening,Bicycle,Rural,Tuesday,79.1
4.64,3.1,4.2,5,12.6,Cloudy,High,Afternoon,Car,Urban,Friday,49.7
7.63,1.2,4.4,4,20.5,Cloudy,High,Morning,Car,Urban,Wednesday,68.4
4.0,4.9,3.5,6,27.0,Clear,Medium,Afternoon,Bike,Urban,Wednesday,40.8
2.99,1.5,3.4,7,13.9,Rain,Medium,Evening,Scooter,Suburban,Friday,36.8
4.57,3.8,4.0,4,12.9,Clear,High,Evening,Car,Urban,Wednesday,49.5
3.55,1.4,4.1,5,14.9,Rain,High,Morning,Car,Urban,Tuesday,56.2
7.72,3.7,3.7,5,32.0,Clear,Low,Afternoon,Scooter,Rural,Thursday,49.4
8.15,3.0,3.6,4,20.6,Cloudy,Low,Afternoon,Scooter,Suburban,Wednesday,41.2
2.44,3.3,4.3,7,16.9,Clear,High,Afternoon,Bike,Urban,Saturday,43.4
3.72,3.9,4.0,3,20.1,Cloudy,High,Morning,Bike,Urban,Monday,54.2
2.62,5.8,4.5,3,17.6,Clear,High,Night,Bike,Urban,Saturday,43.8
13.22,2.4,3.6,4,11.1,Cloudy,High,Morning,Bike,Rural,Thursday,79.0
2.7,1.2,4.1,6,27.5,Clear,High,Morning,Bike,Urban,Monday,47.8
9.94,2.8,4.8,3,22.6,Clear,High,Morning,Scooter,Urban,Monday,75.4
2.26,5.9,4.0,4,19.8,Rain,High,Evening,Scooter,Urban,Sunday,54.0
6.42,0.3,3.9,3,12.0,Cloudy,Medium,Afternoon,Scooter,Urban,Thursday,39.1
3.61,1.1,4.5,6,30.2,Cloudy,High,Afternoon,Scooter,Urban,Saturday,57.2
1.04,3.0,4.6,6,23.4,Cloudy,Low,Afternoon,Bike,Suburban,Sunday,24.6
9.73,6.2,3.9,2,26.8,Clear,High,Evening,Scooter,Urban,Wednesday,73.7
6.27,2.2,3.9,7,18.0,Rain,Medium,Afternoon,Bicycle,Rural,Thursday,52.3
3.07,2.9,4.5,5,45.4,Clear,Low,Night,Scooter,Suburban,Friday,57.5
4.9,2.0,4.3,6,18.5,Fog,Low,Afternoon,Car,Urban,Saturday,41.6
1.54,2.4,4.3,3,16.8,Rain,High,Morning,Bike,Suburban,Thursday,45.2
2.38,5.1,4.2,3,35.4,Clear,Low,Night,Scooter,Suburban,Sunday,46.4
3.41,5.6,4.1,3,36.5,,Medium,Evening,Scooter,Suburban,Friday,52.6
0.97,5.3,4.5,3,22.9,Cloudy,,Afternoon,Scooter,Urban,Sunday,30.9
4.58,4.8,4.7,8,19.5,Rain,Medium,Evening,Car,Urban,Monday,44.7
1.39,1.4,3.8,6,24.1,Clear,Medium,Afternoon,Scooter,Urban,Thursday,39.8
6.33,8.6,4.5,6,17.3,Clear,Medium,Afternoon,Car,Suburban,Tuesday,33.0
8.23,8.1,4.1,4,12.2,Clear,High,Evening,Car,Urban,Sunday,62.7
6.61,3.0,3.7,3,16.3,Rain,High,Evening,Car,Urban,Tuesday,58.8
7.2,6.1,,8,29.1,Rain,Medium,Afternoon,Bike,Urban,Friday,49.9
3.29,0.5,4.0,6,,Clear,High,Evening,Bike,Urban,Monday,48.4
1.26,6.5,4.6,3,8.8,Cloudy,High,Afternoon,Car,Suburban,Tuesday,28.9
7.98,3.7,3.8,3,19.3,Rain,High,Morning,Car,Suburban,Wednesday,68.4
2.43,1.6,3.5,2,6.3,Fog,Medium,Night,Bicycle,Suburban,Saturday,32.7
3.84,6.7,4.0,4,21.9,Clear,Medium,Afternoon,Bike,Urban,Tuesday,32.4
1.9,0.6,4.0,2,11.4,Clear,Medium,Evening,Car,Urban,Saturday,33.0
1.68,5.3,4.6,3,24.1,Clear,Low,Evening,Car,Suburban,Saturday,32.3
4.81,6.6,4.2,2,18.2,Cloudy,Medium,Evening,Car,Urban,Sunday,47.9
4.19,7.3,4.4,9,33.4,Clear,High,Afternoon,Scooter,Suburban,Friday,58.1
0.99,0.5,4.0,4,13.4,Clear,Medium,Night,Bike,Suburban,Friday,24.2
2.52,0.9,3.7,2,14.2,Rain,High,Evening,Scooter,Urban,Friday,42.9
12.16,1.0,4.6,2,6.7,Cloudy,High,Evening,Scooter,Urban,Monday,68.6
5.83,5.0,3.9,6,21.6,Clear,High,Afternoon,Bike,Suburban,Thursday,51.7
2.31,8.4,4.4,7,19.8,Clear,Low,Afternoon,Bike,Urban,Saturday,32.8
2.99,4.3,4.0,3,6.1,Clear,High,Morning,Car,Suburban,Monday,34.9
4.12,2.3,4.4,6,19.6,Clear,Medium,Afternoon,Bike,Urban,Monday,31.5
3.0,7.8,4.3,5,11.9,Clear,Medium,Morning,Scooter,Urban,Friday,29.9
9.32,8.1,4.2,8,19.5,Clear,Medium,Evening,Scooter,Suburban,Saturday,50.9
5.6,8.9,4.3,2,,Clear,Medium,Evening,Bicycle,Urban,Wednesday,58.4
6.62,1.5,4.1,2,18.3,Fog,Low,Afternoon,Scooter,Urban,Sunday,44.5
12.43,1.2,3.5,3,15.6,Fog,Medium,Afternoon,Bike,Rural,Wednesday,61.9
5.57,0.8,4.3,4,11.1,Clear,Medium,Evening,Bike,Suburban,Thursday,33.1
6.11,1.2,4.6,3,13.9,Cloudy,High,Morning,Bike,Suburban,Sunday,53.9
9.06,0.6,4.1,2,15.8,Clear,Low,Night,Bike,Suburban,Wednesday,36.5
6.31,6.0,4.0,12,21.3,Rain,High,Afternoon,Car,Urban,Friday,60.6
1.57,4.2,4.2,1,11.3,Rain,High,Morning,Bike,Urban,Sunday,39.3
11.19,15.0,4.5,5,27.3,Cloudy,Medium,Morning,Bike,Urban,Tuesday,59.3
0.78,3.2,4.0,6,18.1,Cloudy,Medium,Night,Car,Urban,Monday,30.4
5.43,3.5,3.6,3,16.0,Clear,High,Afternoon,Bike,Urban,Sunday,49.0
4.42,6.7,4.2,8,28.8,Clear,High,Evening,Bike,Urban,Thursday,57.7
2.81,2.4,4.3,3,12.9,Cloudy,High,Morning,Scooter,Suburban,Sunday,44.5
7.1,1.6,4.2,2,17.6,Clear,High,Morning,Bike,Urban,Saturday,66.0
3.6,4.1,4.0,3,18.8,Cloudy,Medium,Evening,Bike,Suburban,Friday,37.8
5.65,3.0,4.3,4,19.5,Cloudy,High,Morning,Bicycle,Suburban,Thursday,59.2
4.46,4.0,4.1,4,19.2,Clear,Medium,Morning,Car,Rural,Thursday,41.8
7.94,8.9,4.0,3,18.0,Cloudy,Medium,Afternoon,Car,Urban,Tuesday,43.8
10.08,1.9,4.0,2,37.2,Rain,Low,Evening,Scooter,Rural,Thursday,80.9
4.05,1.9,4.2,3,22.5,Cloudy,Medium,Afternoon,Bike,Suburban,Saturday,40.7
1.96,5.7,4.3,6,10.0,Cloudy,Medium,Morning,Car,Urban,Sunday,28.9
8.3,2.0,4.0,2,13.8,,High,Night,Scooter,Urban,Sunday,67.9
0.83,15.0,4.2,2,30.9,Clear,Medium,Evening,Bike,Urban,Sunday,39.0
4.2,2.9,4.3,4,13.0,Cloudy,Medium,Evening,Bike,Suburban,Monday,28.9
3.24,4.2,4.4,2,16.4,Clear,High,Evening,Scooter,Urban,Thursday,40.2
5.32,6.8,4.3,2,22.3,Clear,Medium,Evening,Bike,Urban,Tuesday,39.1
3.2,3.6,4.6,3,17.6,Storm,Low,Afternoon,Bike,Suburban,Friday,34.0
7.23,3.0,4.4,6,9.1,Clear,Low,Afternoon,Bike,Urban,Sunday,29.7
1.57,6.3,4.9,5,10.9,Clear,Medium,Evening,Scooter,Urban,Sunday,27.2
8.35,1.8,4.5,6,25.6,Clear,Medium,Evening,Bike,Suburban,Saturday,51.2
9.35,4.1,4.5,7,14.1,Storm,High,Night,Scooter,Rural,Wednesday,77.8
2.71,1.5,3.7,3,21.2,Rain,High,Evening,Bike,Suburban,Thursday,53.7
5.23,5.9,4.4,2,7.4,Clear,Medium,Afternoon,Scooter,Urban,Wednesday,26.4
6.96,2.9,4.5,4,33.0,Cloudy,Medium,Afternoon,Bike,Urban,Thursday,60.7
3.45,4.2,4.1,4,16.9,Clear,High,Evening,Bike,Urban,Wednesday,45.6
3.68,7.2,3.4,3,13.0,Rain,Medium,Afternoon,Scooter,Urban,Saturday,46.0
2.17,1.7,3.3,3,9.6,Cloudy,High,Evening,Scooter,Urban,Thursday,38.4
3.55,4.7,4.0,6,21.6,Clear,Medium,Evening,Bike,Rural,Friday,40.2
2.6,6.0,3.9,10,23.8,Cloudy,Medium,Morning,Scooter,Suburban,Sunday,39.5
4.09,5.5,3.6,4,7.1,Fog,,Evening,Car,Urban,Wednesday,53.0
3.07,2.9,4.3,2,17.3,Clear,High,Evening,Bike,Urban,Friday,45.9
3.08,1.0,3.7,2,14.5,Clear,Low,Night,Scooter,Urban,Saturday,26.7
1.55,7.3,3.5,2,17.9,Fog,Medium,Afternoon,Scooter,Urban,Sunday,39.2
1.78,1.0,4.9,4,32.5,Clear,Medium,Evening,Car,Suburban,Tuesday,52.0
1.52,0.9,4.3,2,27.5,Cloudy,Low,Afternoon,Scooter,Urban,Friday,31.7
4.16,3.3,4.0,8,20.0,Cloudy,Low,Afternoon,Bicycle,Suburban,Thursday,38.8
5.38,2.0,3.6,3,10.3,Clear,High,Morning,Scooter,Urban,Wednesday,49.3
4.28,4.4,3.8,3,11.4,Clear,Medium,Night,Scooter,Urban,Tuesday,32.5
12.13,5.7,3.9,6,22.0,Clear,Low,Night,Bike,Rural,Friday,49.3
1.76,2.8,3.9,8,12.0,Clear,High,Afternoon,Scooter,Urban,Wednesday,34.3
3.93,11.9,4.0,7,17.7,Cloudy,Medium,Evening,Bike,Urban,Friday,32.0
2.75,1.7,3.7,5,15.6,Rain,Medium,Morning,Bike,Suburban,Wednesday,36.8
3.5,0.7,3.8,5,13.6,Clear,High,Evening,Bike,Urban,Monday,45.4
1.05,3.2,3.5,3,13.6,Rain,Medium,Afternoon,Scooter,Urban,Saturday,29.6
1.49,3.5,3.4,3,10.1,Clear,High,Evening,Car,Urban,Tuesday,37.7
4.07,,,2,21.1,Clear,High,Morning,Bicycle,Urban,Tuesday,58.2
2.16,2.5,3.9,4,22.6,Cloudy,High,Evening,Bike,Urban,Tuesday,49.6
2.27,1.0,4.0,3,32.5,Clear,High,Afternoon,Car,Urban,Wednesday,56.1
3.29,3.6,4.3,7,23.1,Cloudy,Medium,Evening,Car,Suburban,Thursday,42.6
5.45,4.4,4.3,2,7.8,Clear,Low,Evening,Car,Suburban,Saturday,30.2
6.85,3.8,4.4,5,24.2,Cloudy,Medium,Morning,Car,Urban,Friday,54.4
0.84,4.5,4.0,3,20.4,Fog,Low,Afternoon,Bike,Urban,Tuesday,28.5
2.65,4.1,4.4,2,28.5,Clear,Medium,Evening,Car,Urban,Tuesday,44.4
4.45,3.8,3.3,4,15.6,Fog,High,Evening,Scooter,Urban,Saturday,61.5
5.28,2.3,4.4,6,19.6,Clear,High,Morning,Car,Urban,Tuesday,60.0
6.46,2.2,4.1,2,20.2,Clear,Low,Afternoon,Bike,Suburban,Tuesday,33.6
4.93,9.3,4.5,7,20.1,Clear,Low,Afternoon,Bike,Urban,Monday,30.8
2.33,1.6,3.1,3,24.9,Rain,High,Evening,Bike,Urban,Saturday,56.1
4.38,9.4,4.5,5,16.3,Cloudy,Medium,Evening,Scooter,Suburban,Saturday,31.1
4.01,2.0,3.5,1,15.5,Storm,Low,Morning,Bike,Suburban,Wednesday,44.4
1.43,7.9,4.6,3,12.2,Rain,Medium,Evening,Car,Urban,Monday,30.3
2.13,5.9,3.8,4,11.2,Clear,Medium,Evening,Bike,Urban,Saturday,32.6
10.11,5.0,4.3,4,17.1,Fog,Low,Evening,Bike,Rural,Monday,53.0
6.47,0.2,4.1,4,9.6,Fog,Medium,Morning,Bike,Urban,Thursday,46.0
2.53,2.2,4.5,4,18.1,Rain,High,Afternoon,Bike,Suburban,Saturday,45.8
12.16,4.0,4.2,4,6.4,Cloudy,Low,Afternoon,Bike,Suburban,Tuesday,38.4
0.5,6.2,4.7,6,24.2,Rain,Medium,Morning,Scooter,Urban,Wednesday,32.9
3.77,3.2,3.9,10,21.6,Clear,High,Afternoon,Bicycle,Urban,Friday,48.2
4.07,1.2,3.8,4,15.3,Fog,Medium,Morning,Bike,Urban,Friday,46.7
7.3,3.4,3.9,5,15.1,Storm,High,Morning,Bike,Urban,Thursday,81.7
2.28,4.5,4.4,4,23.7,Cloudy,Medium,Evening,Car,Urban,Thursday,37.8
2.59,2.9,4.4,1,18.2,Clear,Low,Afternoon,Bike,Suburban,Wednesday,17.8
2.63,8.9,3.7,5,15.1,Clear,High,Evening,Scooter,Suburban,Thursday,37.7
12.68,3.6,3.8,7,36.0,Fog,Medium,Morning,Scooter,Rural,Wednesday,88.7
12.23,6.4,4.3,5,39.7,Rain,High,Evening,Car,Rural,Tuesday,115.8
2.94,2.2,4.6,5,25.5,Rain,Low,Afternoon,Bike,Suburban,Wednesday,37.6
1.9,5.4,3.9,3,25.7,Fog,High,Evening,Bicycle,Urban,Thursday,66.8
1.94,1.9,3.6,3,19.4,,High,Evening,Bicycle,Urban,Wednesday,57.1
1.23,5.5,4.5,4,15.6,Fog,Low,Afternoon,Bike,Suburban,Friday,23.3
8.46,2.9,3.5,4,9.4,Clear,High,Evening,Scooter,Suburban,Friday,61.5
3.82,1.2,4.4,6,15.6,Clear,High,Morning,Bike,Urban,Sunday,53.5
6.83,2.5,3.3,1,7.7,Cloudy,Medium,Evening,Bike,Suburban,Friday,38.3
3.17,1.7,4.1,3,17.7,Clear,High,Morning,Bicycle,Urban,Saturday,52.3
13.33,2.7,4.0,1,16.4,Clear,High,Afternoon,Bike,Urban,Monday,78.1
6.12,1.2,3.9,4,14.4,Rain,Medium,Morning,Bike,Suburban,Saturday,42.5
4.77,1.0,4.7,3,23.1,Clear,High,Evening,Bike,Urban,Thursday,45.6
5.43,1.6,4.1,3,11.7,Rain,Medium,Afternoon,Scooter,Urban,Saturday,43.2
1.8,0.6,4.1,6,14.2,Clear,Medium,Evening,Car,Urban,Sunday,34.3
2.66,7.0,4.1,8,16.6,Rain,Medium,Afternoon,Scooter,Urban,Tuesday,32.5
6.77,3.4,3.9,2,8.0,Clear,High,Afternoon,Scooter,Urban,Sunday,42.7
3.9,3.6,4.8,4,16.6,Rain,High,Morning,Bike,Suburban,Friday,48.2
5.66,2.7,4.0,2,6.5,Cloudy,High,Night,Scooter,Urban,Saturday,46.3
3.1,1.4,4.9,5,27.0,Clear,Medium,Evening,Bike,Suburban,Thursday,39.6
3.52,4.5,3.8,6,11.9,Clear,High,Morning,Scooter,Urban,Wednesday,46.5
11.79,4.1,4.2,3,12.7,Clear,Low,Evening,Scooter,Rural,Saturday,49.2
4.36,1.5,4.0,4,30.5,Clear,High,Afternoon,Bicycle,Suburban,Monday,61.7
4.49,5.6,3.8,4,7.3,Clear,High,Morning,Car,Urban,Thursday,45.4
3.66,1.3,4.1,5,12.7,Clear,Low,Afternoon,Scooter,Urban,Monday,27.9
2.86,3.6,4.8,5,22.1,Rain,High,Morning,Scooter,Urban,Tuesday,53.6
3.24,6.2,4.6,2,17.3,Clear,Medium,Morning,Bike,Suburban,Friday,39.7
3.92,7.8,4.2,3,12.9,Clear,High,Evening,Scooter,Suburban,Saturday,42.5
8.32,2.9,3.6,3,,Clear,Low,Afternoon,Scooter,Suburban,Sunday,42.8
10.41,1.8,,8,19.4,Cloudy,High,Night,Scooter,Rural,Friday,77.9
7.34,0.9,3.9,2,7.9,Cloudy,High,Evening,Scooter,Urban,Friday,54.4
1.95,2.6,3.8,5,30.6,Cloudy,Medium,Evening,Bike,Suburban,Sunday,48.0
5.21,2.5,4.4,3,8.6,Cloudy,High,Evening,Bike,Urban,Thursday,52.6
0.74,6.4,3.7,3,18.0,Cloudy,Medium,Evening,Bike,Suburban,Friday,28.4
2.21,3.6,4.2,6,13.6,Clear,Low,Afternoon,Scooter,Urban,Saturday,25.1
2.28,1.2,4.3,3,14.9,Clear,,Afternoon,Bicycle,Suburban,Saturday,27.5
2.7,5.6,4.4,4,16.4,Rain,High,Afternoon,Scooter,Urban,Saturday,40.9
7.32,6.3,3.7,4,10.0,Clear,Medium,Night,Scooter,Urban,Thursday,32.7
0.82,,4.8,3,26.0,Rain,High,Morning,Scooter,Urban,Thursday,53.0
11.47,5.7,4.3,3,25.3,Cloudy,High,Evening,Bike,Rural,Friday,87.3
0.73,3.2,4.1,1,15.9,Cloudy,High,Evening,Bike,Urban,Friday,37.9
2.98,5.3,3.6,1,16.5,Cloudy,Medium,Afternoon,Bike,Urban,Thursday,31.9
3.1,2.2,3.8,4,22.5,Fog,High,Evening,Bicycle,Urban,Tuesday,66.9
9.59,8.0,4.0,3,11.2,Clear,Medium,Afternoon,Bike,Urban,Tuesday,40.3
5.94,1.3,4.1,4,21.8,Clear,Medium,Morning,Scooter,Suburban,Thursday,41.4
15.25,14.2,4.3,6,20.3,Fog,High,Evening,Bike,Rural,Tuesday,103.6
12.74,10.3,4.0,4,12.3,Cloudy,High,Afternoon,Scooter,Suburban,Thursday,72.1
7.29,8.2,,5,,Cloudy,Medium,Morning,Bike,Suburban,Tuesday,70.5
2.15,1.8,4.0,4,6.8,Clear,Medium,Morning,Bicycle,Urban,Tuesday,27.7
5.03,2.6,4.2,6,16.1,Clear,High,Morning,Bike,Urban,Saturday,52.2
4.12,2.3,4.6,4,12.5,Rain,Medium,Evening,Bicycle,Suburban,Thursday,38.7
2.52,1.9,3.9,3,12.7,Clear,Low,Night,Scooter,Suburban,Saturday,17.8
7.02,2.2,3.6,6,26.6,Clear,High,Afternoon,Bike,Urban,Monday,68.1
1.22,4.7,4.0,5,23.5,Clear,Medium,Morning,Car,Suburban,Wednesday,28.9
1.93,2.7,4.5,5,17.6,Storm,Low,Afternoon,Scooter,Urban,Monday,36.4
0.81,1.5,4.2,5,18.1,Cloudy,Medium,Evening,Bike,Urban,Monday,36.4
1.74,0.8,4.4,6,19.3,Cloudy,High,Evening,Scooter,Urban,Monday,50.6
2.07,5.9,3.6,3,17.8,Fog,High,Afternoon,Scooter,Suburban,Thursday,42.7
3.43,3.8,3.5,6,9.9,Clear,Medium,Morning,Scooter,Suburban,Monday,27.4
7.39,3.4,4.4,3,21.5,Rain,Medium,Night,Car,Urban,Saturday,51.0
2.64,0.3,4.3,7,30.7,Rain,High,Evening,Scooter,Suburban,Thursday,60.9
7.49,1.5,3.8,7,14.3,Cloudy,High,Morning,Bike,Suburban,Tuesday,58.2
12.59,3.5,3.7,4,25.6,Rain,High,Evening,,Urban,Saturday,101.0
8.16,4.5,4.1,6,11.7,Storm,High,Morning,Bike,Suburban,Thursday,72.6
1.84,0.2,4.1,6,27.2,Clear,High,Morning,Scooter,Urban,Wednesday,50.1
2.32,3.4,3.7,5,15.1,,Medium,Evening,Bike,Urban,Friday,34.9
7.52,4.0,4.1,3,18.1,Rain,Medium,Afternoon,Bike,Urban,Friday,49.3
2.28,1.7,3.6,2,7.5,Clear,High,Afternoon,Car,Urban,Thursday,34.4
4.07,6.9,3.9,5,12.7,Cloudy,Low,Night,Bike,Urban,Sunday,22.4
5.28,1.2,3.6,3,22.7,Clear,Medium,Evening,Bike,Urban,Wednesday,46.2
6.22,4.1,4.1,1,8.8,Rain,High,Morning,Car,Urban,Wednesday,49.3
4.47,2.4,3.9,3,11.1,Rain,High,Evening,Scooter,Suburban,Saturday,48.2
1.48,4.8,4.7,3,19.2,Fog,Medium,Evening,,Suburban,Friday,40.1
2.87,3.3,4.3,6,27.6,,Medium,Evening,Bike,Urban,Sunday,44.7
8.15,,3.6,4,7.7,Storm,Low,Night,Scooter,Urban,Saturday,41.5
3.85,1.5,4.5,8,11.2,Cloudy,High,Evening,Bicycle,Urban,Thursday,46.0
10.89,2.4,4.1,4,12.6,Cloudy,Medium,Morning,Bike,Suburban,Friday,57.9
4.64,4.9,4.4,6,30.3,Cloudy,High,Morning,Bike,Suburban,Wednesday,61.1
2.01,3.6,3.6,9,18.4,Cloudy,Medium,Evening,Bike,Urban,Monday,32.8
5.69,5.0,4.4,3,8.2,Cloudy,High,Night,Car,Suburban,Wednesday,38.9
8.42,5.5,4.9,5,26.5,Clear,High,Morning,Bike,Urban,Wednesday,72.2
7.53,5.4,4.4,6,22.9,Clear,Medium,Morning,Scooter,Rural,Friday,44.9
4.29,4.0,3.9,4,14.5,Rain,Medium,Evening,Scooter,Urban,Friday,38.0
5.01,5.5,4.6,5,19.6,Clear,Medium,Morning,Bicycle,Urban,Sunday,49.3
,3.1,3.9,5,25.5,Rain,High,Morning,Bike,Suburban,Monday,64.4
2.37,4.7,4.3,5,12.4,Clear,Medium,Evening,Scooter,Urban,Thursday,29.4
0.84,1.3,5.0,7,29.5,Clear,High,Evening,Bicycle,Urban,Wednesday,53.8
5.89,3.7,3.9,8,16.1,Rain,High,Evening,Bike,Urban,Thursday,62.0
3.88,3.9,4.3,4,6.8,Clear,Medium,Evening,Scooter,Urban,Monday,24.6
5.07,8.6,4.9,6,20.8,Storm,Medium,Afternoon,Bike,Suburban,Thursday,43.6
3.4,2.8,4.5,2,32.2,Storm,Medium,Night,Bike,Suburban,Friday,62.5
5.12,1.1,4.4,5,24.3,Cloudy,High,Afternoon,Bike,Urban,Wednesday,54.8
1.87,1.0,3.4,2,14.1,Clear,High,Afternoon,Bike,Suburban,Friday,37.3
2.95,8.6,3.8,7,18.6,Clear,High,Evening,Bike,Urban,Tuesday,43.4
5.64,7.5,4.5,7,13.5,Rain,High,Evening,Car,Rural,Wednesday,65.0
3.0,4.2,4.0,3,13.7,Clear,High,Night,Scooter,Urban,Sunday,37.0
1.29,0.8,4.0,5,18.1,Fog,High,Morning,Bike,Suburban,Monday,55.4
9.24,4.3,4.6,1,16.0,Storm,Medium,Night,Scooter,Rural,Tuesday,52.8
9.36,4.5,4.4,2,18.7,Clear,High,Evening,Bicycle,Suburban,Sunday,78.0
1.35,3.4,3.8,9,21.8,Rain,Medium,Evening,Bike,Suburban,Tuesday,42.4
3.91,4.3,4.4,3,20.9,Cloudy,High,Night,Bike,Urban,Wednesday,49.9
3.4,2.5,,6,22.5,Cloudy,High,Afternoon,Bike,Suburban,Thursday,48.4
9.6,0.8,3.5,3,37.1,Clear,High,Evening,Car,Urban,Friday,98.7
4.09,5.9,4.3,3,12.5,Rain,Medium,Evening,Car,Urban,Friday,37.8
14.81,,3.7,5,14.7,Clear,Medium,Evening,Scooter,Rural,Friday,64.9
6.01,7.5,3.7,4,10.1,Fog,Low,Night,Bike,Urban,Sunday,41.2
4.71,5.3,3.7,3,19.1,Cloudy,Medium,Evening,Scooter,Urban,Wednesday,39.1
9.4,,4.2,1,17.0,Cloudy,Low,Morning,Scooter,Rural,Thursday,54.1
4.72,0.7,4.4,4,14.6,Fog,High,Morning,Bike,Urban,Sunday,63.0
1.78,4.4,4.0,2,24.4,Rain,Medium,Night,Bike,Urban,Monday,40.9
2.93,3.4,3.7,2,14.6,Cloudy,Medium,Night,Bike,Urban,Sunday,
0.74,,3.7,2,20.1,Clear,Medium,Night,,Suburban,Sunday,24.7
8.74,4.2,3.5,4,,Cloudy,Medium,Morning,Bicycle,Suburban,Sunday,60.2
4.33,0.6,4.4,7,15.1,Clear,Medium,Afternoon,Bike,Urban,Monday,38.2
8.59,3.0,3.8,5,11.2,Fog,High,Evening,Car,Suburban,Friday,73.3
4.21,1.8,4.2,5,16.2,Clear,Medium,Evening,Scooter,Urban,Saturday,36.7
4.43,3.8,3.4,3,10.9,Clear,High,Morning,Scooter,Suburban,Wednesday,40.2
5.78,1.9,4.6,2,10.1,Rain,High,Evening,Car,Suburban,Friday,58.5
8.61,2.5,4.1,4,27.8,Clear,Medium,Morning,Scooter,Rural,Tuesday,62.1
3.37,2.4,,6,13.7,Fog,High,Afternoon,Bike,Urban,Monday,52.7
3.05,2.6,3.9,3,17.0,Clear,Medium,Morning,Bike,Urban,Saturday,37.9
1.88,5.6,4.2,4,20.2,Clear,High,Morning,Car,Suburban,Sunday,37.3
3.06,2.4,3.8,1,11.0,Cloudy,Medium,Morning,Scooter,Urban,Monday,29.4
7.42,6.0,4.3,3,,Cloudy,Medium,Night,Bike,Urban,Monday,40.2
2.86,0.4,4.6,6,12.4,Fog,High,Evening,,Urban,Friday,52.2
12.28,1.9,4.5,3,19.8,Clear,Medium,Night,Bike,Urban,Monday,59.1
2.85,0.5,4.1,3,14.4,Clear,Low,Afternoon,Bike,Rural,Friday,28.3
7.63,5.1,4.7,6,9.2,Clear,High,Afternoon,Car,Urban,Friday,50.0
3.28,3.1,4.2,2,15.1,Clear,Medium,Afternoon,Bike,Suburban,Wednesday,28.0
5.34,2.8,4.1,6,13.5,,High,Evening,Bike,Suburban,Saturday,48.9
,2.1,4.1,3,17.5,Clear,Medium,Afternoon,Bike,Urban,Monday,30.3
1.0,5.7,4.2,6,18.3,Cloudy,Medium,Evening,,Urban,Wednesday,36.8
6.69,3.9,4.3,3,14.6,Fog,Medium,Evening,Bike,Urban,Saturday,51.3
8.58,2.1,3.8,3,26.3,Clear,,Evening,Bike,Urban,Monday,71.6
3.96,10.7,4.6,4,12.1,Cloudy,High,Afternoon,Bike,Urban,Wednesday,41.0
2.86,2.5,4.6,8,31.8,Clear,Medium,Afternoon,Bike,Suburban,Friday,41.1
3.76,0.8,5.0,4,16.2,Rain,Medium,Morning,Bike,Urban,Tuesday,42.9
3.75,6.4,3.5,3,10.9,Clear,,Morning,Bike,Urban,Thursday,37.9
,2.2,4.1,9,21.7,Cloudy,Medium,Evening,Bike,Urban,Saturday,40.3
4.26,1.6,3.8,3,19.8,Clear,High,Afternoon,Scooter,Urban,Tuesday,50.6
5.53,4.9,4.4,2,13.8,Clear,,Evening,Bike,Urban,Thursday,50.4
9.04,4.2,4.6,7,30.2,Clear,Medium,Morning,Bike,Rural,Monday,66.4
2.47,2.1,4.1,9,26.6,Clear,Medium,Night,Scooter,Urban,Friday,41.2
3.28,2.0,4.0,4,14.6,Fog,Medium,Night,Bike,Urban,Wednesday,32.8
1.7,5.5,4.0,3,15.0,Clear,Low,Afternoon,Bike,Urban,Saturday,24.7
5.12,3.5,4.1,3,13.5,Storm,Medium,Evening,Bicycle,Suburban,Monday,53.1
2.12,5.5,4.3,3,14.0,Cloudy,Low,Afternoon,Scooter,Suburban,Saturday,18.1
0.5,3.0,4.3,7,8.5,Clear,Medium,Evening,Scooter,Urban,Saturday,21.5
2.66,1.4,4.7,4,29.5,Clear,Medium,Evening,Scooter,Suburban,Saturday,41.1
5.29,4.2,4.1,6,17.2,Clear,High,Evening,Bicycle,Urban,Saturday,59.0
5.48,4.6,4.5,5,12.4,Rain,High,Evening,Bike,Suburban,Tuesday,52.9
7.54,2.7,3.8,7,21.7,Clear,High,Afternoon,Bike,Urban,Wednesday,63.5
13.58,3.0,3.7,3,24.4,Rain,Medium,Evening,Car,Suburban,Wednesday,65.3
3.86,1.6,4.5,8,16.5,,High,Evening,Bike,Suburban,Tuesday,44.4
3.38,1.0,4.3,7,12.0,Clear,Medium,Morning,Scooter,Suburban,Thursday,25.7
4.21,5.1,3.9,5,13.7,Clear,High,Morning,Bike,Urban,Friday,51.6
2.94,1.3,3.8,4,13.8,Rain,High,Evening,Bike,Suburban,Thursday,49.5
1.55,4.1,4.0,3,24.7,Cloudy,High,Evening,Scooter,Suburban,Sunday,48.7
1.45,5.8,4.2,5,13.8,Fog,High,Afternoon,Scooter,Urban,Friday,39.5
3.56,4.6,4.2,6,12.8,Clear,High,Night,Scooter,Urban,Thursday,40.5
9.07,5.3,3.6,4,21.8,Clear,High,Evening,Bike,Urban,Wednesday,72.1
2.79,6.9,3.7,3,18.5,Rain,Medium,Afternoon,Bike,Urban,Friday,35.7
6.11,0.7,4.2,4,15.6,Cloudy,Medium,Afternoon,Scooter,Suburban,Thursday,39.1
8.05,4.6,4.4,3,17.8,Rain,High,Evening,Bike,Urban,Tuesday,62.1
6.05,3.6,3.8,5,15.3,Clear,High,Evening,Scooter,Suburban,Thursday,49.7
6.49,3.6,3.6,6,9.3,Rain,High,Evening,Scooter,Suburban,Friday,50.1
1.55,4.6,4.2,3,24.2,Clear,Low,Afternoon,Bike,Suburban,Wednesday,24.6
3.21,1.1,3.3,5,25.2,Storm,Medium,Evening,Bike,Suburban,Wednesday,52.0
1.1,7.6,4.0,4,18.0,Clear,High,Evening,Car,Suburban,Tuesday,36.1
2.43,4.3,4.4,7,23.4,Rain,High,Evening,Bike,Urban,Wednesday,50.8
1.43,0.6,4.1,3,8.5,Clear,High,Morning,Bike,Urban,Tuesday,36.2
5.32,4.8,3.6,3,19.2,Rain,Medium,Evening,Bicycle,Suburban,Saturday,51.1
6.78,0.7,4.7,3,15.6,Rain,High,Afternoon,Bike,Rural,Friday,50.7
1.45,5.8,4.2,3,16.4,Rain,Medium,Morning,Car,Urban,Wednesday,35.4
9.34,5.7,4.2,4,9.5,Cloudy,High,Evening,Bike,Rural,Sunday,67.4
4.64,1.3,4.5,6,18.7,Clear,Medium,Evening,Bike,Rural,Friday,43.9
12.81,0.8,4.1,4,33.2,Rain,Medium,Afternoon,Scooter,Urban,Tuesday,81.1
3.16,4.5,4.0,4,25.2,Cloudy,High,Evening,Bike,Suburban,Saturday,49.0
7.93,0.7,4.6,6,16.9,Cloudy,Medium,Afternoon,Car,Suburban,Saturday,42.4
1.51,2.7,3.8,2,11.2,Clear,Medium,Morning,Bike,Urban,Thursday,31.1
4.77,8.2,4.5,6,15.7,Cloudy,Medium,Afternoon,Scooter,Urban,Tuesday,32.7
5.45,2.9,3.7,4,17.5,Clear,Medium,Afternoon,Car,Urban,Saturday,45.0
1.79,5.6,3.9,5,12.1,Cloudy,High,Evening,Scooter,Suburban,Monday,27.8
6.32,7.1,4.3,6,25.6,Clear,Medium,Evening,Scooter,Urban,Wednesday,44.4
2.38,6.5,4.7,6,11.1,Clear,High,Evening,Bike,Suburban,Saturday,36.6
2.78,3.7,4.2,4,20.1,Rain,Medium,Morning,Bike,Suburban,Saturday,39.6
1.78,1.8,3.6,4,11.9,Cloudy,Low,Afternoon,Car,Suburban,Friday,27.4
6.53,7.1,4.4,5,10.7,Fog,High,Morning,Scooter,Urban,Monday,55.6
4.7,0.3,3.8,5,20.4,Clear,Medium,Evening,Scooter,Urban,Wednesday,48.7
4.5,1.0,4.4,7,27.7,Clear,Low,Afternoon,Scooter,Urban,Saturday,38.9
4.41,3.6,4.3,2,8.4,Cloudy,Low,Afternoon,Bike,Urban,Friday,25.8
4.61,8.0,3.6,4,17.0,Clear,High,Evening,Bike,Urban,Saturday,46.0
2.29,6.9,4.3,4,18.9,Rain,Medium,Evening,Bike,Urban,Monday,37.0
6.01,2.8,3.7,1,11.4,Clear,High,Afternoon,Scooter,Urban,Sunday,51.9
2.03,5.8,4.7,4,20.7,Cloudy,Medium,Afternoon,Bike,Suburban,Tuesday,28.0
4.46,3.2,3.6,4,41.9,Clear,High,Evening,Bike,Urban,Wednesday,78.5
3.47,2.4,4.1,5,21.0,Cloudy,High,Afternoon,Scooter,Urban,Saturday,52.1
2.66,4.6,3.8,5,22.5,Rain,High,Morning,Scooter,Suburban,Wednesday,46.9
3.53,2.8,4.7,5,15.1,Clear,Medium,Evening,Scooter,Urban,Friday,36.3
11.45,4.3,3.6,2,18.6,Cloudy,High,Afternoon,Car,Rural,Thursday,80.1
5.99,6.1,5.0,2,9.2,Cloudy,Medium,Afternoon,Scooter,Suburban,Saturday,25.1
4.0,5.0,4.0,5,22.3,,Medium,Morning,Bike,Urban,Tuesday,48.9
11.09,1.3,3.9,3,40.7,Clear,Medium,Afternoon,Car,Rural,Monday,91.5
2.4,2.0,4.4,5,16.5,Clear,Low,Afternoon,Scooter,Suburban,Friday,26.3
3.15,,4.1,4,11.6,Rain,Low,Afternoon,Scooter,Suburban,Saturday,25.0
5.39,5.8,3.8,5,24.2,Cloudy,High,Evening,Car,Urban,Sunday,59.4
1.52,3.7,3.9,4,11.0,Rain,Medium,Afternoon,Bike,Urban,Wednesday,29.9
14.81,2.5,4.0,3,11.5,Clear,High,Evening,Scooter,Urban,Saturday,88.1
6.47,5.7,3.9,4,14.9,Fog,Low,Night,Bike,Suburban,Wednesday,33.5
1.61,2.2,4.5,4,22.1,Clear,High,Morning,Bike,Urban,Wednesday,37.5
10.89,4.4,,1,9.5,Clear,High,Morning,Scooter,Urban,Monday,62.2
2.42,3.0,4.3,6,15.8,Cloudy,Medium,Evening,Bike,Urban,Tuesday,32.4
10.3,3.8,,4,10.6,Cloudy,Medium,Night,Bike,Urban,Tuesday,43.8
6.15,2.7,4.4,6,19.9,Cloudy,Medium,Evening,Scooter,Urban,Tuesday,43.9
1.27,5.2,,5,8.6,Clear,High,Morning,Bike,Urban,Wednesday,31.9
8.18,0.5,3.8,5,20.6,Clear,Low,Afternoon,Scooter,Rural,Saturday,43.9
1.41,1.2,4.0,7,24.4,Rain,Medium,Morning,Bike,Urban,Tuesday,44.5
3.11,2.8,4.7,2,13.5,Clear,High,Evening,Bike,Urban,Saturday,41.9
6.97,3.5,3.9,2,,Rain,Medium,Evening,Scooter,Urban,Saturday,42.7
9.49,7.4,3.9,2,20.7,Cloudy,High,Afternoon,Scooter,Urban,Thursday,67.4
1.76,6.0,4.2,7,19.3,Clear,High,Evening,Scooter,Suburban,Friday,36.2
1.57,0.9,4.1,4,12.5,Rain,High,Afternoon,Bicycle,Urban,Wednesday,48.9
11.56,3.8,3.7,4,15.3,Rain,High,Evening,Bike,Rural,Monday,82.5
7.76,3.4,3.7,5,15.4,Rain,High,Morning,Bike,Rural,Friday,70.2
6.9,0.7,4.4,4,11.1,Clear,High,Evening,Car,Suburban,Friday,56.8
5.8,4.4,3.7,2,8.4,Cloudy,High,Evening,Scooter,Suburban,Thursday,42.2
4.05,3.9,4.5,8,24.4,Fog,Medium,Evening,Bicycle,Urban,Sunday,59.1
6.73,6.1,4.0,5,21.9,Cloudy,Medium,Afternoon,Scooter,Urban,Friday,41.8
6.59,3.6,3.3,3,14.0,Clear,Medium,Evening,Car,Urban,Thursday,50.6
1.94,1.8,4.4,4,21.0,Clear,High,Evening,Bike,Suburban,Monday,41.5
1.53,3.6,4.5,3,12.4,Rain,High,Morning,Bike,Urban,Sunday,39.0
3.72,1.3,4.4,3,15.8,Rain,High,Morning,Scooter,Urban,Sunday,55.2
6.83,2.8,4.0,1,19.1,Fog,Medium,Evening,Scooter,Urban,Friday,58.9
1.86,1.6,4.0,1,8.2,Fog,Medium,Afternoon,Car,Suburban,Saturday,33.9
1.61,7.2,4.0,4,16.5,Clear,High,Morning,Bicycle,Suburban,Thursday,40.1
1.68,3.1,3.9,5,16.0,Cloudy,High,Morning,Bike,Urban,Tuesday,37.7
2.83,1.6,4.3,6,19.9,Clear,High,Morning,Scooter,Urban,Sunday,48.2
0.5,8.5,4.1,3,9.3,Clear,Medium,Afternoon,Car,Urban,Friday,24.8
2.08,3.3,4.0,3,,Clear,High,Evening,Car,Suburban,Thursday,41.9
5.21,1.9,3.9,3,25.2,Fog,Medium,Morning,Car,Urban,Friday,56.0
6.81,2.5,4.2,7,29.7,Clear,High,Evening,Scooter,Urban,Thursday,64.7
12.86,5.4,4.6,2,18.1,Cloudy,Low,Afternoon,Bicycle,Suburban,Monday,59.6
3.61,4.5,4.2,4,29.1,Clear,Medium,Afternoon,Bike,Suburban,Friday,37.9
2.52,3.8,3.6,7,19.4,Clear,High,Morning,Bike,Suburban,Monday,44.3
11.2,1.2,4.1,5,11.2,Cloudy,Medium,Evening,Bike,Suburban,Tuesday,53.4
10.26,,4.3,3,18.5,Clear,High,Night,,Rural,Tuesday,70.5
,5.9,4.4,6,9.9,Clear,Low,Afternoon,Car,Urban,Wednesday,24.3
8.36,11.0,4.3,6,11.0,Cloudy,High,Morning,Scooter,Urban,Sunday,55.1
6.98,3.1,4.2,6,33.7,Rain,Medium,Afternoon,Scooter,Rural,Monday,66.4
4.13,3.3,5.0,5,17.6,Rain,Medium,Morning,Bike,Urban,Wednesday,39.5
1.41,0.4,3.7,4,17.7,Rain,High,Evening,Scooter,Suburban,Saturday,48.5
0.78,2.8,4.7,5,17.6,Clear,High,Morning,Bike,Urban,Saturday,41.8
1.95,0.8,4.4,7,12.2,Clear,High,Night,Scooter,Urban,Saturday,31.5
9.93,2.6,5.0,1,9.6,Clear,High,Evening,Bike,Urban,Sunday,63.4
1.03,6.7,3.6,4,19.8,Storm,Medium,Afternoon,Scooter,Suburban,Friday,37.1
2.82,4.4,4.7,3,9.7,Clear,Medium,Evening,Scooter,Suburban,Saturday,24.6
6.41,7.1,4.8,3,9.4,Clear,High,Morning,Scooter,Urban,Thursday,42.7
2.05,5.6,4.1,3,22.1,Fog,High,Evening,Scooter,Urban,Wednesday,58.3
12.73,2.8,3.8,3,11.4,Fog,Medium,Morning,Bicycle,Urban,Thursday,73.6
3.81,,5.0,4,8.1,Clear,Medium,Evening,Car,Urban,Saturday,35.9
0.93,5.8,3.8,1,7.0,Rain,Low,Afternoon,Bike,Urban,Friday,20.7
5.47,3.1,4.5,2,7.1,Clear,Medium,Morning,Bike,Rural,Saturday,42.8
1.0,6.4,4.7,3,5.0,Cloudy,High,Evening,Bike,Urban,Friday,27.6
2.12,4.0,4.1,4,14.0,Cloudy,High,Morning,Bike,Urban,Saturday,44.3
3.11,4.5,4.1,5,13.9,Storm,Medium,Morning,Bike,Urban,Tuesday,37.8
6.5,5.5,4.8,1,8.6,Clear,High,Evening,Car,Urban,Wednesday,43.8
14.38,,4.0,4,9.6,Rain,High,Afternoon,Bicycle,Urban,Friday,94.7
3.19,3.0,3.9,4,39.0,Clear,Medium,Evening,Bike,Suburban,Monday,59.4
5.84,3.1,3.1,7,12.4,Cloudy,High,Evening,Car,Suburban,Sunday,53.6
3.52,5.4,4.6,2,17.1,Cloudy,High,Evening,Car,Suburban,Tuesday,45.3
1.84,1.9,4.0,4,22.4,Rain,Medium,Afternoon,Bike,Urban,Monday,33.3
2.34,5.1,4.4,3,11.5,Fog,High,Morning,Car,Suburban,Friday,46.5
15.92,5.7,4.1,7,15.9,Rain,High,Night,Bicycle,Rural,Tuesday,108.1
2.7,11.9,4.7,3,22.4,Rain,Low,Morning,Bicycle,Suburban,Friday,40.5
12.7,5.0,4.7,5,12.0,Clear,Medium,Afternoon,Car,Rural,Tuesday,53.9
4.04,,3.8,5,12.6,Storm,Medium,Afternoon,Bike,Urban,Tuesday,40.7
10.73,2.7,4.0,6,17.0,Cloudy,High,Afternoon,Bike,Rural,Saturday,76.8
8.17,2.5,4.4,5,19.0,Clear,High,Evening,Bicycle,Suburban,Wednesday,69.6
4.51,3.3,4.7,8,24.9,Cloudy,High,Evening,Bike,Suburban,Friday,58.1
0.5,2.2,4.2,5,18.9,Clear,High,Evening,Scooter,Suburban,Tuesday,35.4
8.42,5.1,4.2,5,16.2,Cloudy,Medium,Evening,Bike,Rural,Thursday,55.4
4.26,1.8,4.3,2,22.0,Clear,High,Afternoon,Scooter,Urban,Thursday,47.1
4.61,1.7,3.8,2,7.7,Clear,Medium,Afternoon,Bike,Suburban,Monday,27.5
4.53,1.6,4.0,4,13.5,Fog,Medium,Morning,Car,Suburban,Friday,44.0
3.61,4.5,4.1,3,13.6,Fog,High,Evening,Scooter,Suburban,Thursday,53.3
4.16,1.7,4.5,2,14.3,Cloudy,High,Afternoon,Bike,Suburban,Sunday,39.4
8.68,1.7,4.8,6,37.0,Storm,High,Evening,Bike,Urban,Saturday,107.5
2.91,1.7,3.8,3,16.5,Clear,High,Morning,Scooter,Urban,Friday,42.3
3.62,0.4,,3,25.5,Clear,High,Evening,Car,Urban,Monday,55.9
7.01,2.4,4.2,5,17.3,Fog,High,Evening,Car,Suburban,Saturday,74.1
7.2,5.2,4.0,5,12.6,Cloudy,High,Evening,Car,Suburban,Thursday,53.4
1.5,4.8,3.8,8,26.8,Rain,High,Morning,Scooter,Suburban,Saturday,49.8
,4.9,4.2,2,19.3,Clear,High,Night,Car,Suburban,Friday,37.7
6.23,5.6,3.9,5,18.8,Clear,Medium,Afternoon,Scooter,Suburban,Monday,36.2
5.09,5.2,4.3,3,20.5,Clear,High,Afternoon,Scooter,Urban,Saturday,47.3
3.86,2.7,3.8,2,12.0,Storm,Medium,Afternoon,Scooter,Suburban,Saturday,35.0
13.38,5.3,3.7,4,22.4,Clear,Low,Afternoon,Bike,Rural,Monday,55.8
3.3,1.5,4.6,4,11.6,Cloudy,,Evening,Scooter,Suburban,Friday,31.7
9.72,3.7,4.2,8,18.5,Clear,High,Morning,Scooter,Rural,Thursday,77.0
5.83,1.6,4.2,3,7.7,Cloudy,Medium,Afternoon,Bike,Rural,Friday,27.1
2.11,2.2,4.0,6,22.1,Clear,Medium,Evening,Car,Urban,Sunday,45.7
3.23,7.5,4.4,4,21.1,Rain,Medium,Evening,Bike,Suburban,Tuesday,41.3
1.06,2.7,4.1,4,23.2,Cloudy,High,Evening,Scooter,Urban,Monday,44.1
1.98,2.2,4.4,4,11.3,Clear,High,Evening,Car,Urban,Tuesday,37.0
3.76,6.1,4.0,2,17.4,Clear,Medium,Morning,Bike,Urban,Sunday,40.4
5.05,2.1,3.7,4,32.1,Clear,High,Evening,Bike,Urban,Tuesday,66.7
8.06,4.7,3.9,6,26.5,Rain,High,Morning,Scooter,Urban,Friday,70.8
3.61,4.0,4.3,7,20.0,Rain,Medium,Afternoon,Bike,Suburban,Saturday,42.2
2.07,3.2,3.8,5,8.7,Clear,High,Morning,Bike,Urban,Saturday,38.4
1.42,1.9,4.8,5,27.4,Cloudy,High,Evening,Car,Urban,Monday,55.6
7.67,8.8,3.6,5,19.4,Clear,Low,Afternoon,Bike,Urban,Monday,38.3
4.29,2.2,4.1,6,25.0,Fog,High,Evening,Scooter,Urban,Sunday,73.2
3.49,7.8,4.6,4,13.1,Storm,Medium,Afternoon,Bike,Suburban,Thursday,41.5
4.38,4.9,4.3,3,10.6,Rain,Low,Afternoon,Bike,Urban,Monday,27.7
6.67,6.0,4.0,4,29.2,Clear,High,Afternoon,Bike,Urban,Monday,64.9
14.8,3.9,4.6,5,21.5,Clear,High,Morning,Bicycle,Rural,Saturday,105.3
1.24,9.0,3.8,4,15.6,Storm,Medium,Afternoon,Scooter,Suburban,Sunday,30.0
3.29,10.5,4.0,3,16.5,Clear,Medium,Evening,Bike,Suburban,Thursday,28.6
6.29,3.0,3.5,2,21.7,Cloudy,High,Afternoon,Bike,Suburban,Wednesday,59.3
1.33,2.2,4.5,3,7.4,Fog,Medium,Morning,Scooter,Urban,Friday,31.6
11.88,3.7,4.4,6,18.6,Rain,Medium,Evening,Scooter,Suburban,Monday,58.7
3.26,2.9,4.4,4,18.3,Cloudy,High,Afternoon,Bike,Urban,Sunday,48.2
12.95,7.0,4.2,3,11.1,Cloudy,High,Morning,Bike,Urban,Tuesday,73.7
1.16,5.1,4.2,6,12.6,Fog,High,Morning,Scooter,Urban,Tuesday,45.0
7.49,1.4,4.2,6,11.4,Clear,Medium,Afternoon,Scooter,Suburban,Wednesday,36.3
2.33,1.4,4.3,1,25.2,Fog,Low,Afternoon,Car,Urban,Monday,42.4
3.93,4.1,4.2,7,19.0,Clear,High,Evening,Scooter,Urban,Wednesday,47.2
5.84,7.0,3.8,6,10.4,Rain,High,Afternoon,Scooter,Urban,Friday,41.5
7.1,2.0,3.3,6,17.8,Fog,High,Evening,Scooter,Suburban,Thursday,70.7
5.24,4.8,4.9,5,19.4,Cloudy,Medium,Afternoon,Scooter,Urban,Friday,36.8
3.79,5.6,3.9,5,10.9,Clear,High,Evening,Scooter,Urban,Tuesday,36.6
4.32,5.0,4.1,5,29.5,Clear,High,Evening,Bike,Urban,Wednesday,54.8
17.61,1.2,4.6,2,7.7,Rain,High,Afternoon,Bicycle,Suburban,Thursday,107.2
7.86,2.6,4.3,6,11.6,Cloudy,Medium,Morning,Bike,Urban,Friday,39.2
4.29,2.6,3.6,3,30.8,Clear,High,Afternoon,Scooter,Rural,Tuesday,56.5
4.26,5.6,3.7,7,16.0,Rain,High,Night,Scooter,Urban,Saturday,46.6
5.44,2.4,4.5,4,30.7,Fog,Low,Night,Car,Urban,Monday,58.5
0.5,1.4,4.4,4,22.0,Fog,Medium,Morning,Bike,Urban,Monday,45.1
8.48,5.4,4.0,6,11.8,Cloudy,High,Evening,,Urban,Tuesday,59.3
1.97,1.8,4.1,3,13.4,Storm,High,Afternoon,Bike,Urban,Friday,52.1
2.49,0.9,,9,27.6,Rain,High,Morning,Bike,Urban,Monday,60.1
6.31,2.6,4.2,3,20.4,Clear,Medium,Evening,Car,Rural,Monday,55.5
7.54,1.0,4.3,6,16.4,Storm,High,Afternoon,Bike,Urban,Thursday,74.4
6.04,0.7,4.0,4,20.5,Cloudy,Medium,Afternoon,Scooter,Urban,Wednesday,44.9
7.8,0.4,4.4,1,6.1,Fog,High,Evening,Scooter,Urban,Tuesday,65.0
10.11,4.6,4.4,3,14.5,Rain,High,Afternoon,Bicycle,Urban,Friday,82.0
4.66,3.5,4.5,7,31.2,Cloudy,High,Evening,Car,Urban,Friday,64.2
2.77,,4.4,3,13.9,Clear,Medium,Afternoon,Bike,Urban,Monday,23.5
4.72,2.3,4.4,6,17.4,Clear,Medium,Morning,Car,Urban,Tuesday,37.5
2.48,8.3,4.0,5,25.3,Clear,High,Afternoon,Bike,Urban,Wednesday,45.9
11.12,4.8,4.1,7,17.2,Rain,Medium,Night,Scooter,Rural,Sunday,59.3
8.67,2.4,3.8,3,10.8,Rain,,Afternoon,Car,Suburban,Saturday,66.4
5.97,1.5,4.2,4,7.7,Clear,High,Morning,Scooter,Rural,Wednesday,47.4
4.74,4.1,3.8,2,39.5,Clear,High,Evening,Scooter,Urban,Sunday,74.1
3.73,1.7,4.3,7,32.5,Cloudy,Medium,Night,Car,Suburban,Thursday,52.7
3.92,4.0,4.6,5,28.1,Clear,Low,Night,Scooter,Urban,Wednesday,33.9
7.44,1.7,4.1,5,13.9,Clear,Medium,Evening,Bicycle,Urban,Sunday,54.8
5.5,1.3,3.9,1,29.9,Clear,Medium,Afternoon,Bike,Suburban,Saturday,53.6
3.3,0.7,4.3,8,31.8,Cloudy,Medium,Evening,Bike,Urban,Thursday,51.8
3.6,3.8,4.5,4,10.6,Cloudy,High,Evening,Car,Urban,Friday,44.0
4.3,3.3,3.9,3,28.0,Rain,Medium,Evening,Bike,Suburban,Sunday,46.3
4.11,1.3,4.2,5,8.8,Clear,High,Evening,Scooter,Suburban,Tuesday,38.7
7.45,9.8,5.0,5,35.8,Rain,High,Afternoon,Bike,Urban,Monday,80.2
0.87,5.9,,3,8.0,Clear,High,Afternoon,Scooter,Urban,Monday,25.7
1.26,4.0,4.1,5,40.5,Cloudy,Medium,Afternoon,Car,Urban,Friday,59.9
0.9,5.6,4.2,5,15.8,Cloudy,High,Afternoon,Bike,Urban,Tuesday,33.2
11.13,2.6,4.2,3,10.7,Rain,Low,Afternoon,Bike,Urban,Thursday,45.7
1.88,4.6,4.1,5,14.9,Cloudy,High,Evening,Car,Urban,Wednesday,43.0
5.65,7.9,3.8,2,6.0,Clear,Medium,Evening,,Urban,Tuesday,28.7
11.53,1.7,3.3,6,21.6,Rain,High,Afternoon,Car,Urban,Saturday,87.1
2.2,5.1,3.4,3,9.4,Cloudy,High,Evening,Bike,Suburban,Thursday,35.5
8.93,4.8,4.1,7,22.9,Clear,Medium,Afternoon,Scooter,Urban,Tuesday,46.8
4.68,6.4,3.3,1,21.1,Cloudy,Medium,Evening,Bike,Rural,Friday,49.5
8.02,4.2,4.6,4,13.3,Clear,Medium,Evening,Car,Suburban,Saturday,46.8
2.87,6.6,3.9,5,,Cloudy,High,Morning,Car,Urban,Tuesday,42.7
2.11,2.6,5.0,3,17.8,Clear,High,Evening,Car,Urban,Sunday,44.9
9.78,11.8,4.3,4,,Cloudy,Medium,Morning,Scooter,Suburban,Sunday,70.6
15.42,1.8,4.9,4,20.7,Clear,High,Evening,Bike,Urban,Friday,92.0
5.64,4.6,,4,12.5,Clear,High,Evening,Scooter,Urban,Monday,48.5
1.15,1.4,4.1,7,20.2,Cloudy,High,Evening,Bike,Urban,Tuesday,44.7
9.73,9.6,4.7,6,12.2,Rain,Low,Night,Bike,Suburban,Tuesday,32.4
8.16,0.5,3.5,7,28.6,Storm,High,Evening,Scooter,Urban,Friday,96.1
2.71,5.5,4.7,5,13.1,Rain,Low,Afternoon,Bike,Suburban,Monday,27.3
8.56,3.8,4.4,9,20.6,Storm,Medium,Evening,Bike,Urban,Sunday,63.5
6.94,4.4,4.7,4,11.7,Storm,Low,Evening,,Rural,Thursday,52.9
0.66,4.8,4.3,3,34.5,Clear,Medium,Morning,Bike,Urban,Tuesday,45.5
2.6,1.0,4.1,2,16.2,Clear,Medium,Evening,Scooter,Urban,Saturday,38.6
3.17,2.4,3.3,5,11.7,Rain,High,Afternoon,Scooter,Urban,Friday,41.0
4.89,2.4,3.6,5,22.0,Clear,Medium,Afternoon,Scooter,Urban,Monday,36.5
8.61,2.5,4.1,4,27.8,Clear,Medium,Morning,Scooter,Rural,Tuesday,62.1
1.3,3.6,4.2,5,28.4,Clear,Medium,Evening,Scooter,Urban,Tuesday,43.2
2.25,6.3,3.9,8,14.9,Cloudy,Medium,Afternoon,Scooter,Suburban,Friday,30.4
